comment_id,ticket_id,agent_id,created_at,visibility,team,body
1,1,8,2024-01-01 07:51:48.512407,public,business-apps,Issue now limited to users on macOS Sonoma.
2,1,8,2024-01-01 15:37:09.392051,public,business-apps,Issue now limited to users on macOS Sonoma.
3,1,8,2024-01-02 01:44:23.067300,internal,business-apps,Confirmed issue reproducible on spare device.
4,1,8,2024-01-02 19:26:32.801904,public,business-apps,MFA re-registration completed successfully.
5,2,5,2024-01-01 14:31:12.901622,public,tier-2,Monitor issue persisted after cable swap.
6,2,5,2024-01-01 23:16:19.335913,public,tier-2,Security review requested before granting exception.
7,2,5,2024-01-02 03:35:32.078989,internal,tier-2,Queue backlog high due to concurrent outage tickets.
8,3,2,2024-01-01 12:07:50.906620,public,tier-1,User verified access restored after role sync.
9,4,10,2024-01-02 00:34:57.089486,internal,collaboration,Security review requested before granting exception.
10,5,2,2024-01-01 20:14:38.385794,public,tier-1,Customer contacted and asked to retry after cache clear.
11,5,2,2024-01-01 22:52:21.031132,public,tier-1,Confirmed issue reproducible on spare device.
12,6,1,2024-01-01 16:29:02.138614,public,tier-1,Closing after three business days without reply.
13,7,4,2024-01-02 05:45:18.056710,internal,tier-2,Reopened because problem recurred after overnight reboot.
14,8,2,2024-01-01 17:40:46.088977,internal,tier-1,Device shipped to depot for motherboard replacement.
15,9,6,2024-01-02 00:12:43.369825,public,identity,Applied GPO update and forced policy refresh.
16,10,5,2024-01-01 22:37:37.906137,public,tier-2,Closing after three business days without reply.
17,11,10,2024-01-02 10:07:54.987425,public,collaboration,Confirmed issue reproducible on spare device.
18,11,10,2024-01-02 12:48:01.130963,public,collaboration,Found stale token in local credential manager.
19,12,2,2024-01-02 07:43:57.672038,public,tier-1,Temporary workaround provided pending vendor response.
20,13,3,2024-01-02 10:55:49.554769,internal,tier-1,Found stale token in local credential manager.
21,13,3,2024-01-03 02:16:38.079998,public,tier-1,Reset print spooler and reinstalled queue.
22,13,3,2024-01-03 05:22:35.427613,internal,tier-1,Vendor status page confirms partial service disruption.
23,14,7,2024-01-02 22:17:50.259390,public,network,Phone call completed with warehouse supervisor.
24,15,7,2024-01-03 00:03:38.720476,public,network,User verified access restored after role sync.
25,16,4,2024-01-03 07:40:41.343468,public,tier-2,User verified access restored after role sync.
26,16,4,2024-01-04 00:32:15.878414,public,tier-2,Confirmed issue reproducible on spare device.
27,16,4,2024-01-04 05:53:03.184930,public,tier-2,Awaiting screenshot and exact error timestamp from requester.
28,17,10,2024-01-03 00:10:37.590240,public,collaboration,Assigned specialist for ERP module permissions.
29,18,9,2024-01-03 05:20:06.946061,public,security,Temporary workaround provided pending vendor response.
30,18,9,2024-01-03 20:58:09.470791,public,security,Closing after three business days without reply.
31,18,9,2024-01-04 01:54:08.705300,public,security,Assigned specialist for ERP module permissions.
32,18,9,2024-01-04 15:43:44.188465,public,security,Closing after three business days without reply.
33,18,9,2024-01-05 07:08:30.516401,public,security,Applied GPO update and forced policy refresh.
34,19,7,2024-01-03 14:23:41.477414,public,network,Issue now limited to users on macOS Sonoma.
35,20,8,2024-01-03 07:04:53.068644,public,business-apps,Customer contacted and asked to retry after cache clear.
36,21,6,2024-01-03 07:14:52.729035,internal,identity,Closing after three business days without reply.
37,21,6,2024-01-03 14:30:30.746865,internal,identity,Device shipped to depot for motherboard replacement.
38,22,5,2024-01-03 13:16:04.148724,internal,tier-2,Vendor status page confirms partial service disruption.
39,22,5,2024-01-04 01:10:03.436390,internal,tier-2,Phone call completed with warehouse supervisor.
40,22,5,2024-01-04 03:35:01.581752,public,tier-2,Reset print spooler and reinstalled queue.
41,23,6,2024-01-03 14:56:01.904321,public,identity,Found stale token in local credential manager.
42,23,6,2024-01-04 06:31:16.624405,public,identity,Escalated to Tier 2 because issue impacts executive workflow.
43,23,6,2024-01-04 11:41:22.627939,internal,identity,Reset print spooler and reinstalled queue.
44,24,9,2024-01-03 18:52:55.202138,public,security,Service restored; monitoring for repeat failures.
45,25,1,2024-01-03 15:22:26.780810,public,tier-1,Security review requested before granting exception.
46,26,2,2024-01-03 13:28:28.883684,public,tier-1,Queue backlog high due to concurrent outage tickets.
47,27,5,2024-01-03 14:49:57.178479,public,tier-2,Confirmed issue reproducible on spare device.
48,27,5,2024-01-03 23:29:11.116219,public,tier-2,Monitor issue persisted after cable swap.
49,27,5,2024-01-04 06:23:35.188813,internal,tier-2,Closing after three business days without reply.
50,27,5,2024-01-04 13:09:32.375018,internal,tier-2,Queue backlog high due to concurrent outage tickets.
51,28,6,2024-01-04 01:09:03.485835,internal,identity,Security review requested before granting exception.
52,28,6,2024-01-04 13:59:18.227867,public,identity,Assigned specialist for ERP module permissions.
53,28,6,2024-01-04 19:04:04.511533,public,identity,MFA re-registration completed successfully.
54,29,2,2024-01-03 21:53:48.622822,public,tier-1,MFA re-registration completed successfully.
55,29,2,2024-01-04 09:57:02.001463,public,tier-1,Vendor status page confirms partial service disruption.
56,30,7,2024-01-04 05:04:36.769481,public,network,User reports workaround acceptable until maintenance window.
57,31,1,2024-01-04 01:47:51.972952,public,tier-1,Found stale token in local credential manager.
58,31,1,2024-01-04 16:14:14.003098,public,tier-1,Assigned specialist for ERP module permissions.
59,32,3,2024-01-04 10:02:46.040299,public,tier-1,Customer contacted and asked to retry after cache clear.
60,32,3,2024-01-04 21:27:46.643287,public,tier-1,User reports workaround acceptable until maintenance window.
61,33,5,2024-01-04 04:11:27.648619,internal,tier-2,Network team reviewing firewall and VPN telemetry.
62,34,1,2024-01-04 09:08:59.828207,public,tier-1,Network team reviewing firewall and VPN telemetry.
63,34,1,2024-01-04 14:38:42.457683,public,tier-1,Phone call completed with warehouse supervisor.
64,34,1,2024-01-04 15:06:44.654075,internal,tier-1,Security review requested before granting exception.
65,35,7,2024-01-04 05:03:26.125018,public,network,Temporary workaround provided pending vendor response.
66,35,7,2024-01-04 13:19:55.105139,public,network,Linked to active parent incident to reduce duplicate handling.
67,35,7,2024-01-05 00:42:25.264389,internal,network,Network team reviewing firewall and VPN telemetry.
68,35,7,2024-01-05 03:29:08.290960,public,network,Reset print spooler and reinstalled queue.
69,35,7,2024-01-05 05:05:41.677590,internal,network,Reset print spooler and reinstalled queue.
70,36,6,2024-01-04 00:55:15.403942,public,identity,Issue now limited to users on macOS Sonoma.
71,36,6,2024-01-04 06:14:42.541706,public,identity,User reports workaround acceptable until maintenance window.
72,36,6,2024-01-04 09:32:19.896805,public,identity,Linked to active parent incident to reduce duplicate handling.
73,37,6,2024-01-04 02:09:34.961740,internal,identity,Vendor status page confirms partial service disruption.
74,38,6,2024-01-04 16:13:23.215168,public,identity,Assigned specialist for ERP module permissions.
75,39,7,2024-01-04 18:44:19.129473,internal,network,Temporary workaround provided pending vendor response.
76,39,7,2024-01-04 20:53:46.819304,public,network,User verified access restored after role sync.
77,40,7,2024-01-04 13:06:43.874143,public,network,Vendor status page confirms partial service disruption.
78,40,7,2024-01-05 03:55:18.978690,internal,network,Confirmed issue reproducible on spare device.
79,40,7,2024-01-05 09:30:33.064556,public,network,Reset print spooler and reinstalled queue.
80,41,7,2024-01-04 23:20:15.722162,public,network,Queue backlog high due to concurrent outage tickets.
81,41,7,2024-01-05 12:45:14.304119,public,network,User reports workaround acceptable until maintenance window.
82,41,7,2024-01-05 23:21:33.263810,internal,network,Found stale token in local credential manager.
83,42,3,2024-01-04 22:57:14.364871,public,tier-1,MFA re-registration completed successfully.
84,42,3,2024-01-05 09:05:29.698152,public,tier-1,Vendor status page confirms partial service disruption.
85,42,3,2024-01-06 02:26:30.637448,public,tier-1,Confirmed issue reproducible on spare device.
86,43,7,2024-01-04 11:58:29.173042,public,network,Confirmed issue reproducible on spare device.
87,43,7,2024-01-04 20:32:35.981909,internal,network,Applied GPO update and forced policy refresh.
88,44,2,2024-01-04 23:32:54.955062,public,tier-1,Monitor issue persisted after cable swap.
89,44,2,2024-01-05 09:57:03.306084,public,tier-1,Reset print spooler and reinstalled queue.
90,45,1,2024-01-05 06:42:09.868981,public,tier-1,Service restored; monitoring for repeat failures.
91,45,1,2024-01-05 20:30:28.356091,public,tier-1,Network team reviewing firewall and VPN telemetry.
92,45,1,2024-01-06 00:53:16.508265,public,tier-1,User verified access restored after role sync.
93,46,10,2024-01-04 19:40:20.302863,public,collaboration,Reset print spooler and reinstalled queue.
94,46,10,2024-01-05 05:59:36.179263,public,collaboration,Security review requested before granting exception.
95,46,10,2024-01-05 08:06:46.779968,internal,collaboration,Monitor issue persisted after cable swap.
96,47,2,2024-01-05 09:09:35.207450,public,tier-1,Temporary workaround provided pending vendor response.
97,47,2,2024-01-05 23:17:42.176439,public,tier-1,Awaiting screenshot and exact error timestamp from requester.
98,48,2,2024-01-04 23:55:10.241921,internal,tier-1,Security review requested before granting exception.
99,48,2,2024-01-05 07:15:30.352553,internal,tier-1,Queue backlog high due to concurrent outage tickets.
100,49,4,2024-01-05 07:10:20.623810,public,tier-2,Device shipped to depot for motherboard replacement.
101,49,4,2024-01-05 14:56:45.286407,public,tier-2,Device shipped to depot for motherboard replacement.
102,49,4,2024-01-06 07:18:32.052026,public,tier-2,Service restored; monitoring for repeat failures.
103,50,10,2024-01-04 20:27:31.577911,public,collaboration,Vendor status page confirms partial service disruption.
104,50,10,2024-01-05 10:27:41.712059,internal,collaboration,Closing after three business days without reply.
105,51,9,2024-01-04 23:10:19.000002,public,security,Reset print spooler and reinstalled queue.
106,52,8,2024-01-05 14:29:44.578852,public,business-apps,User verified access restored after role sync.
107,53,2,2024-01-04 23:18:04.135053,internal,tier-1,Reopened because problem recurred after overnight reboot.
108,53,2,2024-01-05 12:24:29.160762,public,tier-1,Phone call completed with warehouse supervisor.
109,53,2,2024-01-05 17:00:30.189662,internal,tier-1,Monitor issue persisted after cable swap.
110,54,7,2024-01-05 04:30:27.759372,public,network,Reset print spooler and reinstalled queue.
111,55,9,2024-01-05 09:16:13.351193,internal,security,Linked to active parent incident to reduce duplicate handling.
112,55,9,2024-01-05 12:57:08.397537,internal,security,Linked to active parent incident to reduce duplicate handling.
113,55,9,2024-01-06 02:59:27.085770,internal,security,Customer contacted and asked to retry after cache clear.
114,56,4,2024-01-05 13:27:29.992466,public,tier-2,MFA re-registration completed successfully.
115,56,4,2024-01-06 02:58:57.792423,public,tier-2,Temporary workaround provided pending vendor response.
116,56,4,2024-01-06 13:16:20.120307,internal,tier-2,Service restored; monitoring for repeat failures.
117,57,3,2024-01-05 10:56:42.835350,internal,tier-1,Service restored; monitoring for repeat failures.
118,57,3,2024-01-06 01:49:49.624581,public,tier-1,Customer contacted and asked to retry after cache clear.
119,57,3,2024-01-06 02:29:16.051040,public,tier-1,Applied GPO update and forced policy refresh.
120,58,9,2024-01-05 15:18:17.269918,public,security,Device shipped to depot for motherboard replacement.
121,58,9,2024-01-06 05:11:10.326255,public,security,Awaiting screenshot and exact error timestamp from requester.
122,59,2,2024-01-05 16:42:12.591016,public,tier-1,Security review requested before granting exception.
123,59,2,2024-01-06 03:47:47.631419,public,tier-1,Reopened because problem recurred after overnight reboot.
124,59,2,2024-01-06 16:15:11.034541,public,tier-1,Temporary workaround provided pending vendor response.
125,59,2,2024-01-07 03:41:13.455091,public,tier-1,Phone call completed with warehouse supervisor.
126,60,10,2024-01-05 06:22:54.364488,public,collaboration,Queue backlog high due to concurrent outage tickets.
127,60,10,2024-01-05 22:58:02.102695,internal,collaboration,Found stale token in local credential manager.
128,60,10,2024-01-06 13:07:49.784702,public,collaboration,Monitor issue persisted after cable swap.
129,61,5,2024-01-05 05:48:03.230148,public,tier-2,Vendor status page confirms partial service disruption.
130,62,8,2024-01-05 11:02:36.409130,public,business-apps,Closing after three business days without reply.
131,62,8,2024-01-05 16:55:20.824308,public,business-apps,Security review requested before granting exception.
132,62,8,2024-01-05 19:20:06.095293,internal,business-apps,Escalated to Tier 2 because issue impacts executive workflow.
133,63,4,2024-01-05 14:03:21.988253,internal,tier-2,Awaiting screenshot and exact error timestamp from requester.
134,63,4,2024-01-06 05:54:01.435812,public,tier-2,Device shipped to depot for motherboard replacement.
135,64,8,2024-01-05 08:26:56.184704,internal,business-apps,Found stale token in local credential manager.
136,65,10,2024-01-05 11:44:22.723323,internal,collaboration,Network team reviewing firewall and VPN telemetry.
137,66,5,2024-01-05 06:39:17.723401,internal,tier-2,Reopened because problem recurred after overnight reboot.
138,66,5,2024-01-05 21:38:29.692924,public,tier-2,Customer contacted and asked to retry after cache clear.
139,66,5,2024-01-06 05:30:21.696972,public,tier-2,Assigned specialist for ERP module permissions.
140,67,3,2024-01-05 18:44:18.349858,internal,tier-1,Applied GPO update and forced policy refresh.
141,67,3,2024-01-05 19:13:46.139021,public,tier-1,Queue backlog high due to concurrent outage tickets.
142,68,1,2024-01-05 07:54:01.355290,public,tier-1,Awaiting screenshot and exact error timestamp from requester.
143,68,1,2024-01-06 01:44:08.653642,internal,tier-1,Assigned specialist for ERP module permissions.
144,68,1,2024-01-06 13:12:54.862823,internal,tier-1,Issue now limited to users on macOS Sonoma.
145,68,1,2024-01-06 15:39:16.047389,internal,tier-1,Security review requested before granting exception.
146,68,1,2024-01-06 20:35:24.278792,public,tier-1,Closing after three business days without reply.
147,68,1,2024-01-06 22:55:47.885524,public,tier-1,Issue now limited to users on macOS Sonoma.
148,69,10,2024-01-05 21:39:22.975975,internal,collaboration,Awaiting screenshot and exact error timestamp from requester.
149,69,10,2024-01-06 08:05:53.881580,public,collaboration,Linked to active parent incident to reduce duplicate handling.
150,69,10,2024-01-06 17:40:44.746674,public,collaboration,Device shipped to depot for motherboard replacement.
151,70,10,2024-01-06 05:11:17.484106,public,collaboration,User verified access restored after role sync.
152,70,10,2024-01-06 09:28:05.604281,public,collaboration,Vendor status page confirms partial service disruption.
153,70,10,2024-01-06 18:12:26.787592,public,collaboration,Reopened because problem recurred after overnight reboot.
154,71,7,2024-01-06 03:23:26.223914,public,network,User verified access restored after role sync.
155,71,7,2024-01-06 18:53:28.858531,public,network,Security review requested before granting exception.
156,71,7,2024-01-06 23:53:51.283322,public,network,Reset print spooler and reinstalled queue.
157,72,1,2024-01-05 20:04:24.459907,public,tier-1,User verified access restored after role sync.
158,72,1,2024-01-05 23:14:21.400598,public,tier-1,Network team reviewing firewall and VPN telemetry.
159,72,1,2024-01-06 01:09:20.805875,public,tier-1,Awaiting screenshot and exact error timestamp from requester.
160,73,9,2024-01-06 00:17:17.909980,public,security,MFA re-registration completed successfully.
161,74,5,2024-01-06 03:32:00.763559,internal,tier-2,Issue now limited to users on macOS Sonoma.
162,74,5,2024-01-06 15:28:06.192337,public,tier-2,User verified access restored after role sync.
163,74,5,2024-01-06 18:46:59.214873,public,tier-2,Vendor status page confirms partial service disruption.
164,75,3,2024-01-06 02:53:39.162320,public,tier-1,Temporary workaround provided pending vendor response.
165,76,4,2024-01-06 07:00:54.134320,public,tier-2,Escalated to Tier 2 because issue impacts executive workflow.
166,76,4,2024-01-06 22:09:52.897433,internal,tier-2,Issue now limited to users on macOS Sonoma.
167,77,10,2024-01-06 02:08:43.151090,public,collaboration,Linked to active parent incident to reduce duplicate handling.
168,78,8,2024-01-06 13:37:01.224639,public,business-apps,Reset print spooler and reinstalled queue.
169,79,6,2024-01-06 11:07:09.416750,public,identity,Network team reviewing firewall and VPN telemetry.
170,79,6,2024-01-06 23:42:14.225489,internal,identity,MFA re-registration completed successfully.
171,79,6,2024-01-07 03:09:37.783474,public,identity,User verified access restored after role sync.
172,80,8,2024-01-06 05:47:38.202403,internal,business-apps,Confirmed issue reproducible on spare device.
173,80,8,2024-01-06 15:41:39.480855,public,business-apps,MFA re-registration completed successfully.
174,80,8,2024-01-07 02:49:43.971020,public,business-apps,Phone call completed with warehouse supervisor.
175,81,9,2024-01-06 15:46:06.441406,public,security,Monitor issue persisted after cable swap.
176,81,9,2024-01-06 19:43:37.751866,public,security,Awaiting screenshot and exact error timestamp from requester.
177,81,9,2024-01-07 05:19:25.494762,public,security,Customer contacted and asked to retry after cache clear.
178,82,7,2024-01-06 20:34:28.742215,internal,network,User verified access restored after role sync.
179,82,7,2024-01-07 07:49:06.252736,public,network,Device shipped to depot for motherboard replacement.
180,82,7,2024-01-07 15:54:05.782591,internal,network,Linked to active parent incident to reduce duplicate handling.
181,82,7,2024-01-07 20:48:15.156219,public,network,Reset print spooler and reinstalled queue.
182,83,4,2024-01-06 23:08:05.392715,public,tier-2,Linked to active parent incident to reduce duplicate handling.
183,83,4,2024-01-07 07:59:56.365963,internal,tier-2,Awaiting screenshot and exact error timestamp from requester.
184,83,4,2024-01-07 09:49:50.319869,public,tier-2,Assigned specialist for ERP module permissions.
185,84,1,2024-01-06 18:25:51.352935,public,tier-1,Device shipped to depot for motherboard replacement.
186,84,1,2024-01-07 00:57:24.041736,public,tier-1,Monitor issue persisted after cable swap.
187,85,2,2024-01-07 03:11:19.708642,public,tier-1,Reset print spooler and reinstalled queue.
188,85,2,2024-01-07 10:45:45.278507,public,tier-1,Customer contacted and asked to retry after cache clear.
189,86,3,2024-01-07 11:06:44.859804,public,tier-1,User reports workaround acceptable until maintenance window.
190,86,3,2024-01-07 18:07:28.257234,public,tier-1,Monitor issue persisted after cable swap.
191,86,3,2024-01-08 01:27:58.305659,internal,tier-1,Security review requested before granting exception.
192,86,3,2024-01-08 14:53:32.092562,public,tier-1,Security review requested before granting exception.
193,86,3,2024-01-08 21:08:49.623864,public,tier-1,Security review requested before granting exception.
194,87,8,2024-01-07 07:37:41.323345,public,business-apps,Network team reviewing firewall and VPN telemetry.
195,88,1,2024-01-07 12:42:12.129380,public,tier-1,Linked to active parent incident to reduce duplicate handling.
196,88,1,2024-01-08 04:08:00.610977,public,tier-1,Found stale token in local credential manager.
197,88,1,2024-01-08 10:07:07.490122,public,tier-1,Device shipped to depot for motherboard replacement.
198,88,1,2024-01-09 00:37:46.879696,public,tier-1,Reopened because problem recurred after overnight reboot.
199,89,2,2024-01-07 14:47:18.996574,internal,tier-1,Escalated to Tier 2 because issue impacts executive workflow.
200,89,2,2024-01-07 15:17:11.829606,public,tier-1,Service restored; monitoring for repeat failures.
201,90,10,2024-01-07 03:34:00.018598,internal,collaboration,Queue backlog high due to concurrent outage tickets.
202,91,5,2024-01-07 06:17:21.633376,internal,tier-2,Device shipped to depot for motherboard replacement.
203,91,5,2024-01-07 10:04:09.435233,internal,tier-2,Device shipped to depot for motherboard replacement.
204,91,5,2024-01-07 10:38:58.374974,public,tier-2,MFA re-registration completed successfully.
205,92,2,2024-01-07 14:16:45.857345,public,tier-1,Temporary workaround provided pending vendor response.
206,92,2,2024-01-08 06:41:26.955161,internal,tier-1,Closing after three business days without reply.
207,93,9,2024-01-07 16:24:20.195412,public,security,Assigned specialist for ERP module permissions.
208,93,9,2024-01-07 21:28:50.918257,public,security,Escalated to Tier 2 because issue impacts executive workflow.
209,93,9,2024-01-08 09:27:15.098528,public,security,Awaiting screenshot and exact error timestamp from requester.
210,94,10,2024-01-08 05:52:52.905243,public,collaboration,Closing after three business days without reply.
211,94,10,2024-01-08 09:25:56.746060,public,collaboration,Linked to active parent incident to reduce duplicate handling.
212,95,6,2024-01-08 03:56:20.355493,public,identity,Security review requested before granting exception.
213,95,6,2024-01-08 10:34:41.432418,internal,identity,Network team reviewing firewall and VPN telemetry.
214,96,2,2024-01-08 09:51:39.909337,public,tier-1,Network team reviewing firewall and VPN telemetry.
215,96,2,2024-01-08 20:04:01.863895,public,tier-1,Linked to active parent incident to reduce duplicate handling.
216,96,2,2024-01-09 06:06:20.246629,internal,tier-1,Awaiting screenshot and exact error timestamp from requester.
217,97,7,2024-01-08 06:45:16.018646,public,network,Found stale token in local credential manager.
218,97,7,2024-01-08 20:41:18.486160,public,network,Assigned specialist for ERP module permissions.
219,97,7,2024-01-08 23:06:30.299206,public,network,Closing after three business days without reply.
220,98,9,2024-01-08 12:30:35.839460,public,security,Linked to active parent incident to reduce duplicate handling.
221,98,9,2024-01-09 04:42:09.442669,public,security,Reset print spooler and reinstalled queue.
222,98,9,2024-01-09 07:25:39.860971,internal,security,MFA re-registration completed successfully.
223,99,10,2024-01-07 22:35:32.445443,public,collaboration,Awaiting screenshot and exact error timestamp from requester.
224,99,10,2024-01-08 04:28:18.258982,internal,collaboration,Linked to active parent incident to reduce duplicate handling.
225,100,6,2024-01-08 13:39:55.741353,public,identity,Closing after three business days without reply.
226,101,10,2024-01-08 12:26:01.664794,internal,collaboration,Phone call completed with warehouse supervisor.
227,102,9,2024-01-08 05:24:37.667463,internal,security,Network team reviewing firewall and VPN telemetry.
228,102,9,2024-01-08 07:25:11.537330,public,security,Security review requested before granting exception.
229,102,9,2024-01-08 10:20:19.551255,public,security,Assigned specialist for ERP module permissions.
230,103,2,2024-01-08 11:22:36.358195,public,tier-1,Linked to active parent incident to reduce duplicate handling.
231,103,2,2024-01-08 17:42:16.238346,public,tier-1,Network team reviewing firewall and VPN telemetry.
232,103,2,2024-01-09 05:37:08.622342,public,tier-1,Found stale token in local credential manager.
233,103,2,2024-01-09 12:19:13.258545,public,tier-1,Closing after three business days without reply.
234,104,7,2024-01-08 04:31:06.699032,public,network,Device shipped to depot for motherboard replacement.
235,104,7,2024-01-08 15:39:09.265933,internal,network,Customer contacted and asked to retry after cache clear.
236,104,7,2024-01-08 19:51:07.981746,internal,network,Vendor status page confirms partial service disruption.
237,104,7,2024-01-09 01:17:10.346996,public,network,Found stale token in local credential manager.
238,105,7,2024-01-08 07:06:41.999121,public,network,Device shipped to depot for motherboard replacement.
239,105,7,2024-01-08 10:50:31.352429,public,network,Confirmed issue reproducible on spare device.
240,105,7,2024-01-08 14:32:53.590991,public,network,Monitor issue persisted after cable swap.
241,106,8,2024-01-08 22:20:19.332762,public,business-apps,Device shipped to depot for motherboard replacement.
242,107,6,2024-01-08 19:11:16.677356,internal,identity,Closing after three business days without reply.
243,108,8,2024-01-08 12:46:12.250059,public,business-apps,Awaiting screenshot and exact error timestamp from requester.
244,108,8,2024-01-08 17:13:55.831571,internal,business-apps,Device shipped to depot for motherboard replacement.
245,108,8,2024-01-09 04:58:13.115208,public,business-apps,Closing after three business days without reply.
246,109,6,2024-01-08 08:54:03.683964,internal,identity,Customer contacted and asked to retry after cache clear.
247,109,6,2024-01-08 20:07:12.286615,public,identity,Closing after three business days without reply.
248,110,3,2024-01-08 08:05:46.295176,internal,tier-1,User verified access restored after role sync.
249,111,5,2024-01-08 20:05:44.649810,public,tier-2,Monitor issue persisted after cable swap.
250,112,10,2024-01-08 14:57:05.871830,internal,collaboration,Reopened because problem recurred after overnight reboot.
251,112,10,2024-01-09 07:48:57.528970,public,collaboration,Issue now limited to users on macOS Sonoma.
252,113,9,2024-01-08 12:05:26.491869,public,security,Queue backlog high due to concurrent outage tickets.
253,113,9,2024-01-09 02:11:02.877077,public,security,Assigned specialist for ERP module permissions.
254,113,9,2024-01-09 07:37:04.555826,public,security,Service restored; monitoring for repeat failures.
255,114,7,2024-01-09 04:21:58.100869,public,network,Closing after three business days without reply.
256,115,4,2024-01-08 15:44:55.717700,public,tier-2,Escalated to Tier 2 because issue impacts executive workflow.
257,115,4,2024-01-08 18:29:35.810926,public,tier-2,Closing after three business days without reply.
258,115,4,2024-01-09 10:15:49.075368,public,tier-2,Assigned specialist for ERP module permissions.
259,116,3,2024-01-09 01:13:33.642951,internal,tier-1,Reset print spooler and reinstalled queue.
260,116,3,2024-01-09 10:42:54.802700,public,tier-1,Temporary workaround provided pending vendor response.
261,117,3,2024-01-09 07:46:53.577662,public,tier-1,Customer contacted and asked to retry after cache clear.
262,117,3,2024-01-09 23:13:03.882406,public,tier-1,Awaiting screenshot and exact error timestamp from requester.
263,118,4,2024-01-09 07:46:33.012579,public,tier-2,Vendor status page confirms partial service disruption.
264,119,10,2024-01-08 23:00:59.916099,public,collaboration,Monitor issue persisted after cable swap.
265,119,10,2024-01-09 00:54:14.741779,public,collaboration,Linked to active parent incident to reduce duplicate handling.
266,120,6,2024-01-09 11:07:30.987816,public,identity,Found stale token in local credential manager.
267,120,6,2024-01-09 18:38:06.391639,internal,identity,Device shipped to depot for motherboard replacement.
268,121,4,2024-01-09 10:39:10.632035,public,tier-2,Linked to active parent incident to reduce duplicate handling.
269,121,4,2024-01-09 21:35:01.880544,public,tier-2,Customer contacted and asked to retry after cache clear.
270,122,9,2024-01-09 02:41:43.901278,public,security,Phone call completed with warehouse supervisor.
271,122,9,2024-01-09 12:44:39.586786,internal,security,Service restored; monitoring for repeat failures.
272,123,4,2024-01-09 18:23:58.459098,internal,tier-2,Monitor issue persisted after cable swap.
273,123,4,2024-01-10 03:36:05.571097,public,tier-2,Issue now limited to users on macOS Sonoma.
274,123,4,2024-01-10 12:46:07.445471,public,tier-2,Security review requested before granting exception.
275,124,8,2024-01-09 07:14:10.049049,public,business-apps,Linked to active parent incident to reduce duplicate handling.
276,124,8,2024-01-09 09:54:20.223425,public,business-apps,Awaiting screenshot and exact error timestamp from requester.
277,124,8,2024-01-09 13:42:39.507768,internal,business-apps,Issue now limited to users on macOS Sonoma.
278,124,8,2024-01-10 02:30:09.107297,internal,business-apps,Monitor issue persisted after cable swap.
279,125,7,2024-01-09 07:48:29.394200,internal,network,Monitor issue persisted after cable swap.
280,126,4,2024-01-09 14:57:59.236575,public,tier-2,Reset print spooler and reinstalled queue.
281,126,4,2024-01-09 22:06:40.670349,public,tier-2,User reports workaround acceptable until maintenance window.
282,127,10,2024-01-09 13:52:05.665011,public,collaboration,Reset print spooler and reinstalled queue.
283,128,7,2024-01-09 22:04:40.615242,public,network,Issue now limited to users on macOS Sonoma.
284,129,10,2024-01-10 05:06:36.356291,public,collaboration,Applied GPO update and forced policy refresh.
285,129,10,2024-01-10 10:36:33.808094,public,collaboration,Vendor status page confirms partial service disruption.
286,130,1,2024-01-09 23:34:07.331589,public,tier-1,User verified access restored after role sync.
287,131,3,2024-01-09 22:22:59.792209,internal,tier-1,Assigned specialist for ERP module permissions.
288,131,3,2024-01-10 11:33:25.068285,public,tier-1,User verified access restored after role sync.
289,131,3,2024-01-10 14:20:50.257466,internal,tier-1,Awaiting screenshot and exact error timestamp from requester.
290,131,3,2024-01-10 16:45:28.622315,public,tier-1,Queue backlog high due to concurrent outage tickets.
291,131,3,2024-01-10 18:01:19.182591,public,tier-1,Monitor issue persisted after cable swap.
292,132,4,2024-01-10 07:05:55.030850,public,tier-2,Linked to active parent incident to reduce duplicate handling.
293,133,7,2024-01-10 07:44:24.212233,public,network,Confirmed issue reproducible on spare device.
294,134,9,2024-01-10 07:59:38.609902,public,security,Device shipped to depot for motherboard replacement.
295,134,9,2024-01-10 16:55:43.648459,internal,security,User reports workaround acceptable until maintenance window.
296,135,2,2024-01-10 13:14:23.656516,public,tier-1,Security review requested before granting exception.
297,135,2,2024-01-11 03:46:35.750086,public,tier-1,Found stale token in local credential manager.
298,136,2,2024-01-10 13:50:21.113715,public,tier-1,Phone call completed with warehouse supervisor.
299,136,2,2024-01-10 14:26:54.236378,internal,tier-1,Reset print spooler and reinstalled queue.
300,137,7,2024-01-10 14:04:33.631936,public,network,Customer contacted and asked to retry after cache clear.
301,137,7,2024-01-10 21:36:40.818382,public,network,Monitor issue persisted after cable swap.
302,137,7,2024-01-11 01:16:24.171276,public,network,Reopened because problem recurred after overnight reboot.
303,137,7,2024-01-11 05:16:07.032607,public,network,Customer contacted and asked to retry after cache clear.
304,138,4,2024-01-10 14:41:25.465828,public,tier-2,Temporary workaround provided pending vendor response.
305,138,4,2024-01-11 04:55:42.767064,public,tier-2,Reopened because problem recurred after overnight reboot.
306,138,4,2024-01-11 14:16:58.373316,public,tier-2,Assigned specialist for ERP module permissions.
307,139,7,2024-01-10 14:16:51.568695,public,network,Network team reviewing firewall and VPN telemetry.
308,139,7,2024-01-10 16:25:18.901391,public,network,Vendor status page confirms partial service disruption.
309,139,7,2024-01-10 19:19:18.501753,public,network,Device shipped to depot for motherboard replacement.
310,140,1,2024-01-10 13:34:36.855163,public,tier-1,Reset print spooler and reinstalled queue.
311,141,6,2024-01-10 20:08:35.772061,internal,identity,Monitor issue persisted after cable swap.
312,141,6,2024-01-11 04:48:08.736057,public,identity,Queue backlog high due to concurrent outage tickets.
313,141,6,2024-01-11 17:50:19.532838,public,identity,User verified access restored after role sync.
314,142,1,2024-01-10 15:58:49.263653,public,tier-1,Reopened because problem recurred after overnight reboot.
315,142,1,2024-01-11 06:11:15.749765,public,tier-1,Linked to active parent incident to reduce duplicate handling.
316,142,1,2024-01-11 19:43:59.567555,internal,tier-1,Closing after three business days without reply.
317,142,1,2024-01-12 01:19:46.909116,public,tier-1,User verified access restored after role sync.
318,142,1,2024-01-12 04:24:47.265836,internal,tier-1,Phone call completed with warehouse supervisor.
319,142,1,2024-01-12 14:19:50.580598,public,tier-1,User verified access restored after role sync.
320,143,10,2024-01-10 14:21:08.051772,public,collaboration,Queue backlog high due to concurrent outage tickets.
321,144,2,2024-01-10 23:32:22.727929,public,tier-1,User verified access restored after role sync.
322,144,2,2024-01-11 10:49:42.324990,public,tier-1,Found stale token in local credential manager.
323,144,2,2024-01-12 00:14:54.811918,internal,tier-1,Security review requested before granting exception.
324,144,2,2024-01-12 04:06:00.329167,public,tier-1,Phone call completed with warehouse supervisor.
325,145,2,2024-01-10 21:01:10.812328,public,tier-1,Found stale token in local credential manager.
326,145,2,2024-01-10 22:55:46.794612,public,tier-1,User reports workaround acceptable until maintenance window.
327,146,2,2024-01-11 02:58:09.376367,internal,tier-1,User reports workaround acceptable until maintenance window.
328,146,2,2024-01-11 12:37:36.846766,public,tier-1,User verified access restored after role sync.
329,147,3,2024-01-11 12:20:47.991830,internal,tier-1,Device shipped to depot for motherboard replacement.
330,147,3,2024-01-12 04:34:23.477879,public,tier-1,Closing after three business days without reply.
331,147,3,2024-01-12 17:30:31.487899,public,tier-1,Vendor status page confirms partial service disruption.
332,147,3,2024-01-13 04:46:59.773096,public,tier-1,Customer contacted and asked to retry after cache clear.
333,148,5,2024-01-11 14:30:42.662059,public,tier-2,Network team reviewing firewall and VPN telemetry.
334,148,5,2024-01-12 00:22:48.641564,public,tier-2,Phone call completed with warehouse supervisor.
335,148,5,2024-01-12 01:43:48.086674,public,tier-2,Awaiting screenshot and exact error timestamp from requester.
336,149,7,2024-01-11 04:34:19.164462,internal,network,Escalated to Tier 2 because issue impacts executive workflow.
337,149,7,2024-01-11 16:41:25.808348,public,network,Found stale token in local credential manager.
338,149,7,2024-01-11 22:32:16.784695,internal,network,Linked to active parent incident to reduce duplicate handling.
339,150,10,2024-01-11 10:12:05.735694,internal,collaboration,Found stale token in local credential manager.
340,150,10,2024-01-11 12:57:32.787596,public,collaboration,Assigned specialist for ERP module permissions.
341,150,10,2024-01-11 19:29:24.865387,public,collaboration,Reopened because problem recurred after overnight reboot.
342,150,10,2024-01-12 08:56:57.900211,public,collaboration,Issue now limited to users on macOS Sonoma.
343,150,10,2024-01-12 18:19:59.067102,internal,collaboration,Awaiting screenshot and exact error timestamp from requester.
344,151,9,2024-01-11 23:01:28.770517,public,security,Network team reviewing firewall and VPN telemetry.
345,151,9,2024-01-12 15:06:45.307702,public,security,Assigned specialist for ERP module permissions.
346,152,1,2024-01-11 18:15:34.064744,public,tier-1,Phone call completed with warehouse supervisor.
347,152,1,2024-01-12 00:45:58.331368,public,tier-1,Customer contacted and asked to retry after cache clear.
348,153,5,2024-01-11 10:10:22.409482,internal,tier-2,Customer contacted and asked to retry after cache clear.
349,153,5,2024-01-11 17:00:49.262681,internal,tier-2,Applied GPO update and forced policy refresh.
350,154,9,2024-01-11 08:42:15.722199,public,security,User reports workaround acceptable until maintenance window.
351,155,2,2024-01-11 15:03:04.752124,public,tier-1,Issue now limited to users on macOS Sonoma.
352,155,2,2024-01-11 19:01:10.374337,public,tier-1,Issue now limited to users on macOS Sonoma.
353,155,2,2024-01-12 01:35:18.438480,public,tier-1,Phone call completed with warehouse supervisor.
354,156,7,2024-01-11 14:14:00.180453,public,network,Network team reviewing firewall and VPN telemetry.
355,157,5,2024-01-12 02:38:24.666340,public,tier-2,Reset print spooler and reinstalled queue.
356,157,5,2024-01-12 10:29:09.784875,public,tier-2,Queue backlog high due to concurrent outage tickets.
357,158,2,2024-01-12 04:28:37.584589,public,tier-1,Monitor issue persisted after cable swap.
358,158,2,2024-01-12 12:25:07.738015,public,tier-1,Applied GPO update and forced policy refresh.
359,159,1,2024-01-12 03:29:00.349938,public,tier-1,User verified access restored after role sync.
360,159,1,2024-01-12 16:37:08.197401,public,tier-1,Found stale token in local credential manager.
361,159,1,2024-01-13 05:57:00.977437,internal,tier-1,Security review requested before granting exception.
362,159,1,2024-01-13 14:31:06.456192,public,tier-1,Confirmed issue reproducible on spare device.
363,160,3,2024-01-11 13:32:08.420603,public,tier-1,Phone call completed with warehouse supervisor.
364,160,3,2024-01-11 19:45:15.026097,internal,tier-1,User reports workaround acceptable until maintenance window.
365,161,1,2024-01-12 02:18:07.809144,public,tier-1,Found stale token in local credential manager.
366,162,2,2024-01-11 18:29:10.005811,public,tier-1,Assigned specialist for ERP module permissions.
367,162,2,2024-01-12 08:26:39.979682,public,tier-1,User reports workaround acceptable until maintenance window.
368,162,2,2024-01-12 20:02:01.068832,public,tier-1,Closing after three business days without reply.
369,163,6,2024-01-12 00:47:46.874984,public,identity,Monitor issue persisted after cable swap.
370,163,6,2024-01-12 09:55:17.084387,public,identity,Assigned specialist for ERP module permissions.
371,163,6,2024-01-12 10:27:10.084847,public,identity,Escalated to Tier 2 because issue impacts executive workflow.
372,164,8,2024-01-12 04:00:01.511968,public,business-apps,Assigned specialist for ERP module permissions.
373,164,8,2024-01-12 06:01:22.073679,public,business-apps,Applied GPO update and forced policy refresh.
374,164,8,2024-01-12 15:49:48.467310,public,business-apps,Temporary workaround provided pending vendor response.
375,165,6,2024-01-12 07:33:04.409824,internal,identity,Closing after three business days without reply.
376,165,6,2024-01-12 15:37:19.582760,public,identity,Temporary workaround provided pending vendor response.
377,165,6,2024-01-13 04:43:05.032966,public,identity,Issue now limited to users on macOS Sonoma.
378,166,8,2024-01-12 16:21:34.830268,public,business-apps,Queue backlog high due to concurrent outage tickets.
379,166,8,2024-01-12 20:43:58.589871,public,business-apps,Linked to active parent incident to reduce duplicate handling.
380,166,8,2024-01-13 01:22:41.549355,public,business-apps,Awaiting screenshot and exact error timestamp from requester.
381,167,1,2024-01-12 05:46:09.110953,internal,tier-1,Security review requested before granting exception.
382,167,1,2024-01-12 22:04:37.745883,public,tier-1,Reopened because problem recurred after overnight reboot.
383,168,4,2024-01-12 22:01:14.570660,public,tier-2,Confirmed issue reproducible on spare device.
384,168,4,2024-01-13 02:21:43.526175,public,tier-2,Found stale token in local credential manager.
385,168,4,2024-01-13 20:13:58.829872,internal,tier-2,Queue backlog high due to concurrent outage tickets.
386,168,4,2024-01-13 23:32:27.794678,public,tier-2,Closing after three business days without reply.
387,169,7,2024-01-12 14:17:01.463692,public,network,Queue backlog high due to concurrent outage tickets.
388,169,7,2024-01-12 17:51:05.158776,public,network,Escalated to Tier 2 because issue impacts executive workflow.
389,169,7,2024-01-13 02:57:23.639863,public,network,Linked to active parent incident to reduce duplicate handling.
390,170,1,2024-01-12 16:57:32.925737,public,tier-1,Reopened because problem recurred after overnight reboot.
391,170,1,2024-01-13 01:11:44.459312,public,tier-1,MFA re-registration completed successfully.
392,170,1,2024-01-13 03:01:16.272787,public,tier-1,Security review requested before granting exception.
393,171,6,2024-01-12 21:25:22.422007,public,identity,Escalated to Tier 2 because issue impacts executive workflow.
394,171,6,2024-01-13 14:35:02.713932,public,identity,Awaiting screenshot and exact error timestamp from requester.
395,172,2,2024-01-13 01:50:52.129049,internal,tier-1,Applied GPO update and forced policy refresh.
396,173,5,2024-01-13 02:15:27.447093,public,tier-2,Escalated to Tier 2 because issue impacts executive workflow.
397,173,5,2024-01-13 12:14:02.001948,internal,tier-2,Issue now limited to users on macOS Sonoma.
398,174,7,2024-01-13 09:28:34.482549,internal,network,Reset print spooler and reinstalled queue.
399,174,7,2024-01-13 16:13:08.656832,public,network,Queue backlog high due to concurrent outage tickets.
400,174,7,2024-01-13 20:07:44.149642,public,network,Issue now limited to users on macOS Sonoma.
401,174,7,2024-01-13 23:40:02.726860,public,network,Applied GPO update and forced policy refresh.
402,175,10,2024-01-13 07:16:19.627027,internal,collaboration,Closing after three business days without reply.
403,175,10,2024-01-13 13:49:40.023240,internal,collaboration,Issue now limited to users on macOS Sonoma.
404,175,10,2024-01-14 03:15:32.077233,public,collaboration,Security review requested before granting exception.
405,176,1,2024-01-13 10:41:13.084631,internal,tier-1,Awaiting screenshot and exact error timestamp from requester.
406,176,1,2024-01-14 04:33:48.263078,public,tier-1,Linked to active parent incident to reduce duplicate handling.
407,177,6,2024-01-13 06:17:47.108868,public,identity,Monitor issue persisted after cable swap.
408,177,6,2024-01-13 14:25:28.816405,public,identity,Linked to active parent incident to reduce duplicate handling.
409,177,6,2024-01-13 19:45:15.335972,internal,identity,Linked to active parent incident to reduce duplicate handling.
410,177,6,2024-01-14 02:51:10.830772,internal,identity,Phone call completed with warehouse supervisor.
411,177,6,2024-01-14 15:57:10.615867,public,identity,Network team reviewing firewall and VPN telemetry.
412,178,6,2024-01-13 12:30:04.880943,public,identity,Vendor status page confirms partial service disruption.
413,178,6,2024-01-13 22:36:05.452728,public,identity,Device shipped to depot for motherboard replacement.
414,178,6,2024-01-14 10:43:56.318201,public,identity,Security review requested before granting exception.
415,179,1,2024-01-13 15:37:41.777073,public,tier-1,Applied GPO update and forced policy refresh.
416,179,1,2024-01-14 07:05:13.953155,public,tier-1,Awaiting screenshot and exact error timestamp from requester.
417,180,7,2024-01-13 13:06:30.761603,public,network,Issue now limited to users on macOS Sonoma.
418,180,7,2024-01-13 14:45:18.408949,public,network,Network team reviewing firewall and VPN telemetry.
419,181,1,2024-01-13 12:05:51.094658,internal,tier-1,Assigned specialist for ERP module permissions.
420,181,1,2024-01-14 03:09:26.288160,internal,tier-1,Reset print spooler and reinstalled queue.
421,181,1,2024-01-14 04:44:10.428596,internal,tier-1,Phone call completed with warehouse supervisor.
422,182,7,2024-01-13 15:37:17.018789,internal,network,User reports workaround acceptable until maintenance window.
423,182,7,2024-01-13 20:27:32.034750,public,network,Assigned specialist for ERP module permissions.
424,182,7,2024-01-13 20:58:58.909263,public,network,Awaiting screenshot and exact error timestamp from requester.
425,183,3,2024-01-13 17:38:28.511323,public,tier-1,User reports workaround acceptable until maintenance window.
426,183,3,2024-01-14 05:39:13.108156,public,tier-1,Security review requested before granting exception.
427,183,3,2024-01-14 23:34:45.047510,public,tier-1,Applied GPO update and forced policy refresh.
428,184,2,2024-01-13 21:46:59.465050,public,tier-1,Network team reviewing firewall and VPN telemetry.
429,185,1,2024-01-14 05:31:36.095878,public,tier-1,User verified access restored after role sync.
430,186,5,2024-01-14 11:12:20.880917,public,tier-2,Escalated to Tier 2 because issue impacts executive workflow.
431,186,5,2024-01-14 15:39:27.664653,public,tier-2,Confirmed issue reproducible on spare device.
432,186,5,2024-01-14 20:55:54.515464,public,tier-2,Escalated to Tier 2 because issue impacts executive workflow.
433,186,5,2024-01-15 00:12:04.345439,public,tier-2,Confirmed issue reproducible on spare device.
434,186,5,2024-01-15 02:15:47.796048,public,tier-2,Found stale token in local credential manager.
435,187,3,2024-01-14 05:15:21.436962,internal,tier-1,Found stale token in local credential manager.
436,187,3,2024-01-14 21:55:08.264656,public,tier-1,Assigned specialist for ERP module permissions.
437,188,5,2024-01-14 09:09:40.157817,public,tier-2,Monitor issue persisted after cable swap.
438,189,9,2024-01-14 08:10:27.209972,internal,security,Closing after three business days without reply.
439,190,9,2024-01-13 22:56:30.589221,public,security,User reports workaround acceptable until maintenance window.
440,190,9,2024-01-14 08:20:01.231324,public,security,Device shipped to depot for motherboard replacement.
441,190,9,2024-01-14 19:38:44.011797,public,security,Confirmed issue reproducible on spare device.
442,190,9,2024-01-15 07:25:18.833572,public,security,Security review requested before granting exception.
443,190,9,2024-01-15 16:58:57.900119,public,security,Found stale token in local credential manager.
444,191,8,2024-01-14 10:33:41.125244,internal,business-apps,Issue now limited to users on macOS Sonoma.
445,192,5,2024-01-14 05:09:28.658327,public,tier-2,Confirmed issue reproducible on spare device.
446,192,5,2024-01-14 11:51:01.815854,internal,tier-2,Security review requested before granting exception.
447,193,2,2024-01-14 19:10:47.090210,internal,tier-1,Phone call completed with warehouse supervisor.
448,193,2,2024-01-15 01:03:34.080222,public,tier-1,Network team reviewing firewall and VPN telemetry.
449,194,5,2024-01-14 12:32:53.397104,public,tier-2,Temporary workaround provided pending vendor response.
450,194,5,2024-01-14 15:53:23.169732,public,tier-2,Phone call completed with warehouse supervisor.
451,194,5,2024-01-15 00:34:52.548441,public,tier-2,User reports workaround acceptable until maintenance window.
452,195,1,2024-01-14 03:51:14.244290,internal,tier-1,Confirmed issue reproducible on spare device.
453,196,2,2024-01-14 17:24:57.840759,public,tier-1,Reopened because problem recurred after overnight reboot.
454,196,2,2024-01-15 02:47:18.635368,internal,tier-1,Linked to active parent incident to reduce duplicate handling.
455,196,2,2024-01-15 11:47:14.950347,public,tier-1,Escalated to Tier 2 because issue impacts executive workflow.
456,197,4,2024-01-14 09:33:16.579377,public,tier-2,MFA re-registration completed successfully.
457,197,4,2024-01-14 14:02:22.646139,public,tier-2,User reports workaround acceptable until maintenance window.
458,198,7,2024-01-14 10:56:26.775369,public,network,User reports workaround acceptable until maintenance window.
459,199,8,2024-01-14 17:36:30.386617,internal,business-apps,Service restored; monitoring for repeat failures.
460,199,8,2024-01-15 01:58:08.475082,public,business-apps,Network team reviewing firewall and VPN telemetry.
461,200,7,2024-01-14 18:00:21.398552,public,network,User verified access restored after role sync.
462,200,7,2024-01-15 06:35:14.893901,public,network,Reset print spooler and reinstalled queue.
463,200,7,2024-01-15 07:09:12.214111,public,network,Phone call completed with warehouse supervisor.
464,200,7,2024-01-15 15:25:22.664536,public,network,Found stale token in local credential manager.
465,200,7,2024-01-15 18:44:31.889052,public,network,Service restored; monitoring for repeat failures.
466,201,3,2024-01-14 23:00:32.624178,public,tier-1,Phone call completed with warehouse supervisor.
467,202,8,2024-01-14 21:17:36.007890,public,business-apps,Escalated to Tier 2 because issue impacts executive workflow.
468,202,8,2024-01-15 11:02:13.219930,public,business-apps,Monitor issue persisted after cable swap.
469,202,8,2024-01-15 20:09:11.215585,public,business-apps,Network team reviewing firewall and VPN telemetry.
470,203,10,2024-01-14 19:29:48.864818,internal,collaboration,Temporary workaround provided pending vendor response.
471,204,7,2024-01-15 04:46:14.516410,public,network,Security review requested before granting exception.
472,204,7,2024-01-15 20:15:51.991444,public,network,Customer contacted and asked to retry after cache clear.
473,205,8,2024-01-14 23:22:09.470508,internal,business-apps,Vendor status page confirms partial service disruption.
474,206,9,2024-01-15 15:08:08.030305,public,security,Temporary workaround provided pending vendor response.
475,207,8,2024-01-15 03:26:15.147233,public,business-apps,Temporary workaround provided pending vendor response.
476,207,8,2024-01-15 12:50:35.561374,internal,business-apps,Applied GPO update and forced policy refresh.
477,207,8,2024-01-15 17:57:33.657725,public,business-apps,Awaiting screenshot and exact error timestamp from requester.
478,208,9,2024-01-15 03:01:07.645663,internal,security,Awaiting screenshot and exact error timestamp from requester.
479,209,3,2024-01-15 09:59:45.700861,public,tier-1,Vendor status page confirms partial service disruption.
480,209,3,2024-01-15 16:10:24.114371,internal,tier-1,Linked to active parent incident to reduce duplicate handling.
481,209,3,2024-01-16 00:24:52.060953,public,tier-1,MFA re-registration completed successfully.
482,210,4,2024-01-15 16:46:15.854676,public,tier-2,User reports workaround acceptable until maintenance window.
483,210,4,2024-01-16 02:42:47.865443,public,tier-2,Closing after three business days without reply.
484,210,4,2024-01-16 08:37:51.000119,public,tier-2,Phone call completed with warehouse supervisor.
485,211,2,2024-01-15 14:44:11.100115,public,tier-1,User verified access restored after role sync.
486,212,2,2024-01-15 16:07:30.936361,internal,tier-1,Reopened because problem recurred after overnight reboot.
487,212,2,2024-01-16 05:02:28.986724,public,tier-1,User verified access restored after role sync.
488,213,6,2024-01-15 22:18:20.487054,public,identity,User reports workaround acceptable until maintenance window.
489,213,6,2024-01-16 00:22:52.743746,public,identity,Awaiting screenshot and exact error timestamp from requester.
490,214,10,2024-01-15 16:17:52.997998,internal,collaboration,Service restored; monitoring for repeat failures.
491,214,10,2024-01-16 03:31:17.702722,public,collaboration,Service restored; monitoring for repeat failures.
492,215,3,2024-01-16 04:27:28.781054,public,tier-1,Temporary workaround provided pending vendor response.
493,215,3,2024-01-16 08:37:50.483621,public,tier-1,Vendor status page confirms partial service disruption.
494,215,3,2024-01-17 02:35:09.143451,public,tier-1,Applied GPO update and forced policy refresh.
495,216,8,2024-01-16 04:16:38.654581,public,business-apps,Temporary workaround provided pending vendor response.
496,216,8,2024-01-16 11:05:55.416278,public,business-apps,Escalated to Tier 2 because issue impacts executive workflow.
497,216,8,2024-01-16 17:01:44.237643,internal,business-apps,Network team reviewing firewall and VPN telemetry.
498,217,1,2024-01-16 08:39:46.088017,public,tier-1,Vendor status page confirms partial service disruption.
499,217,1,2024-01-16 23:56:37.907343,internal,tier-1,Issue now limited to users on macOS Sonoma.
500,217,1,2024-01-17 07:51:13.165380,public,tier-1,Security review requested before granting exception.
501,218,10,2024-01-16 09:24:33.708691,internal,collaboration,Monitor issue persisted after cable swap.
502,218,10,2024-01-16 20:33:57.061243,public,collaboration,MFA re-registration completed successfully.
503,218,10,2024-01-17 13:39:58.812008,public,collaboration,Reopened because problem recurred after overnight reboot.
504,219,6,2024-01-16 12:07:03.309819,public,identity,Assigned specialist for ERP module permissions.
505,220,5,2024-01-16 08:07:33.647523,public,tier-2,Linked to active parent incident to reduce duplicate handling.
506,221,4,2024-01-16 03:09:13.194673,internal,tier-2,Queue backlog high due to concurrent outage tickets.
507,222,10,2024-01-16 02:17:32.476516,public,collaboration,Reopened because problem recurred after overnight reboot.
508,223,5,2024-01-16 13:06:37.800753,internal,tier-2,MFA re-registration completed successfully.
509,223,5,2024-01-16 17:49:27.162375,public,tier-2,Linked to active parent incident to reduce duplicate handling.
510,224,2,2024-01-16 07:36:53.898333,public,tier-1,Security review requested before granting exception.
511,225,6,2024-01-16 09:06:14.757094,public,identity,Phone call completed with warehouse supervisor.
512,226,6,2024-01-16 19:00:51.373336,public,identity,Service restored; monitoring for repeat failures.
513,227,8,2024-01-17 00:23:21.722839,public,business-apps,Applied GPO update and forced policy refresh.
514,227,8,2024-01-17 09:38:55.726830,public,business-apps,Closing after three business days without reply.
515,227,8,2024-01-18 01:11:30.220490,public,business-apps,Temporary workaround provided pending vendor response.
516,228,5,2024-01-16 12:09:24.196775,internal,tier-2,Queue backlog high due to concurrent outage tickets.
517,228,5,2024-01-16 13:33:26.669776,internal,tier-2,Device shipped to depot for motherboard replacement.
518,229,3,2024-01-16 23:49:22.242247,public,tier-1,Found stale token in local credential manager.
519,229,3,2024-01-17 07:13:51.071447,public,tier-1,Assigned specialist for ERP module permissions.
520,230,1,2024-01-16 15:43:57.543102,internal,tier-1,Applied GPO update and forced policy refresh.
521,230,1,2024-01-17 03:29:36.163575,public,tier-1,Assigned specialist for ERP module permissions.
522,230,1,2024-01-17 04:12:20.048894,public,tier-1,Vendor status page confirms partial service disruption.
523,231,10,2024-01-16 22:22:27.760773,public,collaboration,Reset print spooler and reinstalled queue.
524,231,10,2024-01-17 11:22:07.979957,public,collaboration,Closing after three business days without reply.
525,231,10,2024-01-17 21:44:39.030308,public,collaboration,Network team reviewing firewall and VPN telemetry.
526,232,2,2024-01-16 19:02:07.108798,public,tier-1,Linked to active parent incident to reduce duplicate handling.
527,232,2,2024-01-17 04:29:20.162416,public,tier-1,Monitor issue persisted after cable swap.
528,232,2,2024-01-17 11:22:52.542399,internal,tier-1,Phone call completed with warehouse supervisor.
529,233,4,2024-01-17 07:50:50.276255,public,tier-2,Network team reviewing firewall and VPN telemetry.
530,233,4,2024-01-17 18:27:07.515693,public,tier-2,Closing after three business days without reply.
531,234,2,2024-01-16 22:37:12.117028,public,tier-1,Assigned specialist for ERP module permissions.
532,234,2,2024-01-17 12:57:56.971758,public,tier-1,MFA re-registration completed successfully.
533,234,2,2024-01-18 05:51:59.076031,public,tier-1,Service restored; monitoring for repeat failures.
534,234,2,2024-01-18 22:58:18.050208,public,tier-1,Phone call completed with warehouse supervisor.
535,234,2,2024-01-19 01:58:15.006393,public,tier-1,Monitor issue persisted after cable swap.
536,235,3,2024-01-17 08:45:05.747421,public,tier-1,Reset print spooler and reinstalled queue.
537,236,1,2024-01-16 22:31:28.724989,internal,tier-1,Phone call completed with warehouse supervisor.
538,236,1,2024-01-17 00:32:19.016503,public,tier-1,Network team reviewing firewall and VPN telemetry.
539,237,4,2024-01-17 00:03:24.451543,public,tier-2,Confirmed issue reproducible on spare device.
540,237,4,2024-01-17 00:45:30.642875,public,tier-2,Temporary workaround provided pending vendor response.
541,237,4,2024-01-17 13:08:09.253151,internal,tier-2,Closing after three business days without reply.
542,238,10,2024-01-17 14:31:49.860678,public,collaboration,Awaiting screenshot and exact error timestamp from requester.
543,238,10,2024-01-17 21:40:10.874287,public,collaboration,Linked to active parent incident to reduce duplicate handling.
544,238,10,2024-01-18 12:28:18.855825,public,collaboration,Vendor status page confirms partial service disruption.
545,239,3,2024-01-17 09:56:18.533239,public,tier-1,Device shipped to depot for motherboard replacement.
546,240,10,2024-01-17 06:05:14.634776,public,collaboration,Awaiting screenshot and exact error timestamp from requester.
547,240,10,2024-01-17 17:44:41.686339,public,collaboration,User reports workaround acceptable until maintenance window.
548,240,10,2024-01-18 06:10:50.892764,internal,collaboration,Closing after three business days without reply.
549,241,7,2024-01-17 11:30:14.409717,public,network,MFA re-registration completed successfully.
550,241,7,2024-01-18 02:55:24.183614,public,network,Linked to active parent incident to reduce duplicate handling.
551,241,7,2024-01-18 19:35:50.789993,public,network,Escalated to Tier 2 because issue impacts executive workflow.
552,242,9,2024-01-17 17:42:54.259426,internal,security,Applied GPO update and forced policy refresh.
553,242,9,2024-01-18 10:15:56.250990,public,security,Service restored; monitoring for repeat failures.
554,243,7,2024-01-17 22:27:45.183713,internal,network,Assigned specialist for ERP module permissions.
555,243,7,2024-01-18 11:02:19.014199,internal,network,Device shipped to depot for motherboard replacement.
556,244,10,2024-01-17 18:12:45.948594,public,collaboration,Issue now limited to users on macOS Sonoma.
557,244,10,2024-01-18 01:21:39.467758,public,collaboration,Vendor status page confirms partial service disruption.
558,244,10,2024-01-18 15:25:24.668559,public,collaboration,Phone call completed with warehouse supervisor.
559,245,6,2024-01-17 23:34:35.340826,public,identity,User reports workaround acceptable until maintenance window.
560,245,6,2024-01-18 00:37:26.507743,public,identity,Closing after three business days without reply.
561,245,6,2024-01-18 15:06:04.589104,public,identity,Security review requested before granting exception.
562,246,9,2024-01-17 22:19:13.713261,public,security,Device shipped to depot for motherboard replacement.
563,246,9,2024-01-18 10:02:52.007599,public,security,Issue now limited to users on macOS Sonoma.
564,246,9,2024-01-19 00:02:58.576260,public,security,Monitor issue persisted after cable swap.
565,247,1,2024-01-17 20:38:27.800446,internal,tier-1,Service restored; monitoring for repeat failures.
566,248,10,2024-01-18 01:17:24.164567,internal,collaboration,Security review requested before granting exception.
567,248,10,2024-01-18 14:03:01.179432,public,collaboration,Temporary workaround provided pending vendor response.
568,249,1,2024-01-18 00:35:42.405698,public,tier-1,User reports workaround acceptable until maintenance window.
569,249,1,2024-01-18 08:43:21.672919,internal,tier-1,Device shipped to depot for motherboard replacement.
570,249,1,2024-01-19 01:53:43.551007,public,tier-1,Temporary workaround provided pending vendor response.
571,249,1,2024-01-19 12:08:12.527478,public,tier-1,Found stale token in local credential manager.
572,250,2,2024-01-17 20:31:04.061717,public,tier-1,Service restored; monitoring for repeat failures.
573,250,2,2024-01-18 10:18:56.436899,internal,tier-1,Linked to active parent incident to reduce duplicate handling.
574,251,8,2024-01-17 23:21:20.521171,public,business-apps,Issue now limited to users on macOS Sonoma.
575,252,3,2024-01-18 05:28:00.543780,public,tier-1,User reports workaround acceptable until maintenance window.
576,253,1,2024-01-18 04:37:37.350188,public,tier-1,MFA re-registration completed successfully.
577,253,1,2024-01-18 09:47:40.941790,public,tier-1,Assigned specialist for ERP module permissions.
578,254,9,2024-01-18 06:09:23.086876,public,security,Applied GPO update and forced policy refresh.
579,255,6,2024-01-18 21:33:51.468493,public,identity,Device shipped to depot for motherboard replacement.
580,255,6,2024-01-19 11:14:38.700570,public,identity,Escalated to Tier 2 because issue impacts executive workflow.
581,255,6,2024-01-19 16:24:52.759132,internal,identity,Queue backlog high due to concurrent outage tickets.
582,255,6,2024-01-20 02:54:05.436023,public,identity,Linked to active parent incident to reduce duplicate handling.
583,255,6,2024-01-20 06:58:54.440881,public,identity,Applied GPO update and forced policy refresh.
584,256,5,2024-01-18 07:56:18.484871,internal,tier-2,Temporary workaround provided pending vendor response.
585,256,5,2024-01-18 10:33:52.386885,public,tier-2,User verified access restored after role sync.
586,256,5,2024-01-19 01:44:02.580600,internal,tier-2,Found stale token in local credential manager.
587,257,4,2024-01-19 01:42:13.097751,public,tier-2,Linked to active parent incident to reduce duplicate handling.
588,257,4,2024-01-19 12:12:09.203598,public,tier-2,Queue backlog high due to concurrent outage tickets.
589,258,8,2024-01-18 11:36:00.448328,public,business-apps,Issue now limited to users on macOS Sonoma.
590,258,8,2024-01-18 18:08:42.542234,public,business-apps,Reopened because problem recurred after overnight reboot.
591,258,8,2024-01-19 00:01:58.328869,public,business-apps,Device shipped to depot for motherboard replacement.
592,259,4,2024-01-18 12:24:40.659921,public,tier-2,Vendor status page confirms partial service disruption.
593,260,6,2024-01-19 00:55:24.712528,public,identity,Security review requested before granting exception.
594,260,6,2024-01-19 12:17:03.405622,internal,identity,Reopened because problem recurred after overnight reboot.
595,261,2,2024-01-18 17:57:55.738981,internal,tier-1,Vendor status page confirms partial service disruption.
596,262,4,2024-01-19 02:01:58.732789,public,tier-2,Assigned specialist for ERP module permissions.
597,262,4,2024-01-19 03:46:56.932889,internal,tier-2,Vendor status page confirms partial service disruption.
598,263,1,2024-01-19 03:43:55.054652,public,tier-1,Linked to active parent incident to reduce duplicate handling.
599,264,3,2024-01-18 21:43:39.112271,public,tier-1,Confirmed issue reproducible on spare device.
600,264,3,2024-01-18 23:32:09.145142,internal,tier-1,User reports workaround acceptable until maintenance window.
601,264,3,2024-01-19 12:26:41.080745,internal,tier-1,MFA re-registration completed successfully.
602,265,4,2024-01-19 01:56:12.408627,public,tier-2,Device shipped to depot for motherboard replacement.
603,265,4,2024-01-19 11:54:33.279835,public,tier-2,MFA re-registration completed successfully.
604,265,4,2024-01-20 03:28:35.584979,public,tier-2,Service restored; monitoring for repeat failures.
605,266,8,2024-01-19 08:18:59.779580,internal,business-apps,Applied GPO update and forced policy refresh.
606,267,9,2024-01-19 20:11:33.413774,public,security,Phone call completed with warehouse supervisor.
607,267,9,2024-01-19 22:07:28.623046,public,security,User reports workaround acceptable until maintenance window.
608,267,9,2024-01-20 02:59:49.249326,public,security,Security review requested before granting exception.
609,267,9,2024-01-20 13:03:14.338151,internal,security,Customer contacted and asked to retry after cache clear.
610,268,6,2024-01-19 20:47:55.892763,public,identity,Closing after three business days without reply.
611,268,6,2024-01-19 21:18:04.790411,public,identity,Found stale token in local credential manager.
612,268,6,2024-01-20 02:28:44.845806,internal,identity,Awaiting screenshot and exact error timestamp from requester.
613,268,6,2024-01-20 15:06:30.069984,public,identity,Applied GPO update and forced policy refresh.
614,269,10,2024-01-20 03:07:54.484589,public,collaboration,Monitor issue persisted after cable swap.
615,269,10,2024-01-20 11:19:10.907668,public,collaboration,Assigned specialist for ERP module permissions.
616,269,10,2024-01-20 21:06:59.658783,public,collaboration,Found stale token in local credential manager.
617,269,10,2024-01-20 22:40:18.478507,public,collaboration,Service restored; monitoring for repeat failures.
618,269,10,2024-01-21 11:29:18.546415,public,collaboration,Phone call completed with warehouse supervisor.
619,270,4,2024-01-19 18:09:23.580022,public,tier-2,Confirmed issue reproducible on spare device.
620,270,4,2024-01-20 09:04:13.082094,public,tier-2,Device shipped to depot for motherboard replacement.
621,271,5,2024-01-20 06:17:31.624287,internal,tier-2,User reports workaround acceptable until maintenance window.
622,271,5,2024-01-20 12:12:57.926976,public,tier-2,MFA re-registration completed successfully.
623,272,7,2024-01-20 08:24:19.372589,public,network,Monitor issue persisted after cable swap.
624,272,7,2024-01-20 16:16:43.190623,public,network,Confirmed issue reproducible on spare device.
625,272,7,2024-01-21 07:56:24.037743,public,network,Queue backlog high due to concurrent outage tickets.
626,272,7,2024-01-21 12:15:06.231960,public,network,Temporary workaround provided pending vendor response.
627,273,2,2024-01-20 08:58:33.252752,public,tier-1,Temporary workaround provided pending vendor response.
628,273,2,2024-01-20 21:51:13.317602,public,tier-1,Confirmed issue reproducible on spare device.
629,274,5,2024-01-20 07:27:16.780261,internal,tier-2,Reopened because problem recurred after overnight reboot.
630,274,5,2024-01-20 16:46:10.720688,public,tier-2,Reopened because problem recurred after overnight reboot.
631,274,5,2024-01-21 10:02:03.393364,public,tier-2,Escalated to Tier 2 because issue impacts executive workflow.
632,275,9,2024-01-20 06:12:49.992573,public,security,Awaiting screenshot and exact error timestamp from requester.
633,275,9,2024-01-20 12:23:52.805332,internal,security,MFA re-registration completed successfully.
634,275,9,2024-01-20 17:59:58.882393,public,security,Phone call completed with warehouse supervisor.
635,276,5,2024-01-20 04:59:49.635518,public,tier-2,Vendor status page confirms partial service disruption.
636,276,5,2024-01-20 12:12:51.177786,public,tier-2,Awaiting screenshot and exact error timestamp from requester.
637,276,5,2024-01-21 00:08:57.567836,internal,tier-2,Queue backlog high due to concurrent outage tickets.
638,277,10,2024-01-20 08:56:49.658926,public,collaboration,Escalated to Tier 2 because issue impacts executive workflow.
639,278,7,2024-01-20 06:30:34.516227,public,network,Linked to active parent incident to reduce duplicate handling.
640,278,7,2024-01-20 07:20:44.809150,internal,network,Found stale token in local credential manager.
641,278,7,2024-01-20 08:14:41.471061,internal,network,Phone call completed with warehouse supervisor.
642,279,2,2024-01-20 14:11:11.893981,public,tier-1,Issue now limited to users on macOS Sonoma.
643,280,5,2024-01-20 13:24:53.840112,public,tier-2,Monitor issue persisted after cable swap.
644,280,5,2024-01-20 15:47:31.572589,public,tier-2,MFA re-registration completed successfully.
645,281,4,2024-01-21 02:25:21.108190,public,tier-2,Applied GPO update and forced policy refresh.
646,281,4,2024-01-21 17:05:57.723199,public,tier-2,Applied GPO update and forced policy refresh.
647,282,10,2024-01-20 18:50:01.527424,public,collaboration,Found stale token in local credential manager.
648,283,4,2024-01-20 17:35:56.289921,internal,tier-2,Found stale token in local credential manager.
649,283,4,2024-01-21 09:56:37.028917,public,tier-2,Monitor issue persisted after cable swap.
650,283,4,2024-01-21 16:58:49.078821,public,tier-2,Customer contacted and asked to retry after cache clear.
651,284,5,2024-01-20 18:06:24.363251,public,tier-2,Network team reviewing firewall and VPN telemetry.
652,284,5,2024-01-21 00:16:04.369122,public,tier-2,Closing after three business days without reply.
653,285,7,2024-01-21 00:42:26.237061,internal,network,Found stale token in local credential manager.
654,286,10,2024-01-21 03:59:06.227269,public,collaboration,Network team reviewing firewall and VPN telemetry.
655,286,10,2024-01-21 05:11:45.009471,public,collaboration,Applied GPO update and forced policy refresh.
656,286,10,2024-01-21 11:30:09.143412,public,collaboration,Network team reviewing firewall and VPN telemetry.
657,287,6,2024-01-21 13:53:34.920072,public,identity,Vendor status page confirms partial service disruption.
658,287,6,2024-01-21 17:29:27.188769,public,identity,Queue backlog high due to concurrent outage tickets.
659,288,9,2024-01-21 07:56:26.333268,internal,security,Confirmed issue reproducible on spare device.
660,289,2,2024-01-21 06:30:57.307027,internal,tier-1,Queue backlog high due to concurrent outage tickets.
661,290,9,2024-01-21 05:01:35.003722,public,security,Linked to active parent incident to reduce duplicate handling.
662,291,3,2024-01-21 20:44:18.155477,public,tier-1,Awaiting screenshot and exact error timestamp from requester.
663,291,3,2024-01-22 05:12:00.840575,public,tier-1,Service restored; monitoring for repeat failures.
664,292,8,2024-01-21 20:01:15.249272,internal,business-apps,Closing after three business days without reply.
665,293,6,2024-01-21 10:29:57.459803,public,identity,Issue now limited to users on macOS Sonoma.
666,293,6,2024-01-22 02:48:34.127248,public,identity,User reports workaround acceptable until maintenance window.
667,293,6,2024-01-22 06:56:13.775098,internal,identity,Escalated to Tier 2 because issue impacts executive workflow.
668,294,7,2024-01-21 23:00:23.864504,public,network,Awaiting screenshot and exact error timestamp from requester.
669,294,7,2024-01-22 09:25:27.033436,public,network,Escalated to Tier 2 because issue impacts executive workflow.
670,295,1,2024-01-21 18:31:23.807192,public,tier-1,MFA re-registration completed successfully.
671,295,1,2024-01-22 03:46:20.912411,public,tier-1,Awaiting screenshot and exact error timestamp from requester.
672,295,1,2024-01-22 05:08:04.473960,internal,tier-1,Vendor status page confirms partial service disruption.
673,296,6,2024-01-22 03:56:29.824699,public,identity,Monitor issue persisted after cable swap.
674,296,6,2024-01-22 05:53:05.142646,internal,identity,Confirmed issue reproducible on spare device.
675,296,6,2024-01-22 07:59:06.015926,public,identity,Customer contacted and asked to retry after cache clear.
676,297,1,2024-01-22 06:08:16.520209,internal,tier-1,Phone call completed with warehouse supervisor.
677,298,6,2024-01-21 23:26:49.892654,public,identity,Applied GPO update and forced policy refresh.
678,298,6,2024-01-22 02:43:13.955295,public,identity,Service restored; monitoring for repeat failures.
679,299,5,2024-01-22 03:27:39.600233,public,tier-2,Monitor issue persisted after cable swap.
680,300,3,2024-01-21 20:49:02.128795,public,tier-1,Network team reviewing firewall and VPN telemetry.
681,300,3,2024-01-22 14:08:29.300583,internal,tier-1,User reports workaround acceptable until maintenance window.
682,300,3,2024-01-22 20:49:44.687701,public,tier-1,Escalated to Tier 2 because issue impacts executive workflow.
683,301,5,2024-01-22 08:42:31.519645,public,tier-2,Confirmed issue reproducible on spare device.
684,301,5,2024-01-22 23:18:47.794739,public,tier-2,Found stale token in local credential manager.
685,301,5,2024-01-23 12:15:03.503680,internal,tier-2,Found stale token in local credential manager.
686,302,3,2024-01-21 22:03:48.436163,public,tier-1,Monitor issue persisted after cable swap.
687,302,3,2024-01-22 12:42:07.391041,internal,tier-1,Awaiting screenshot and exact error timestamp from requester.
688,303,1,2024-01-22 13:09:16.341821,public,tier-1,Escalated to Tier 2 because issue impacts executive workflow.
689,303,1,2024-01-22 14:38:52.357998,public,tier-1,User reports workaround acceptable until maintenance window.
690,303,1,2024-01-23 00:21:56.345218,internal,tier-1,User reports workaround acceptable until maintenance window.
691,304,1,2024-01-22 11:21:31.037737,public,tier-1,User reports workaround acceptable until maintenance window.
692,305,4,2024-01-22 15:40:11.643831,public,tier-2,Issue now limited to users on macOS Sonoma.
693,305,4,2024-01-23 01:09:56.320735,internal,tier-2,User reports workaround acceptable until maintenance window.
694,306,8,2024-01-22 02:48:44.845851,internal,business-apps,Found stale token in local credential manager.
695,307,6,2024-01-22 03:56:24.931281,public,identity,Service restored; monitoring for repeat failures.
696,308,2,2024-01-22 04:04:00.844046,public,tier-1,User reports workaround acceptable until maintenance window.
697,308,2,2024-01-22 07:43:32.144032,public,tier-1,Monitor issue persisted after cable swap.
698,308,2,2024-01-22 14:47:24.714839,public,tier-1,Queue backlog high due to concurrent outage tickets.
699,309,5,2024-01-22 06:23:45.956233,public,tier-2,Linked to active parent incident to reduce duplicate handling.
700,309,5,2024-01-22 09:57:23.353012,public,tier-2,Found stale token in local credential manager.
701,309,5,2024-01-22 11:41:28.625137,internal,tier-2,MFA re-registration completed successfully.
702,310,6,2024-01-22 15:26:10.356378,internal,identity,Security review requested before granting exception.
703,310,6,2024-01-22 23:24:06.171282,internal,identity,User reports workaround acceptable until maintenance window.
704,310,6,2024-01-23 16:25:34.669657,public,identity,Network team reviewing firewall and VPN telemetry.
705,311,3,2024-01-22 11:17:59.486628,public,tier-1,Escalated to Tier 2 because issue impacts executive workflow.
706,312,2,2024-01-23 00:52:21.853367,public,tier-1,Device shipped to depot for motherboard replacement.
707,312,2,2024-01-23 15:31:01.083600,internal,tier-1,Closing after three business days without reply.
708,312,2,2024-01-24 07:18:00.477431,public,tier-1,User verified access restored after role sync.
709,313,3,2024-01-23 01:54:25.105201,public,tier-1,Issue now limited to users on macOS Sonoma.
710,313,3,2024-01-23 05:43:35.215447,internal,tier-1,Escalated to Tier 2 because issue impacts executive workflow.
711,313,3,2024-01-23 14:52:22.655223,public,tier-1,Assigned specialist for ERP module permissions.
712,313,3,2024-01-24 03:40:01.744338,public,tier-1,Awaiting screenshot and exact error timestamp from requester.
713,314,1,2024-01-23 01:14:24.690423,public,tier-1,MFA re-registration completed successfully.
714,315,3,2024-01-23 04:55:09.466348,public,tier-1,Applied GPO update and forced policy refresh.
715,316,6,2024-01-22 20:33:08.923188,public,identity,Linked to active parent incident to reduce duplicate handling.
716,316,6,2024-01-23 02:30:36.662863,public,identity,Phone call completed with warehouse supervisor.
717,316,6,2024-01-23 04:29:13.044217,internal,identity,Reopened because problem recurred after overnight reboot.
718,316,6,2024-01-23 15:15:11.559602,public,identity,Found stale token in local credential manager.
719,317,9,2024-01-23 11:58:45.750395,public,security,Confirmed issue reproducible on spare device.
720,317,9,2024-01-23 20:41:18.391352,internal,security,Device shipped to depot for motherboard replacement.
721,317,9,2024-01-24 05:09:48.861581,public,security,Issue now limited to users on macOS Sonoma.
722,318,9,2024-01-22 21:37:07.192992,public,security,Network team reviewing firewall and VPN telemetry.
723,318,9,2024-01-23 06:43:09.210281,public,security,Monitor issue persisted after cable swap.
724,318,9,2024-01-23 08:43:37.149980,public,security,User verified access restored after role sync.
725,319,7,2024-01-23 05:45:51.142753,public,network,Customer contacted and asked to retry after cache clear.
726,319,7,2024-01-23 09:21:12.452302,public,network,Service restored; monitoring for repeat failures.
727,320,4,2024-01-23 20:48:53.284524,public,tier-2,Confirmed issue reproducible on spare device.
728,321,10,2024-01-23 22:36:02.617604,public,collaboration,Closing after three business days without reply.
729,321,10,2024-01-23 23:22:42.333468,internal,collaboration,Found stale token in local credential manager.
730,321,10,2024-01-24 01:25:10.274824,public,collaboration,Device shipped to depot for motherboard replacement.
731,322,10,2024-01-23 20:22:04.425838,internal,collaboration,Phone call completed with warehouse supervisor.
732,322,10,2024-01-24 07:18:10.286872,public,collaboration,Monitor issue persisted after cable swap.
733,323,4,2024-01-23 20:42:41.022766,public,tier-2,Issue now limited to users on macOS Sonoma.
734,323,4,2024-01-24 05:06:14.114469,internal,tier-2,Linked to active parent incident to reduce duplicate handling.
735,323,4,2024-01-24 11:10:11.591526,public,tier-2,Closing after three business days without reply.
736,323,4,2024-01-24 11:39:09.654094,public,tier-2,Assigned specialist for ERP module permissions.
737,324,1,2024-01-24 01:08:43.373715,public,tier-1,Vendor status page confirms partial service disruption.
738,324,1,2024-01-24 12:47:40.868731,public,tier-1,User verified access restored after role sync.
739,324,1,2024-01-25 03:23:30.821536,public,tier-1,Reopened because problem recurred after overnight reboot.
740,325,5,2024-01-24 00:23:21.422158,public,tier-2,Applied GPO update and forced policy refresh.
741,325,5,2024-01-24 13:38:43.534591,internal,tier-2,Awaiting screenshot and exact error timestamp from requester.
742,326,5,2024-01-23 23:51:52.854506,public,tier-2,Customer contacted and asked to retry after cache clear.
743,326,5,2024-01-24 14:19:56.994812,public,tier-2,Awaiting screenshot and exact error timestamp from requester.
744,326,5,2024-01-24 15:05:33.324575,public,tier-2,User reports workaround acceptable until maintenance window.
745,327,7,2024-01-23 19:00:00.166056,public,network,Assigned specialist for ERP module permissions.
746,327,7,2024-01-24 09:00:55.962170,public,network,Customer contacted and asked to retry after cache clear.
747,327,7,2024-01-24 17:53:35.377553,public,network,Queue backlog high due to concurrent outage tickets.
748,327,7,2024-01-25 11:38:57.686221,public,network,Confirmed issue reproducible on spare device.
749,328,2,2024-01-24 07:19:49.233214,internal,tier-1,Escalated to Tier 2 because issue impacts executive workflow.
750,328,2,2024-01-24 16:07:25.754378,public,tier-1,Phone call completed with warehouse supervisor.
751,328,2,2024-01-24 21:55:55.065704,public,tier-1,Awaiting screenshot and exact error timestamp from requester.
752,329,6,2024-01-24 14:55:10.709153,public,identity,Confirmed issue reproducible on spare device.
753,329,6,2024-01-24 18:14:27.421023,internal,identity,Temporary workaround provided pending vendor response.
754,329,6,2024-01-25 11:43:38.839581,public,identity,Awaiting screenshot and exact error timestamp from requester.
755,330,4,2024-01-24 02:54:39.562214,public,tier-2,MFA re-registration completed successfully.
756,331,5,2024-01-24 19:33:31.999848,public,tier-2,Security review requested before granting exception.
757,332,1,2024-01-24 12:09:25.523098,public,tier-1,Customer contacted and asked to retry after cache clear.
758,332,1,2024-01-24 13:00:19.471473,public,tier-1,Vendor status page confirms partial service disruption.
759,332,1,2024-01-25 02:07:30.768989,internal,tier-1,Monitor issue persisted after cable swap.
760,332,1,2024-01-25 06:51:16.182315,internal,tier-1,Reopened because problem recurred after overnight reboot.
761,333,6,2024-01-24 09:25:09.538556,public,identity,Service restored; monitoring for repeat failures.
762,333,6,2024-01-24 21:12:00.655021,public,identity,Issue now limited to users on macOS Sonoma.
763,333,6,2024-01-25 12:19:18.400851,public,identity,Reopened because problem recurred after overnight reboot.
764,334,1,2024-01-24 09:19:56.489665,internal,tier-1,Issue now limited to users on macOS Sonoma.
765,334,1,2024-01-24 11:20:44.236890,public,tier-1,Reopened because problem recurred after overnight reboot.
766,334,1,2024-01-25 01:43:54.957064,public,tier-1,Customer contacted and asked to retry after cache clear.
767,335,9,2024-01-24 11:19:45.799321,public,security,Confirmed issue reproducible on spare device.
768,335,9,2024-01-24 12:04:43.424692,public,security,Device shipped to depot for motherboard replacement.
769,335,9,2024-01-25 01:13:31.646346,public,security,Vendor status page confirms partial service disruption.
770,336,8,2024-01-24 16:19:22.437499,public,business-apps,Awaiting screenshot and exact error timestamp from requester.
771,336,8,2024-01-24 17:02:09.626638,public,business-apps,Issue now limited to users on macOS Sonoma.
772,337,10,2024-01-24 16:15:44.314440,internal,collaboration,Found stale token in local credential manager.
773,337,10,2024-01-25 04:00:59.047976,public,collaboration,Awaiting screenshot and exact error timestamp from requester.
774,338,7,2024-01-24 15:31:04.344818,public,network,Temporary workaround provided pending vendor response.
775,339,10,2024-01-24 19:07:27.213294,public,collaboration,Queue backlog high due to concurrent outage tickets.
776,339,10,2024-01-24 22:51:07.388381,public,collaboration,Customer contacted and asked to retry after cache clear.
777,339,10,2024-01-25 02:41:40.413696,internal,collaboration,Device shipped to depot for motherboard replacement.
778,340,3,2024-01-24 20:34:21.915980,public,tier-1,Issue now limited to users on macOS Sonoma.
779,340,3,2024-01-25 07:29:53.621371,public,tier-1,User verified access restored after role sync.
780,340,3,2024-01-25 09:34:36.411860,public,tier-1,Vendor status page confirms partial service disruption.
781,341,1,2024-01-25 05:47:37.019789,public,tier-1,Vendor status page confirms partial service disruption.
782,341,1,2024-01-25 22:46:05.134480,public,tier-1,Temporary workaround provided pending vendor response.
783,341,1,2024-01-26 06:41:18.777450,public,tier-1,Reset print spooler and reinstalled queue.
784,342,10,2024-01-24 21:34:23.295491,internal,collaboration,Assigned specialist for ERP module permissions.
785,342,10,2024-01-25 00:46:17.802346,public,collaboration,Found stale token in local credential manager.
786,343,7,2024-01-25 05:30:59.560380,public,network,Reopened because problem recurred after overnight reboot.
787,343,7,2024-01-25 18:59:18.317694,public,network,Linked to active parent incident to reduce duplicate handling.
788,343,7,2024-01-25 23:45:15.688225,public,network,Temporary workaround provided pending vendor response.
789,344,7,2024-01-25 09:58:22.013271,public,network,Temporary workaround provided pending vendor response.
790,344,7,2024-01-25 22:12:17.801001,public,network,Awaiting screenshot and exact error timestamp from requester.
791,345,3,2024-01-25 15:48:28.104921,public,tier-1,Phone call completed with warehouse supervisor.
792,345,3,2024-01-26 08:26:20.361321,public,tier-1,Assigned specialist for ERP module permissions.
793,345,3,2024-01-26 17:49:06.676919,internal,tier-1,Queue backlog high due to concurrent outage tickets.
794,346,4,2024-01-25 15:53:35.841805,internal,tier-2,Linked to active parent incident to reduce duplicate handling.
795,347,7,2024-01-25 12:07:34.440352,public,network,Issue now limited to users on macOS Sonoma.
796,348,5,2024-01-25 21:26:33.781609,internal,tier-2,Device shipped to depot for motherboard replacement.
797,348,5,2024-01-26 04:24:40.269784,public,tier-2,Monitor issue persisted after cable swap.
798,348,5,2024-01-26 21:16:28.379440,public,tier-2,Monitor issue persisted after cable swap.
799,349,1,2024-01-26 00:17:36.196137,public,tier-1,Temporary workaround provided pending vendor response.
800,349,1,2024-01-26 15:44:40.561539,internal,tier-1,Closing after three business days without reply.
801,350,3,2024-01-25 10:29:59.688988,public,tier-1,Assigned specialist for ERP module permissions.
802,350,3,2024-01-26 00:55:34.143326,public,tier-1,Closing after three business days without reply.
803,350,3,2024-01-26 13:17:50.127103,internal,tier-1,User verified access restored after role sync.
804,350,3,2024-01-26 13:54:35.426342,public,tier-1,Confirmed issue reproducible on spare device.
805,351,4,2024-01-25 15:25:08.601240,public,tier-2,Phone call completed with warehouse supervisor.
806,352,9,2024-01-25 17:51:30.179212,internal,security,Monitor issue persisted after cable swap.
807,352,9,2024-01-26 01:15:22.287954,public,security,Closing after three business days without reply.
808,353,4,2024-01-26 01:10:13.452519,public,tier-2,Monitor issue persisted after cable swap.
809,354,5,2024-01-25 20:10:42.220223,public,tier-2,Linked to active parent incident to reduce duplicate handling.
810,354,5,2024-01-26 05:17:30.874394,public,tier-2,Found stale token in local credential manager.
811,354,5,2024-01-26 20:01:50.139923,public,tier-2,Network team reviewing firewall and VPN telemetry.
812,354,5,2024-01-27 13:39:44.784268,public,tier-2,Device shipped to depot for motherboard replacement.
813,354,5,2024-01-27 19:22:04.240386,public,tier-2,Escalated to Tier 2 because issue impacts executive workflow.
814,355,6,2024-01-26 01:37:42.611255,public,identity,Service restored; monitoring for repeat failures.
815,355,6,2024-01-26 09:00:58.573513,public,identity,Applied GPO update and forced policy refresh.
816,355,6,2024-01-26 12:51:39.233453,public,identity,Found stale token in local credential manager.
817,356,2,2024-01-26 04:10:42.002312,public,tier-1,Awaiting screenshot and exact error timestamp from requester.
818,356,2,2024-01-26 12:14:52.306128,internal,tier-1,Service restored; monitoring for repeat failures.
819,356,2,2024-01-26 19:35:40.447160,internal,tier-1,Assigned specialist for ERP module permissions.
820,356,2,2024-01-27 13:31:34.536370,public,tier-1,Customer contacted and asked to retry after cache clear.
821,356,2,2024-01-28 07:09:47.775524,public,tier-1,Customer contacted and asked to retry after cache clear.
822,357,6,2024-01-25 20:55:03.741553,public,identity,Confirmed issue reproducible on spare device.
823,357,6,2024-01-26 13:10:24.156832,public,identity,Confirmed issue reproducible on spare device.
824,357,6,2024-01-26 18:06:55.406939,public,identity,Device shipped to depot for motherboard replacement.
825,358,3,2024-01-25 23:48:55.014136,public,tier-1,Found stale token in local credential manager.
826,359,9,2024-01-26 08:43:50.358684,internal,security,Security review requested before granting exception.
827,359,9,2024-01-26 15:33:05.953471,public,security,MFA re-registration completed successfully.
828,359,9,2024-01-27 06:43:32.904398,public,security,Found stale token in local credential manager.
829,360,3,2024-01-26 12:36:45.187001,public,tier-1,Assigned specialist for ERP module permissions.
830,360,3,2024-01-27 04:47:41.365208,internal,tier-1,Security review requested before granting exception.
831,361,4,2024-01-26 18:26:57.697071,public,tier-2,Reset print spooler and reinstalled queue.
832,361,4,2024-01-26 23:13:53.336544,internal,tier-2,Phone call completed with warehouse supervisor.
833,362,5,2024-01-26 19:42:16.936515,internal,tier-2,Queue backlog high due to concurrent outage tickets.
834,362,5,2024-01-27 13:10:16.757752,public,tier-2,Applied GPO update and forced policy refresh.
835,363,4,2024-01-26 14:28:35.053827,public,tier-2,Phone call completed with warehouse supervisor.
836,364,6,2024-01-26 22:53:54.704294,public,identity,Issue now limited to users on macOS Sonoma.
837,364,6,2024-01-27 00:34:43.290779,public,identity,Device shipped to depot for motherboard replacement.
838,365,8,2024-01-26 13:32:46.315261,public,business-apps,Found stale token in local credential manager.
839,365,8,2024-01-26 22:46:43.047856,internal,business-apps,Phone call completed with warehouse supervisor.
840,366,10,2024-01-26 16:23:21.505786,public,collaboration,Reset print spooler and reinstalled queue.
841,366,10,2024-01-27 04:09:03.996610,public,collaboration,Closing after three business days without reply.
842,367,9,2024-01-26 12:47:32.830488,public,security,Customer contacted and asked to retry after cache clear.
843,367,9,2024-01-27 03:30:54.810200,internal,security,Reset print spooler and reinstalled queue.
844,367,9,2024-01-27 17:59:38.716243,public,security,Reopened because problem recurred after overnight reboot.
845,368,3,2024-01-26 20:51:44.923449,public,tier-1,Reset print spooler and reinstalled queue.
846,368,3,2024-01-27 04:50:06.691101,internal,tier-1,Security review requested before granting exception.
847,368,3,2024-01-27 14:00:35.196300,public,tier-1,Escalated to Tier 2 because issue impacts executive workflow.
848,369,7,2024-01-27 03:19:47.485132,public,network,MFA re-registration completed successfully.
849,369,7,2024-01-27 20:54:30.998111,public,network,Confirmed issue reproducible on spare device.
850,369,7,2024-01-28 06:07:39.025733,internal,network,Phone call completed with warehouse supervisor.
851,370,4,2024-01-26 23:15:05.458667,public,tier-2,Service restored; monitoring for repeat failures.
852,370,4,2024-01-27 08:06:01.056496,public,tier-2,Vendor status page confirms partial service disruption.
853,370,4,2024-01-27 12:14:43.021982,public,tier-2,Security review requested before granting exception.
854,371,9,2024-01-27 13:34:16.589429,internal,security,Assigned specialist for ERP module permissions.
855,372,1,2024-01-27 00:48:10.362256,internal,tier-1,Applied GPO update and forced policy refresh.
856,373,10,2024-01-27 15:34:23.280040,public,collaboration,Issue now limited to users on macOS Sonoma.
857,373,10,2024-01-28 02:18:39.526604,public,collaboration,Issue now limited to users on macOS Sonoma.
858,374,4,2024-01-27 17:36:34.974391,public,tier-2,Queue backlog high due to concurrent outage tickets.
859,375,8,2024-01-27 12:55:33.762440,public,business-apps,Reset print spooler and reinstalled queue.
860,375,8,2024-01-27 19:22:43.978217,internal,business-apps,Awaiting screenshot and exact error timestamp from requester.
861,375,8,2024-01-28 03:45:16.933210,public,business-apps,Security review requested before granting exception.
862,376,7,2024-01-27 07:50:50.589230,internal,network,Assigned specialist for ERP module permissions.
863,376,7,2024-01-27 15:52:12.820804,public,network,Temporary workaround provided pending vendor response.
864,377,4,2024-01-27 08:16:01.535105,public,tier-2,Confirmed issue reproducible on spare device.
865,378,10,2024-01-27 12:53:05.366176,public,collaboration,Temporary workaround provided pending vendor response.
866,379,3,2024-01-27 11:52:41.734921,public,tier-1,Issue now limited to users on macOS Sonoma.
867,379,3,2024-01-28 03:14:52.881344,public,tier-1,Security review requested before granting exception.
868,380,8,2024-01-27 17:01:18.555676,public,business-apps,User reports workaround acceptable until maintenance window.
869,380,8,2024-01-28 03:05:22.892462,internal,business-apps,Queue backlog high due to concurrent outage tickets.
870,380,8,2024-01-28 15:35:37.201386,internal,business-apps,Security review requested before granting exception.
871,381,10,2024-01-27 21:00:56.667778,internal,collaboration,User reports workaround acceptable until maintenance window.
872,381,10,2024-01-28 12:13:54.319844,internal,collaboration,Assigned specialist for ERP module permissions.
873,382,2,2024-01-27 15:22:05.195961,public,tier-1,Customer contacted and asked to retry after cache clear.
874,382,2,2024-01-28 02:19:35.006607,public,tier-1,Confirmed issue reproducible on spare device.
875,382,2,2024-01-28 11:54:49.066352,public,tier-1,User reports workaround acceptable until maintenance window.
876,383,10,2024-01-27 11:40:58.824038,public,collaboration,Escalated to Tier 2 because issue impacts executive workflow.
877,383,10,2024-01-27 19:20:21.112961,public,collaboration,Closing after three business days without reply.
878,383,10,2024-01-28 10:22:19.082539,public,collaboration,Reset print spooler and reinstalled queue.
879,384,9,2024-01-27 16:30:00.517427,internal,security,User verified access restored after role sync.
880,384,9,2024-01-28 10:04:22.353638,internal,security,Issue now limited to users on macOS Sonoma.
881,384,9,2024-01-29 01:56:40.183048,public,security,Customer contacted and asked to retry after cache clear.
882,384,9,2024-01-29 14:06:36.754492,public,security,Phone call completed with warehouse supervisor.
883,385,4,2024-01-28 06:31:43.123806,public,tier-2,Applied GPO update and forced policy refresh.
884,385,4,2024-01-28 12:48:38.745417,public,tier-2,Temporary workaround provided pending vendor response.
885,386,9,2024-01-27 21:51:28.182560,public,security,Service restored; monitoring for repeat failures.
886,386,9,2024-01-28 11:50:54.023086,public,security,Closing after three business days without reply.
887,386,9,2024-01-29 00:47:04.698806,public,security,Closing after three business days without reply.
888,387,1,2024-01-28 13:18:57.661803,public,tier-1,Escalated to Tier 2 because issue impacts executive workflow.
889,387,1,2024-01-28 21:14:38.193506,public,tier-1,Vendor status page confirms partial service disruption.
890,388,2,2024-01-28 11:08:23.207440,internal,tier-1,Confirmed issue reproducible on spare device.
891,389,8,2024-01-28 05:18:31.540810,internal,business-apps,MFA re-registration completed successfully.
892,389,8,2024-01-28 18:56:10.617077,public,business-apps,User verified access restored after role sync.
893,389,8,2024-01-29 00:46:33.726445,public,business-apps,User verified access restored after role sync.
894,389,8,2024-01-29 17:02:11.334571,public,business-apps,Escalated to Tier 2 because issue impacts executive workflow.
895,390,10,2024-01-28 10:52:12.176218,public,collaboration,Confirmed issue reproducible on spare device.
896,390,10,2024-01-28 21:13:15.832645,public,collaboration,Assigned specialist for ERP module permissions.
897,390,10,2024-01-28 21:46:05.973202,public,collaboration,Reopened because problem recurred after overnight reboot.
898,391,2,2024-01-28 19:55:29.666749,internal,tier-1,Closing after three business days without reply.
899,392,8,2024-01-28 15:17:05.880271,public,business-apps,MFA re-registration completed successfully.
900,392,8,2024-01-28 21:05:31.626709,internal,business-apps,Security review requested before granting exception.
901,392,8,2024-01-28 23:53:19.751861,internal,business-apps,Service restored; monitoring for repeat failures.
902,393,2,2024-01-29 01:10:56.196683,public,tier-1,Found stale token in local credential manager.
903,393,2,2024-01-29 14:06:34.049816,public,tier-1,Customer contacted and asked to retry after cache clear.
904,394,8,2024-01-29 02:24:35.614172,internal,business-apps,MFA re-registration completed successfully.
905,394,8,2024-01-29 19:53:12.675266,public,business-apps,Network team reviewing firewall and VPN telemetry.
906,394,8,2024-01-30 05:40:39.999869,public,business-apps,Customer contacted and asked to retry after cache clear.
907,395,9,2024-01-29 03:29:50.065433,public,security,Linked to active parent incident to reduce duplicate handling.
908,395,9,2024-01-29 19:06:59.626477,public,security,Issue now limited to users on macOS Sonoma.
909,395,9,2024-01-29 21:11:23.298443,public,security,Reopened because problem recurred after overnight reboot.
910,396,5,2024-01-29 04:03:15.025356,public,tier-2,Service restored; monitoring for repeat failures.
911,396,5,2024-01-29 15:13:35.515061,internal,tier-2,User reports workaround acceptable until maintenance window.
912,397,2,2024-01-28 19:20:59.565922,public,tier-1,Linked to active parent incident to reduce duplicate handling.
913,398,3,2024-01-28 20:16:24.327618,internal,tier-1,User verified access restored after role sync.
914,399,6,2024-01-28 15:40:17.898011,public,identity,Confirmed issue reproducible on spare device.
915,399,6,2024-01-29 04:20:16.518263,public,identity,Service restored; monitoring for repeat failures.
916,399,6,2024-01-29 06:17:58.911143,public,identity,Queue backlog high due to concurrent outage tickets.
917,400,8,2024-01-29 03:30:05.291442,public,business-apps,Queue backlog high due to concurrent outage tickets.
918,400,8,2024-01-29 07:51:43.500123,public,business-apps,Reopened because problem recurred after overnight reboot.
919,400,8,2024-01-29 15:23:18.162963,internal,business-apps,Confirmed issue reproducible on spare device.
920,401,6,2024-01-29 00:41:13.489943,public,identity,Reset print spooler and reinstalled queue.
921,401,6,2024-01-29 16:32:05.679108,public,identity,Applied GPO update and forced policy refresh.
922,402,5,2024-01-28 22:34:28.479895,public,tier-2,Assigned specialist for ERP module permissions.
923,402,5,2024-01-29 16:23:06.698863,public,tier-2,Assigned specialist for ERP module permissions.
924,402,5,2024-01-30 07:10:25.381223,public,tier-2,Network team reviewing firewall and VPN telemetry.
925,402,5,2024-01-31 00:12:28.083227,internal,tier-2,Monitor issue persisted after cable swap.
926,402,5,2024-01-31 17:12:29.411898,public,tier-2,MFA re-registration completed successfully.
927,403,7,2024-01-29 05:33:54.945918,public,network,Found stale token in local credential manager.
928,403,7,2024-01-29 10:29:15.205227,internal,network,Confirmed issue reproducible on spare device.
929,404,10,2024-01-29 17:12:32.482700,public,collaboration,Found stale token in local credential manager.
930,404,10,2024-01-29 22:42:08.410983,public,collaboration,Network team reviewing firewall and VPN telemetry.
931,405,8,2024-01-29 09:44:32.671797,public,business-apps,Vendor status page confirms partial service disruption.
932,406,2,2024-01-29 17:26:27.369737,public,tier-1,Escalated to Tier 2 because issue impacts executive workflow.
933,407,2,2024-01-29 06:07:02.687218,internal,tier-1,Network team reviewing firewall and VPN telemetry.
934,407,2,2024-01-29 18:16:01.342758,public,tier-1,Issue now limited to users on macOS Sonoma.
935,408,4,2024-01-29 11:44:27.070391,public,tier-2,Device shipped to depot for motherboard replacement.
936,408,4,2024-01-29 23:26:22.328744,public,tier-2,Vendor status page confirms partial service disruption.
937,408,4,2024-01-30 16:21:38.614411,public,tier-2,Monitor issue persisted after cable swap.
938,409,3,2024-01-29 12:25:20.336813,public,tier-1,MFA re-registration completed successfully.
939,409,3,2024-01-29 23:15:46.670397,public,tier-1,Customer contacted and asked to retry after cache clear.
940,409,3,2024-01-30 08:36:01.348653,public,tier-1,Queue backlog high due to concurrent outage tickets.
941,409,3,2024-01-30 18:29:04.723277,internal,tier-1,Confirmed issue reproducible on spare device.
942,409,3,2024-01-30 21:13:14.717923,public,tier-1,Closing after three business days without reply.
943,410,8,2024-01-30 00:47:21.659474,internal,business-apps,Assigned specialist for ERP module permissions.
944,411,10,2024-01-29 15:30:21.271918,public,collaboration,Confirmed issue reproducible on spare device.
945,412,6,2024-01-29 13:32:21.361956,public,identity,User reports workaround acceptable until maintenance window.
946,412,6,2024-01-30 04:13:23.663161,public,identity,Service restored; monitoring for repeat failures.
947,412,6,2024-01-30 16:52:01.970815,internal,identity,Customer contacted and asked to retry after cache clear.
948,413,9,2024-01-30 06:29:51.529723,internal,security,Reset print spooler and reinstalled queue.
949,413,9,2024-01-30 16:59:14.465845,public,security,Customer contacted and asked to retry after cache clear.
950,414,5,2024-01-30 05:37:11.226318,public,tier-2,Service restored; monitoring for repeat failures.
951,415,7,2024-01-29 19:11:54.390987,internal,network,Linked to active parent incident to reduce duplicate handling.
952,415,7,2024-01-30 06:03:14.442672,public,network,Service restored; monitoring for repeat failures.
953,415,7,2024-01-30 14:06:12.344821,internal,network,MFA re-registration completed successfully.
954,416,8,2024-01-30 00:14:00.468997,internal,business-apps,Reset print spooler and reinstalled queue.
955,417,3,2024-01-29 22:14:03.057637,public,tier-1,Closing after three business days without reply.
956,417,3,2024-01-30 08:21:47.880052,public,tier-1,Applied GPO update and forced policy refresh.
957,417,3,2024-01-30 12:48:05.887857,public,tier-1,Issue now limited to users on macOS Sonoma.
958,418,8,2024-01-30 07:26:34.860883,public,business-apps,Security review requested before granting exception.
959,418,8,2024-01-30 13:11:32.677586,public,business-apps,Applied GPO update and forced policy refresh.
960,419,6,2024-01-29 23:50:52.630840,internal,identity,Applied GPO update and forced policy refresh.
961,419,6,2024-01-30 07:41:53.013556,internal,identity,Device shipped to depot for motherboard replacement.
962,419,6,2024-01-30 08:08:16.232994,public,identity,Issue now limited to users on macOS Sonoma.
963,419,6,2024-01-30 13:00:52.149782,public,identity,Monitor issue persisted after cable swap.
964,420,6,2024-01-30 12:48:47.571749,public,identity,Queue backlog high due to concurrent outage tickets.
965,420,6,2024-01-31 06:11:16.122161,public,identity,Issue now limited to users on macOS Sonoma.
966,421,3,2024-01-30 03:33:03.879474,public,tier-1,Customer contacted and asked to retry after cache clear.
967,422,4,2024-01-30 00:57:34.585748,internal,tier-2,Confirmed issue reproducible on spare device.
968,423,9,2024-01-30 17:40:16.710096,public,security,Service restored; monitoring for repeat failures.
969,423,9,2024-01-31 09:18:13.450163,internal,security,Security review requested before granting exception.
970,423,9,2024-01-31 18:04:16.491655,public,security,Network team reviewing firewall and VPN telemetry.
971,424,7,2024-01-30 09:55:38.222014,public,network,Assigned specialist for ERP module permissions.
972,425,2,2024-01-30 23:21:37.525629,public,tier-1,Vendor status page confirms partial service disruption.
973,425,2,2024-01-31 02:04:32.297688,internal,tier-1,Security review requested before granting exception.
974,426,6,2024-01-30 15:33:55.457313,internal,identity,User verified access restored after role sync.
975,427,7,2024-01-31 02:27:22.766384,public,network,MFA re-registration completed successfully.
976,427,7,2024-01-31 06:45:43.693753,public,network,Customer contacted and asked to retry after cache clear.
977,427,7,2024-01-31 19:27:28.346145,public,network,Device shipped to depot for motherboard replacement.
978,428,8,2024-01-30 14:19:41.076483,public,business-apps,Customer contacted and asked to retry after cache clear.
979,429,9,2024-01-31 02:09:08.513296,internal,security,Vendor status page confirms partial service disruption.
980,429,9,2024-01-31 17:05:39.698345,public,security,Queue backlog high due to concurrent outage tickets.
981,429,9,2024-01-31 22:55:06.346947,public,security,Security review requested before granting exception.
982,430,7,2024-01-31 11:55:31.951564,internal,network,Issue now limited to users on macOS Sonoma.
983,430,7,2024-01-31 18:40:21.207062,internal,network,MFA re-registration completed successfully.
984,430,7,2024-01-31 20:40:14.855375,public,network,User verified access restored after role sync.
985,431,1,2024-01-31 07:44:23.053999,public,tier-1,Queue backlog high due to concurrent outage tickets.
986,432,5,2024-01-31 09:14:41.052080,public,tier-2,Closing after three business days without reply.
987,432,5,2024-02-01 00:24:19.374341,public,tier-2,Awaiting screenshot and exact error timestamp from requester.
988,432,5,2024-02-01 06:29:45.381500,internal,tier-2,Security review requested before granting exception.
989,433,3,2024-01-31 11:33:25.967584,public,tier-1,Closing after three business days without reply.
990,433,3,2024-01-31 16:16:36.523900,public,tier-1,Phone call completed with warehouse supervisor.
991,434,1,2024-01-31 02:06:57.534338,public,tier-1,Linked to active parent incident to reduce duplicate handling.
992,434,1,2024-01-31 07:01:59.981731,public,tier-1,Network team reviewing firewall and VPN telemetry.
993,435,10,2024-01-31 03:18:54.234195,public,collaboration,Service restored; monitoring for repeat failures.
994,435,10,2024-01-31 10:52:07.471995,internal,collaboration,Temporary workaround provided pending vendor response.
995,435,10,2024-01-31 13:18:50.769717,internal,collaboration,Issue now limited to users on macOS Sonoma.
996,436,2,2024-01-31 07:00:46.466980,public,tier-1,Network team reviewing firewall and VPN telemetry.
997,437,3,2024-01-31 14:23:45.430492,public,tier-1,Network team reviewing firewall and VPN telemetry.
998,438,4,2024-01-31 17:34:27.028670,internal,tier-2,User verified access restored after role sync.
999,439,5,2024-01-31 23:01:18.881605,internal,tier-2,Monitor issue persisted after cable swap.
1000,439,5,2024-02-01 10:27:52.033581,public,tier-2,Applied GPO update and forced policy refresh.
1001,439,5,2024-02-02 04:12:51.019964,internal,tier-2,Service restored; monitoring for repeat failures.
1002,440,7,2024-01-31 15:47:10.918027,public,network,Service restored; monitoring for repeat failures.
1003,440,7,2024-01-31 21:19:56.618986,public,network,User verified access restored after role sync.
1004,440,7,2024-01-31 23:18:27.108486,public,network,Device shipped to depot for motherboard replacement.
1005,441,4,2024-02-01 05:22:08.335962,internal,tier-2,Awaiting screenshot and exact error timestamp from requester.
1006,441,4,2024-02-01 12:15:17.854440,internal,tier-2,Monitor issue persisted after cable swap.
1007,441,4,2024-02-01 15:36:56.949786,public,tier-2,Device shipped to depot for motherboard replacement.
1008,442,8,2024-02-01 01:57:44.069242,internal,business-apps,Vendor status page confirms partial service disruption.
1009,442,8,2024-02-01 08:35:07.800405,internal,business-apps,Closing after three business days without reply.
1010,442,8,2024-02-01 22:35:12.601914,public,business-apps,Confirmed issue reproducible on spare device.
1011,443,2,2024-02-01 02:15:07.803870,internal,tier-1,User verified access restored after role sync.
1012,443,2,2024-02-01 11:09:42.227774,public,tier-1,Phone call completed with warehouse supervisor.
1013,443,2,2024-02-02 01:17:37.623392,public,tier-1,Reopened because problem recurred after overnight reboot.
1014,443,2,2024-02-02 11:02:05.133963,public,tier-1,Closing after three business days without reply.
1015,444,10,2024-01-31 20:14:17.557676,internal,collaboration,User reports workaround acceptable until maintenance window.
1016,444,10,2024-02-01 05:07:25.684860,public,collaboration,Vendor status page confirms partial service disruption.
1017,445,9,2024-02-01 04:53:26.296727,internal,security,Queue backlog high due to concurrent outage tickets.
1018,446,6,2024-01-31 22:54:31.393056,public,identity,Monitor issue persisted after cable swap.
1019,446,6,2024-02-01 15:14:23.660953,public,identity,Queue backlog high due to concurrent outage tickets.
1020,447,1,2024-02-01 12:41:20.530313,internal,tier-1,Escalated to Tier 2 because issue impacts executive workflow.
1021,447,1,2024-02-02 00:39:58.316585,public,tier-1,User reports workaround acceptable until maintenance window.
1022,447,1,2024-02-02 10:23:29.349235,public,tier-1,Customer contacted and asked to retry after cache clear.
1023,448,8,2024-02-01 17:30:45.832523,internal,business-apps,Applied GPO update and forced policy refresh.
1024,449,8,2024-02-01 22:01:02.741911,public,business-apps,Phone call completed with warehouse supervisor.
1025,449,8,2024-02-02 02:57:37.551262,public,business-apps,Monitor issue persisted after cable swap.
1026,449,8,2024-02-02 03:34:45.881139,internal,business-apps,Monitor issue persisted after cable swap.
1027,450,7,2024-02-01 18:44:17.201966,internal,network,Service restored; monitoring for repeat failures.
1028,450,7,2024-02-02 09:23:06.317641,public,network,Escalated to Tier 2 because issue impacts executive workflow.
1029,451,3,2024-02-01 20:28:58.733041,internal,tier-1,Device shipped to depot for motherboard replacement.
1030,451,3,2024-02-02 10:28:09.110229,public,tier-1,Applied GPO update and forced policy refresh.
1031,451,3,2024-02-02 13:22:12.760687,internal,tier-1,Vendor status page confirms partial service disruption.
1032,452,5,2024-02-01 19:22:28.082554,public,tier-2,Customer contacted and asked to retry after cache clear.
1033,452,5,2024-02-01 21:43:15.275406,public,tier-2,Monitor issue persisted after cable swap.
1034,453,5,2024-02-01 12:49:52.493519,public,tier-2,Customer contacted and asked to retry after cache clear.
1035,454,7,2024-02-01 12:30:23.572566,public,network,Assigned specialist for ERP module permissions.
1036,454,7,2024-02-01 17:19:42.662910,public,network,Confirmed issue reproducible on spare device.
1037,454,7,2024-02-02 07:44:31.154744,public,network,Awaiting screenshot and exact error timestamp from requester.
1038,455,4,2024-02-01 14:19:39.125919,public,tier-2,Device shipped to depot for motherboard replacement.
1039,456,5,2024-02-02 00:46:01.794801,internal,tier-2,Device shipped to depot for motherboard replacement.
1040,456,5,2024-02-02 03:15:23.377041,public,tier-2,MFA re-registration completed successfully.
1041,456,5,2024-02-02 03:45:14.025043,internal,tier-2,Phone call completed with warehouse supervisor.
1042,457,10,2024-02-01 23:02:30.521625,internal,collaboration,Awaiting screenshot and exact error timestamp from requester.
1043,457,10,2024-02-02 06:56:40.510848,public,collaboration,Service restored; monitoring for repeat failures.
1044,457,10,2024-02-03 00:13:00.433619,public,collaboration,User verified access restored after role sync.
1045,458,5,2024-02-02 11:11:14.975385,public,tier-2,Found stale token in local credential manager.
1046,459,6,2024-02-02 01:40:33.532010,public,identity,Security review requested before granting exception.
1047,459,6,2024-02-02 09:14:53.010254,internal,identity,MFA re-registration completed successfully.
1048,460,10,2024-02-02 16:27:25.727755,public,collaboration,Confirmed issue reproducible on spare device.
1049,460,10,2024-02-03 01:30:30.719583,public,collaboration,Vendor status page confirms partial service disruption.
1050,460,10,2024-02-03 02:06:51.771085,public,collaboration,Confirmed issue reproducible on spare device.
1051,460,10,2024-02-03 16:41:08.715175,public,collaboration,User verified access restored after role sync.
1052,461,10,2024-02-02 09:00:30.791175,public,collaboration,Vendor status page confirms partial service disruption.
1053,462,6,2024-02-02 15:15:22.557970,public,identity,User reports workaround acceptable until maintenance window.
1054,462,6,2024-02-02 22:53:57.404214,internal,identity,Linked to active parent incident to reduce duplicate handling.
1055,462,6,2024-02-03 06:52:28.009077,public,identity,Network team reviewing firewall and VPN telemetry.
1056,463,3,2024-02-03 06:02:54.040469,public,tier-1,Security review requested before granting exception.
1057,463,3,2024-02-03 21:32:34.912111,public,tier-1,Phone call completed with warehouse supervisor.
1058,464,2,2024-02-02 18:43:25.376659,public,tier-1,Customer contacted and asked to retry after cache clear.
1059,464,2,2024-02-03 00:08:52.992438,public,tier-1,Reset print spooler and reinstalled queue.
1060,465,9,2024-02-02 18:13:16.972503,internal,security,Vendor status page confirms partial service disruption.
1061,466,6,2024-02-02 14:53:15.945861,public,identity,Customer contacted and asked to retry after cache clear.
1062,466,6,2024-02-02 15:54:02.812141,public,identity,Applied GPO update and forced policy refresh.
1063,467,6,2024-02-02 21:54:52.709046,public,identity,Phone call completed with warehouse supervisor.
1064,467,6,2024-02-03 11:49:24.106678,public,identity,Found stale token in local credential manager.
1065,467,6,2024-02-04 05:31:24.432194,public,identity,Monitor issue persisted after cable swap.
1066,467,6,2024-02-04 21:45:08.871961,internal,identity,User verified access restored after role sync.
1067,467,6,2024-02-05 09:14:33.810314,internal,identity,Reset print spooler and reinstalled queue.
1068,468,10,2024-02-03 08:08:19.901331,internal,collaboration,Customer contacted and asked to retry after cache clear.
1069,468,10,2024-02-03 10:54:25.418913,internal,collaboration,Monitor issue persisted after cable swap.
1070,468,10,2024-02-04 04:23:06.402743,public,collaboration,Awaiting screenshot and exact error timestamp from requester.
1071,468,10,2024-02-04 15:24:50.750042,public,collaboration,Issue now limited to users on macOS Sonoma.
1072,468,10,2024-02-05 02:17:45.866758,internal,collaboration,Reset print spooler and reinstalled queue.
1073,469,4,2024-02-03 02:54:50.029000,public,tier-2,Security review requested before granting exception.
1074,470,2,2024-02-02 17:00:15.385612,public,tier-1,Queue backlog high due to concurrent outage tickets.
1075,470,2,2024-02-02 17:26:58.708101,public,tier-1,Awaiting screenshot and exact error timestamp from requester.
1076,470,2,2024-02-02 17:59:40.937392,public,tier-1,Phone call completed with warehouse supervisor.
1077,471,7,2024-02-02 21:44:49.804834,public,network,Monitor issue persisted after cable swap.
1078,472,10,2024-02-03 03:23:11.450063,internal,collaboration,Temporary workaround provided pending vendor response.
1079,473,2,2024-02-03 04:13:09.454486,internal,tier-1,Closing after three business days without reply.
1080,474,10,2024-02-03 08:04:51.597632,public,collaboration,Vendor status page confirms partial service disruption.
1081,475,6,2024-02-03 17:11:27.288832,public,identity,Issue now limited to users on macOS Sonoma.
1082,475,6,2024-02-04 08:00:00.040674,public,identity,Service restored; monitoring for repeat failures.
1083,476,6,2024-02-03 05:44:37.307401,public,identity,User verified access restored after role sync.
1084,477,10,2024-02-03 09:44:09.366680,public,collaboration,Closing after three business days without reply.
1085,478,4,2024-02-03 11:36:00.148221,internal,tier-2,Issue now limited to users on macOS Sonoma.
1086,478,4,2024-02-03 19:18:06.627513,public,tier-2,Security review requested before granting exception.
1087,479,8,2024-02-03 21:25:03.010345,public,business-apps,Linked to active parent incident to reduce duplicate handling.
1088,480,1,2024-02-03 14:38:17.863601,public,tier-1,Found stale token in local credential manager.
1089,480,1,2024-02-03 16:57:21.427776,internal,tier-1,Service restored; monitoring for repeat failures.
1090,480,1,2024-02-04 10:09:26.434452,internal,tier-1,Applied GPO update and forced policy refresh.
1091,480,1,2024-02-04 20:27:22.448528,internal,tier-1,Reset print spooler and reinstalled queue.
1092,481,7,2024-02-03 22:53:07.328104,public,network,Closing after three business days without reply.
1093,481,7,2024-02-04 00:39:24.295481,public,network,Temporary workaround provided pending vendor response.
1094,481,7,2024-02-04 11:05:43.252567,internal,network,User verified access restored after role sync.
1095,482,1,2024-02-04 05:16:06.201579,internal,tier-1,Customer contacted and asked to retry after cache clear.
1096,482,1,2024-02-04 15:07:22.326535,public,tier-1,Phone call completed with warehouse supervisor.
1097,482,1,2024-02-04 16:11:38.863169,public,tier-1,Queue backlog high due to concurrent outage tickets.
1098,483,1,2024-02-04 00:24:26.580497,internal,tier-1,Issue now limited to users on macOS Sonoma.
1099,483,1,2024-02-04 07:02:06.784426,internal,tier-1,Vendor status page confirms partial service disruption.
1100,483,1,2024-02-04 15:43:10.326773,public,tier-1,Assigned specialist for ERP module permissions.
1101,484,4,2024-02-04 04:27:47.083910,public,tier-2,Monitor issue persisted after cable swap.
1102,484,4,2024-02-04 09:40:37.819193,public,tier-2,Confirmed issue reproducible on spare device.
1103,484,4,2024-02-04 11:47:19.895101,public,tier-2,Issue now limited to users on macOS Sonoma.
1104,485,4,2024-02-03 21:56:41.869193,internal,tier-2,Closing after three business days without reply.
1105,485,4,2024-02-04 00:20:30.082769,public,tier-2,Awaiting screenshot and exact error timestamp from requester.
1106,486,8,2024-02-04 09:46:17.849738,public,business-apps,Issue now limited to users on macOS Sonoma.
1107,486,8,2024-02-04 11:34:29.096586,internal,business-apps,Awaiting screenshot and exact error timestamp from requester.
1108,487,9,2024-02-04 03:45:21.752106,public,security,Linked to active parent incident to reduce duplicate handling.
1109,488,10,2024-02-04 12:24:47.322038,public,collaboration,Escalated to Tier 2 because issue impacts executive workflow.
1110,489,7,2024-02-04 06:20:28.302348,public,network,Vendor status page confirms partial service disruption.
1111,489,7,2024-02-04 22:34:04.175197,public,network,Network team reviewing firewall and VPN telemetry.
1112,489,7,2024-02-05 16:17:28.553811,public,network,Network team reviewing firewall and VPN telemetry.
1113,490,2,2024-02-04 01:58:57.143439,internal,tier-1,Applied GPO update and forced policy refresh.
1114,491,7,2024-02-04 16:04:09.256363,internal,network,Device shipped to depot for motherboard replacement.
1115,491,7,2024-02-04 17:13:48.088833,public,network,Found stale token in local credential manager.
1116,491,7,2024-02-05 10:07:07.807337,internal,network,Applied GPO update and forced policy refresh.
1117,491,7,2024-02-06 01:09:26.749970,internal,network,Monitor issue persisted after cable swap.
1118,492,5,2024-02-04 03:39:02.973208,internal,tier-2,Escalated to Tier 2 because issue impacts executive workflow.
1119,493,6,2024-02-04 09:45:19.978661,public,identity,Linked to active parent incident to reduce duplicate handling.
1120,493,6,2024-02-04 21:48:15.350172,public,identity,Assigned specialist for ERP module permissions.
1121,494,6,2024-02-04 08:32:49.318567,internal,identity,Assigned specialist for ERP module permissions.
1122,494,6,2024-02-04 15:42:19.602466,public,identity,Device shipped to depot for motherboard replacement.
1123,495,9,2024-02-04 19:17:08.186134,public,security,Network team reviewing firewall and VPN telemetry.
1124,496,4,2024-02-04 18:17:00.073564,public,tier-2,Queue backlog high due to concurrent outage tickets.
1125,497,10,2024-02-05 00:19:15.664352,public,collaboration,Assigned specialist for ERP module permissions.
1126,497,10,2024-02-05 18:14:23.883135,public,collaboration,Network team reviewing firewall and VPN telemetry.
1127,498,6,2024-02-04 15:05:35.142437,public,identity,Vendor status page confirms partial service disruption.
1128,498,6,2024-02-05 04:05:31.303561,internal,identity,Temporary workaround provided pending vendor response.
1129,498,6,2024-02-05 04:50:35.067806,public,identity,Assigned specialist for ERP module permissions.
1130,499,7,2024-02-04 19:40:41.887472,public,network,Issue now limited to users on macOS Sonoma.
1131,500,10,2024-02-04 19:01:10.311107,public,collaboration,Vendor status page confirms partial service disruption.
1132,500,10,2024-02-04 19:49:07.053923,internal,collaboration,Awaiting screenshot and exact error timestamp from requester.
1133,500,10,2024-02-05 02:23:12.154488,public,collaboration,Linked to active parent incident to reduce duplicate handling.
1134,501,9,2024-02-05 03:38:20.286581,internal,security,Phone call completed with warehouse supervisor.
1135,502,5,2024-02-05 05:54:15.075470,internal,tier-2,Network team reviewing firewall and VPN telemetry.
1136,503,3,2024-02-05 09:13:32.551837,internal,tier-1,User reports workaround acceptable until maintenance window.
1137,503,3,2024-02-05 20:30:27.143751,public,tier-1,Found stale token in local credential manager.
1138,503,3,2024-02-06 10:51:45.230530,internal,tier-1,Closing after three business days without reply.
1139,504,2,2024-02-05 09:00:51.342256,public,tier-1,Customer contacted and asked to retry after cache clear.
1140,504,2,2024-02-05 15:30:46.803489,internal,tier-1,Confirmed issue reproducible on spare device.
1141,504,2,2024-02-06 07:00:35.834118,internal,tier-1,Closing after three business days without reply.
1142,505,4,2024-02-05 12:24:50.906781,public,tier-2,MFA re-registration completed successfully.
1143,506,7,2024-02-05 09:38:22.941981,internal,network,Network team reviewing firewall and VPN telemetry.
1144,506,7,2024-02-05 18:57:42.983906,internal,network,Service restored; monitoring for repeat failures.
1145,506,7,2024-02-06 01:55:28.737840,public,network,Applied GPO update and forced policy refresh.
1146,507,8,2024-02-05 12:09:15.285420,internal,business-apps,Linked to active parent incident to reduce duplicate handling.
1147,508,1,2024-02-05 19:39:26.894588,public,tier-1,Service restored; monitoring for repeat failures.
1148,509,5,2024-02-05 17:02:20.903857,public,tier-2,Found stale token in local credential manager.
1149,509,5,2024-02-06 02:25:45.895057,public,tier-2,Vendor status page confirms partial service disruption.
1150,509,5,2024-02-06 05:00:47.425436,public,tier-2,User verified access restored after role sync.
1151,510,10,2024-02-06 03:30:28.560258,public,collaboration,MFA re-registration completed successfully.
1152,511,9,2024-02-05 21:12:16.414528,public,security,Vendor status page confirms partial service disruption.
1153,512,10,2024-02-06 07:39:05.101630,public,collaboration,Temporary workaround provided pending vendor response.
1154,513,10,2024-02-06 08:54:48.041727,public,collaboration,Reset print spooler and reinstalled queue.
1155,513,10,2024-02-07 02:35:00.973805,public,collaboration,Service restored; monitoring for repeat failures.
1156,514,1,2024-02-06 05:59:33.571461,public,tier-1,Vendor status page confirms partial service disruption.
1157,514,1,2024-02-06 11:58:05.731647,public,tier-1,Found stale token in local credential manager.
1158,514,1,2024-02-06 14:59:10.333661,public,tier-1,Temporary workaround provided pending vendor response.
1159,515,7,2024-02-06 08:37:43.659160,public,network,Applied GPO update and forced policy refresh.
1160,516,6,2024-02-06 16:23:17.593873,public,identity,Linked to active parent incident to reduce duplicate handling.
1161,516,6,2024-02-06 19:15:08.161424,internal,identity,Reset print spooler and reinstalled queue.
1162,517,5,2024-02-06 18:54:01.814018,public,tier-2,Service restored; monitoring for repeat failures.
1163,518,8,2024-02-06 07:50:45.997635,internal,business-apps,Found stale token in local credential manager.
1164,519,10,2024-02-06 03:16:17.243339,public,collaboration,Service restored; monitoring for repeat failures.
1165,520,5,2024-02-06 21:08:50.659695,public,tier-2,Escalated to Tier 2 because issue impacts executive workflow.
1166,520,5,2024-02-07 12:47:23.496243,public,tier-2,Assigned specialist for ERP module permissions.
1167,520,5,2024-02-08 02:39:20.066909,public,tier-2,Linked to active parent incident to reduce duplicate handling.
1168,520,5,2024-02-08 05:34:56.536180,internal,tier-2,Confirmed issue reproducible on spare device.
1169,521,7,2024-02-06 18:21:52.474657,public,network,Monitor issue persisted after cable swap.
1170,522,5,2024-02-06 23:28:48.860558,internal,tier-2,Device shipped to depot for motherboard replacement.
1171,522,5,2024-02-07 13:13:44.324729,public,tier-2,Escalated to Tier 2 because issue impacts executive workflow.
1172,523,7,2024-02-06 23:09:53.632981,public,network,Reset print spooler and reinstalled queue.
1173,523,7,2024-02-07 12:03:38.386294,public,network,Confirmed issue reproducible on spare device.
1174,523,7,2024-02-07 22:44:35.224376,public,network,Closing after three business days without reply.
1175,524,10,2024-02-06 09:29:59.461142,public,collaboration,Confirmed issue reproducible on spare device.
1176,525,9,2024-02-06 09:50:56.724620,public,security,Escalated to Tier 2 because issue impacts executive workflow.
1177,525,9,2024-02-06 15:22:11.875881,public,security,Applied GPO update and forced policy refresh.
1178,525,9,2024-02-06 21:39:03.099819,internal,security,Confirmed issue reproducible on spare device.
1179,526,3,2024-02-06 13:10:27.235635,internal,tier-1,User reports workaround acceptable until maintenance window.
1180,526,3,2024-02-06 14:49:16.781198,internal,tier-1,Network team reviewing firewall and VPN telemetry.
1181,526,3,2024-02-06 19:48:55.355514,internal,tier-1,Linked to active parent incident to reduce duplicate handling.
1182,527,9,2024-02-06 23:40:38.891931,internal,security,Reset print spooler and reinstalled queue.
1183,527,9,2024-02-07 13:43:47.147286,internal,security,Reopened because problem recurred after overnight reboot.
1184,527,9,2024-02-07 15:44:53.476413,public,security,MFA re-registration completed successfully.
1185,528,6,2024-02-06 18:56:43.523823,public,identity,MFA re-registration completed successfully.
1186,528,6,2024-02-07 06:01:29.642768,public,identity,Phone call completed with warehouse supervisor.
1187,529,6,2024-02-06 16:28:36.073644,public,identity,User verified access restored after role sync.
1188,529,6,2024-02-07 06:02:31.582943,public,identity,Phone call completed with warehouse supervisor.
1189,529,6,2024-02-07 07:15:16.520330,public,identity,Network team reviewing firewall and VPN telemetry.
1190,530,2,2024-02-06 20:46:54.773362,public,tier-1,Applied GPO update and forced policy refresh.
1191,531,5,2024-02-07 00:13:22.008376,internal,tier-2,Issue now limited to users on macOS Sonoma.
1192,531,5,2024-02-07 10:36:56.405712,public,tier-2,User reports workaround acceptable until maintenance window.
1193,532,4,2024-02-07 03:05:02.557359,public,tier-2,Temporary workaround provided pending vendor response.
1194,532,4,2024-02-07 08:14:57.369823,internal,tier-2,Service restored; monitoring for repeat failures.
1195,532,4,2024-02-07 14:11:49.296971,public,tier-2,User verified access restored after role sync.
1196,533,1,2024-02-07 10:17:06.158242,public,tier-1,Applied GPO update and forced policy refresh.
1197,533,1,2024-02-08 01:55:31.493054,public,tier-1,Device shipped to depot for motherboard replacement.
1198,533,1,2024-02-08 10:32:18.726886,public,tier-1,Issue now limited to users on macOS Sonoma.
1199,534,9,2024-02-07 01:10:21.099179,public,security,MFA re-registration completed successfully.
1200,534,9,2024-02-07 02:51:16.618544,public,security,Applied GPO update and forced policy refresh.
1201,534,9,2024-02-07 11:57:39.319925,public,security,Issue now limited to users on macOS Sonoma.
1202,535,2,2024-02-07 04:33:28.206301,public,tier-1,Customer contacted and asked to retry after cache clear.
1203,535,2,2024-02-07 22:23:47.173854,public,tier-1,Closing after three business days without reply.
1204,535,2,2024-02-08 14:57:41.482202,public,tier-1,Linked to active parent incident to reduce duplicate handling.
1205,536,8,2024-02-07 12:30:09.064647,internal,business-apps,Reset print spooler and reinstalled queue.
1206,536,8,2024-02-08 05:12:59.300061,public,business-apps,Temporary workaround provided pending vendor response.
1207,536,8,2024-02-08 20:41:53.813883,public,business-apps,Security review requested before granting exception.
1208,537,8,2024-02-07 05:44:02.763410,public,business-apps,Device shipped to depot for motherboard replacement.
1209,537,8,2024-02-07 13:47:48.895210,public,business-apps,Awaiting screenshot and exact error timestamp from requester.
1210,537,8,2024-02-07 19:04:38.678767,public,business-apps,Vendor status page confirms partial service disruption.
1211,538,7,2024-02-07 06:22:51.867537,public,network,Assigned specialist for ERP module permissions.
1212,539,9,2024-02-07 19:50:04.882312,public,security,Awaiting screenshot and exact error timestamp from requester.
1213,539,9,2024-02-08 02:16:46.013228,public,security,Reopened because problem recurred after overnight reboot.
1214,539,9,2024-02-08 14:36:54.740709,public,security,Linked to active parent incident to reduce duplicate handling.
1215,540,2,2024-02-07 16:56:11.179941,public,tier-1,MFA re-registration completed successfully.
1216,541,1,2024-02-07 14:36:08.778329,public,tier-1,Issue now limited to users on macOS Sonoma.
1217,541,1,2024-02-08 07:27:39.089469,public,tier-1,Customer contacted and asked to retry after cache clear.
1218,542,9,2024-02-07 20:16:45.321203,internal,security,Customer contacted and asked to retry after cache clear.
1219,542,9,2024-02-08 07:41:21.224951,public,security,Closing after three business days without reply.
1220,543,2,2024-02-07 18:52:01.951954,public,tier-1,Found stale token in local credential manager.
1221,543,2,2024-02-08 05:01:29.573782,internal,tier-1,Assigned specialist for ERP module permissions.
1222,544,3,2024-02-07 21:20:06.777623,public,tier-1,Phone call completed with warehouse supervisor.
1223,544,3,2024-02-08 11:45:33.815035,public,tier-1,Closing after three business days without reply.
1224,545,7,2024-02-08 01:59:56.487219,internal,network,Assigned specialist for ERP module permissions.
1225,545,7,2024-02-08 18:00:23.713026,public,network,Phone call completed with warehouse supervisor.
1226,545,7,2024-02-08 22:54:44.897773,public,network,Escalated to Tier 2 because issue impacts executive workflow.
1227,546,6,2024-02-07 21:57:07.440391,public,identity,Linked to active parent incident to reduce duplicate handling.
1228,546,6,2024-02-08 10:32:35.285753,public,identity,Reopened because problem recurred after overnight reboot.
1229,547,3,2024-02-08 04:49:38.859291,public,tier-1,Reset print spooler and reinstalled queue.
1230,547,3,2024-02-08 15:03:30.010358,internal,tier-1,Escalated to Tier 2 because issue impacts executive workflow.
1231,547,3,2024-02-09 09:01:00.923620,internal,tier-1,Network team reviewing firewall and VPN telemetry.
1232,548,3,2024-02-08 09:19:37.027568,internal,tier-1,Vendor status page confirms partial service disruption.
1233,548,3,2024-02-08 19:39:59.543062,internal,tier-1,Assigned specialist for ERP module permissions.
1234,548,3,2024-02-09 03:26:29.072189,public,tier-1,Service restored; monitoring for repeat failures.
1235,549,9,2024-02-08 04:25:41.830646,public,security,MFA re-registration completed successfully.
1236,550,6,2024-02-08 12:06:45.931944,public,identity,Queue backlog high due to concurrent outage tickets.
1237,550,6,2024-02-08 14:43:05.358647,internal,identity,Awaiting screenshot and exact error timestamp from requester.
1238,551,10,2024-02-08 08:07:57.544301,public,collaboration,Customer contacted and asked to retry after cache clear.
1239,552,6,2024-02-08 10:21:11.776717,public,identity,Reset print spooler and reinstalled queue.
1240,553,7,2024-02-08 18:11:13.479742,public,network,Confirmed issue reproducible on spare device.
1241,553,7,2024-02-08 23:11:13.356939,public,network,Service restored; monitoring for repeat failures.
1242,554,4,2024-02-09 01:35:25.041555,public,tier-2,Device shipped to depot for motherboard replacement.
1243,554,4,2024-02-09 12:00:13.241187,internal,tier-2,Closing after three business days without reply.
1244,555,1,2024-02-08 20:48:37.026152,public,tier-1,Found stale token in local credential manager.
1245,555,1,2024-02-09 12:45:54.122204,public,tier-1,Escalated to Tier 2 because issue impacts executive workflow.
1246,556,6,2024-02-09 01:43:03.001065,public,identity,Reset print spooler and reinstalled queue.
1247,556,6,2024-02-09 03:41:39.411298,internal,identity,Applied GPO update and forced policy refresh.
1248,557,8,2024-02-08 17:03:34.724609,internal,business-apps,Queue backlog high due to concurrent outage tickets.
1249,557,8,2024-02-09 00:00:05.960684,public,business-apps,Monitor issue persisted after cable swap.
1250,557,8,2024-02-09 06:08:48.712951,public,business-apps,Network team reviewing firewall and VPN telemetry.
1251,558,5,2024-02-09 04:50:32.617300,public,tier-2,Temporary workaround provided pending vendor response.
1252,558,5,2024-02-09 11:47:14.014788,public,tier-2,Issue now limited to users on macOS Sonoma.
1253,558,5,2024-02-09 20:11:45.668368,public,tier-2,Awaiting screenshot and exact error timestamp from requester.
1254,558,5,2024-02-09 22:34:07.347706,public,tier-2,Issue now limited to users on macOS Sonoma.
1255,559,9,2024-02-09 08:12:45.651312,public,security,Service restored; monitoring for repeat failures.
1256,560,7,2024-02-09 00:13:19.600387,internal,network,MFA re-registration completed successfully.
1257,560,7,2024-02-09 07:35:04.930597,internal,network,Issue now limited to users on macOS Sonoma.
1258,560,7,2024-02-09 22:29:59.444166,internal,network,Service restored; monitoring for repeat failures.
1259,560,7,2024-02-10 10:28:34.565063,public,network,User reports workaround acceptable until maintenance window.
1260,561,6,2024-02-08 18:36:58.148550,public,identity,Applied GPO update and forced policy refresh.
1261,561,6,2024-02-09 00:27:32.227555,public,identity,Escalated to Tier 2 because issue impacts executive workflow.
1262,562,6,2024-02-08 18:42:42.968591,internal,identity,Found stale token in local credential manager.
1263,562,6,2024-02-09 09:00:14.734774,public,identity,Customer contacted and asked to retry after cache clear.
1264,563,3,2024-02-09 07:04:56.673608,internal,tier-1,Monitor issue persisted after cable swap.
1265,563,3,2024-02-09 17:10:16.658133,public,tier-1,MFA re-registration completed successfully.
1266,563,3,2024-02-10 08:47:35.085798,public,tier-1,Monitor issue persisted after cable swap.
1267,564,9,2024-02-08 23:24:06.318552,internal,security,Device shipped to depot for motherboard replacement.
1268,564,9,2024-02-09 17:23:11.803952,public,security,Customer contacted and asked to retry after cache clear.
1269,565,1,2024-02-09 03:49:48.668020,public,tier-1,Customer contacted and asked to retry after cache clear.
1270,565,1,2024-02-09 20:55:14.520825,public,tier-1,MFA re-registration completed successfully.
1271,565,1,2024-02-10 04:36:35.084079,public,tier-1,Security review requested before granting exception.
1272,566,1,2024-02-09 12:06:28.313326,public,tier-1,Temporary workaround provided pending vendor response.
1273,566,1,2024-02-10 02:04:02.645695,public,tier-1,Closing after three business days without reply.
1274,566,1,2024-02-10 10:56:30.500327,internal,tier-1,Customer contacted and asked to retry after cache clear.
1275,567,8,2024-02-09 11:23:32.809738,internal,business-apps,Phone call completed with warehouse supervisor.
1276,567,8,2024-02-09 19:30:17.462005,internal,business-apps,Found stale token in local credential manager.
1277,568,1,2024-02-09 09:46:48.984012,public,tier-1,Escalated to Tier 2 because issue impacts executive workflow.
1278,569,6,2024-02-09 17:07:18.378609,internal,identity,Customer contacted and asked to retry after cache clear.
1279,569,6,2024-02-09 19:32:21.584168,internal,identity,Assigned specialist for ERP module permissions.
1280,570,2,2024-02-09 15:34:25.731389,public,tier-1,Vendor status page confirms partial service disruption.
1281,570,2,2024-02-09 18:22:05.648988,internal,tier-1,Reopened because problem recurred after overnight reboot.
1282,570,2,2024-02-09 20:18:08.457573,public,tier-1,Vendor status page confirms partial service disruption.
1283,571,7,2024-02-09 14:20:11.941225,internal,network,Network team reviewing firewall and VPN telemetry.
1284,572,2,2024-02-10 07:48:10.851304,public,tier-1,User reports workaround acceptable until maintenance window.
1285,572,2,2024-02-10 11:30:06.722861,public,tier-1,User verified access restored after role sync.
1286,573,3,2024-02-10 07:35:05.056070,public,tier-1,Applied GPO update and forced policy refresh.
1287,573,3,2024-02-10 18:00:54.192810,public,tier-1,Reset print spooler and reinstalled queue.
1288,573,3,2024-02-10 18:53:26.116865,public,tier-1,Assigned specialist for ERP module permissions.
1289,574,6,2024-02-09 19:36:43.042568,public,identity,Customer contacted and asked to retry after cache clear.
1290,574,6,2024-02-10 04:43:28.105351,public,identity,Vendor status page confirms partial service disruption.
1291,574,6,2024-02-10 12:03:24.845509,public,identity,Vendor status page confirms partial service disruption.
1292,575,4,2024-02-10 05:24:50.159913,public,tier-2,Customer contacted and asked to retry after cache clear.
1293,575,4,2024-02-10 17:16:32.289322,public,tier-2,Vendor status page confirms partial service disruption.
1294,576,3,2024-02-10 05:49:20.490705,internal,tier-1,Closing after three business days without reply.
1295,576,3,2024-02-10 22:53:55.538042,public,tier-1,Service restored; monitoring for repeat failures.
1296,577,1,2024-02-10 04:20:52.195154,internal,tier-1,User reports workaround acceptable until maintenance window.
1297,578,1,2024-02-10 17:19:57.614843,internal,tier-1,Issue now limited to users on macOS Sonoma.
1298,579,2,2024-02-10 11:09:51.530014,public,tier-1,User reports workaround acceptable until maintenance window.
1299,580,3,2024-02-10 09:07:07.017997,internal,tier-1,Customer contacted and asked to retry after cache clear.
1300,580,3,2024-02-10 10:12:22.937399,public,tier-1,Device shipped to depot for motherboard replacement.
1301,580,3,2024-02-10 11:12:46.706261,public,tier-1,Assigned specialist for ERP module permissions.
1302,581,2,2024-02-10 11:51:43.044923,public,tier-1,MFA re-registration completed successfully.
1303,581,2,2024-02-11 02:47:49.591507,public,tier-1,Issue now limited to users on macOS Sonoma.
1304,581,2,2024-02-11 11:01:07.400326,public,tier-1,Service restored; monitoring for repeat failures.
1305,582,6,2024-02-10 21:10:24.751782,internal,identity,Customer contacted and asked to retry after cache clear.
1306,582,6,2024-02-11 09:32:58.568539,internal,identity,Escalated to Tier 2 because issue impacts executive workflow.
1307,583,9,2024-02-10 19:02:14.177444,public,security,Awaiting screenshot and exact error timestamp from requester.
1308,583,9,2024-02-11 01:29:03.155341,internal,security,User verified access restored after role sync.
1309,584,8,2024-02-10 14:27:36.302895,public,business-apps,Escalated to Tier 2 because issue impacts executive workflow.
1310,585,4,2024-02-10 23:41:26.278106,public,tier-2,Found stale token in local credential manager.
1311,585,4,2024-02-11 04:52:38.863249,internal,tier-2,Phone call completed with warehouse supervisor.
1312,586,5,2024-02-11 05:13:04.410278,internal,tier-2,Closing after three business days without reply.
1313,586,5,2024-02-11 22:05:39.072836,internal,tier-2,Vendor status page confirms partial service disruption.
1314,586,5,2024-02-12 08:34:47.586255,public,tier-2,Applied GPO update and forced policy refresh.
1315,586,5,2024-02-12 10:36:10.789548,public,tier-2,Closing after three business days without reply.
1316,586,5,2024-02-12 16:44:30.956153,public,tier-2,Found stale token in local credential manager.
1317,587,8,2024-02-10 22:21:49.817347,public,business-apps,Monitor issue persisted after cable swap.
1318,587,8,2024-02-11 05:05:10.317689,internal,business-apps,Issue now limited to users on macOS Sonoma.
1319,587,8,2024-02-11 19:47:56.919813,public,business-apps,User verified access restored after role sync.
1320,588,10,2024-02-11 00:49:14.131535,public,collaboration,Customer contacted and asked to retry after cache clear.
1321,589,6,2024-02-10 18:55:04.812154,public,identity,MFA re-registration completed successfully.
1322,589,6,2024-02-11 05:25:27.800096,public,identity,Device shipped to depot for motherboard replacement.
1323,589,6,2024-02-11 14:57:54.754054,public,identity,Vendor status page confirms partial service disruption.
1324,590,2,2024-02-10 20:27:29.185288,public,tier-1,Issue now limited to users on macOS Sonoma.
1325,590,2,2024-02-11 06:49:58.876790,public,tier-1,Found stale token in local credential manager.
1326,591,9,2024-02-10 20:29:43.698557,internal,security,User verified access restored after role sync.
1327,591,9,2024-02-11 08:35:36.269178,public,security,Reopened because problem recurred after overnight reboot.
1328,591,9,2024-02-11 21:52:04.993023,public,security,Security review requested before granting exception.
1329,592,6,2024-02-11 07:01:56.852608,public,identity,Reset print spooler and reinstalled queue.
1330,592,6,2024-02-11 18:50:00.845697,public,identity,Closing after three business days without reply.
1331,592,6,2024-02-12 02:22:44.292974,public,identity,Awaiting screenshot and exact error timestamp from requester.
1332,593,1,2024-02-11 04:46:39.801175,public,tier-1,Awaiting screenshot and exact error timestamp from requester.
1333,593,1,2024-02-11 11:31:43.582895,public,tier-1,Reopened because problem recurred after overnight reboot.
1334,593,1,2024-02-12 02:55:43.013039,internal,tier-1,Found stale token in local credential manager.
1335,594,3,2024-02-11 19:40:27.583107,internal,tier-1,Network team reviewing firewall and VPN telemetry.
1336,594,3,2024-02-12 09:48:09.037191,public,tier-1,Queue backlog high due to concurrent outage tickets.
1337,594,3,2024-02-12 22:21:55.152260,internal,tier-1,Linked to active parent incident to reduce duplicate handling.
1338,595,6,2024-02-11 07:35:56.698626,internal,identity,User verified access restored after role sync.
1339,595,6,2024-02-11 16:11:12.083492,public,identity,Confirmed issue reproducible on spare device.
1340,595,6,2024-02-11 20:41:53.871360,public,identity,User reports workaround acceptable until maintenance window.
1341,596,9,2024-02-11 14:02:47.485142,public,security,Device shipped to depot for motherboard replacement.
1342,596,9,2024-02-11 23:36:49.195274,internal,security,Queue backlog high due to concurrent outage tickets.
1343,596,9,2024-02-12 06:21:43.728178,internal,security,User verified access restored after role sync.
1344,597,9,2024-02-11 20:30:27.934313,internal,security,Reopened because problem recurred after overnight reboot.
1345,598,2,2024-02-11 21:55:15.950940,public,tier-1,Reset print spooler and reinstalled queue.
1346,598,2,2024-02-12 06:47:07.006651,internal,tier-1,Network team reviewing firewall and VPN telemetry.
1347,598,2,2024-02-12 10:25:41.419771,public,tier-1,Applied GPO update and forced policy refresh.
1348,599,8,2024-02-11 13:39:09.758463,public,business-apps,User reports workaround acceptable until maintenance window.
1349,599,8,2024-02-11 22:49:07.535161,public,business-apps,Escalated to Tier 2 because issue impacts executive workflow.
1350,599,8,2024-02-12 06:53:00.629050,public,business-apps,Applied GPO update and forced policy refresh.
1351,600,10,2024-02-12 05:29:11.656797,public,collaboration,Linked to active parent incident to reduce duplicate handling.
1352,601,8,2024-02-11 15:22:42.245513,internal,business-apps,Awaiting screenshot and exact error timestamp from requester.
1353,601,8,2024-02-12 04:48:42.604568,public,business-apps,Vendor status page confirms partial service disruption.
1354,601,8,2024-02-12 05:25:58.200593,internal,business-apps,Security review requested before granting exception.
1355,602,8,2024-02-12 04:03:50.961567,internal,business-apps,Assigned specialist for ERP module permissions.
1356,603,8,2024-02-12 01:27:51.395216,public,business-apps,MFA re-registration completed successfully.
1357,603,8,2024-02-12 07:16:59.445526,public,business-apps,Found stale token in local credential manager.
1358,603,8,2024-02-12 17:19:24.526074,public,business-apps,Security review requested before granting exception.
1359,603,8,2024-02-13 04:30:20.480193,public,business-apps,Found stale token in local credential manager.
1360,603,8,2024-02-13 18:40:06.186238,public,business-apps,Queue backlog high due to concurrent outage tickets.
1361,604,6,2024-02-11 21:24:22.127373,internal,identity,Applied GPO update and forced policy refresh.
1362,604,6,2024-02-11 21:56:27.540229,public,identity,Awaiting screenshot and exact error timestamp from requester.
1363,604,6,2024-02-12 13:16:27.216767,internal,identity,Monitor issue persisted after cable swap.
1364,605,7,2024-02-12 19:15:01.774027,public,network,Temporary workaround provided pending vendor response.
1365,606,6,2024-02-12 10:17:26.205950,public,identity,Service restored; monitoring for repeat failures.
1366,606,6,2024-02-13 01:28:42.462985,public,identity,Service restored; monitoring for repeat failures.
1367,607,10,2024-02-13 01:27:54.259069,public,collaboration,User reports workaround acceptable until maintenance window.
1368,607,10,2024-02-13 17:56:59.660031,internal,collaboration,Queue backlog high due to concurrent outage tickets.
1369,608,4,2024-02-12 18:21:17.941762,public,tier-2,Reset print spooler and reinstalled queue.
1370,608,4,2024-02-12 21:49:01.826738,internal,tier-2,Awaiting screenshot and exact error timestamp from requester.
1371,608,4,2024-02-13 09:07:03.769755,public,tier-2,Service restored; monitoring for repeat failures.
1372,609,8,2024-02-12 17:59:59.156036,public,business-apps,Assigned specialist for ERP module permissions.
1373,610,1,2024-02-12 22:53:32.552600,public,tier-1,Customer contacted and asked to retry after cache clear.
1374,610,1,2024-02-13 00:49:44.696168,public,tier-1,Linked to active parent incident to reduce duplicate handling.
1375,610,1,2024-02-13 09:37:32.598576,internal,tier-1,Vendor status page confirms partial service disruption.
1376,610,1,2024-02-14 03:00:01.102217,public,tier-1,Escalated to Tier 2 because issue impacts executive workflow.
1377,610,1,2024-02-14 18:11:41.797941,public,tier-1,Customer contacted and asked to retry after cache clear.
1378,611,5,2024-02-13 03:23:15.886062,public,tier-2,User verified access restored after role sync.
1379,611,5,2024-02-13 09:41:05.221077,public,tier-2,Service restored; monitoring for repeat failures.
1380,611,5,2024-02-13 10:45:05.318052,public,tier-2,Service restored; monitoring for repeat failures.
1381,612,10,2024-02-12 17:42:00.021790,public,collaboration,Found stale token in local credential manager.
1382,612,10,2024-02-13 05:40:42.229912,internal,collaboration,Security review requested before granting exception.
1383,612,10,2024-02-13 17:49:40.300704,public,collaboration,Found stale token in local credential manager.
1384,612,10,2024-02-14 04:14:22.156182,public,collaboration,Network team reviewing firewall and VPN telemetry.
1385,613,3,2024-02-12 23:18:17.563941,public,tier-1,Reopened because problem recurred after overnight reboot.
1386,613,3,2024-02-13 16:44:09.029323,public,tier-1,Escalated to Tier 2 because issue impacts executive workflow.
1387,614,8,2024-02-12 23:40:12.151797,public,business-apps,Network team reviewing firewall and VPN telemetry.
1388,614,8,2024-02-13 13:16:04.497217,internal,business-apps,Closing after three business days without reply.
1389,615,6,2024-02-13 14:22:35.699952,public,identity,Assigned specialist for ERP module permissions.
1390,615,6,2024-02-13 19:46:49.179238,internal,identity,User reports workaround acceptable until maintenance window.
1391,616,2,2024-02-13 09:04:20.792817,public,tier-1,Temporary workaround provided pending vendor response.
1392,617,2,2024-02-13 05:40:10.221852,public,tier-1,Awaiting screenshot and exact error timestamp from requester.
1393,617,2,2024-02-13 21:23:24.107708,public,tier-1,Monitor issue persisted after cable swap.
1394,618,2,2024-02-13 11:55:44.604766,internal,tier-1,Awaiting screenshot and exact error timestamp from requester.
1395,618,2,2024-02-13 17:53:57.406910,internal,tier-1,Customer contacted and asked to retry after cache clear.
1396,619,5,2024-02-13 15:10:18.190553,public,tier-2,Network team reviewing firewall and VPN telemetry.
1397,620,4,2024-02-13 11:34:35.910193,internal,tier-2,Network team reviewing firewall and VPN telemetry.
1398,621,9,2024-02-13 18:42:29.517645,public,security,Issue now limited to users on macOS Sonoma.
1399,621,9,2024-02-14 00:57:56.254676,internal,security,Confirmed issue reproducible on spare device.
1400,621,9,2024-02-14 04:13:17.510134,public,security,Found stale token in local credential manager.
1401,622,8,2024-02-14 00:03:53.020812,internal,business-apps,Found stale token in local credential manager.
1402,622,8,2024-02-14 03:10:08.007010,public,business-apps,Linked to active parent incident to reduce duplicate handling.
1403,623,2,2024-02-13 18:28:24.311133,public,tier-1,Security review requested before granting exception.
1404,624,6,2024-02-13 20:44:58.598613,internal,identity,Reopened because problem recurred after overnight reboot.
1405,624,6,2024-02-13 21:17:45.996952,public,identity,User verified access restored after role sync.
1406,624,6,2024-02-14 03:40:18.876219,public,identity,Closing after three business days without reply.
1407,624,6,2024-02-14 08:20:11.707963,public,identity,Customer contacted and asked to retry after cache clear.
1408,624,6,2024-02-14 09:28:34.784864,internal,identity,Applied GPO update and forced policy refresh.
1409,625,8,2024-02-13 15:03:08.547004,internal,business-apps,Escalated to Tier 2 because issue impacts executive workflow.
1410,626,7,2024-02-13 18:56:52.453918,internal,network,Reset print spooler and reinstalled queue.
1411,627,1,2024-02-13 18:41:37.383081,internal,tier-1,Escalated to Tier 2 because issue impacts executive workflow.
1412,628,1,2024-02-14 01:00:10.957680,public,tier-1,Issue now limited to users on macOS Sonoma.
1413,628,1,2024-02-14 14:34:00.393155,internal,tier-1,Phone call completed with warehouse supervisor.
1414,629,6,2024-02-14 08:45:24.633147,public,identity,Found stale token in local credential manager.
1415,629,6,2024-02-15 01:51:38.815965,public,identity,Linked to active parent incident to reduce duplicate handling.
1416,630,10,2024-02-14 03:41:14.761362,public,collaboration,Phone call completed with warehouse supervisor.
1417,630,10,2024-02-14 20:51:43.192620,public,collaboration,Device shipped to depot for motherboard replacement.
1418,630,10,2024-02-15 12:31:01.437530,public,collaboration,Found stale token in local credential manager.
1419,631,1,2024-02-14 08:20:30.953596,public,tier-1,Queue backlog high due to concurrent outage tickets.
1420,631,1,2024-02-14 14:21:49.314971,public,tier-1,Reopened because problem recurred after overnight reboot.
1421,631,1,2024-02-15 02:21:43.253764,public,tier-1,Reopened because problem recurred after overnight reboot.
1422,632,2,2024-02-14 00:52:22.927748,public,tier-1,Reopened because problem recurred after overnight reboot.
1423,633,2,2024-02-14 09:57:15.339185,internal,tier-1,Temporary workaround provided pending vendor response.
1424,634,4,2024-02-14 10:19:26.090343,public,tier-2,Device shipped to depot for motherboard replacement.
1425,634,4,2024-02-14 16:48:13.104382,public,tier-2,Network team reviewing firewall and VPN telemetry.
1426,635,9,2024-02-14 05:58:38.487408,internal,security,Vendor status page confirms partial service disruption.
1427,635,9,2024-02-14 17:22:15.807013,public,security,Monitor issue persisted after cable swap.
1428,635,9,2024-02-15 00:14:32.729453,public,security,Monitor issue persisted after cable swap.
1429,636,10,2024-02-14 16:48:09.025705,public,collaboration,Confirmed issue reproducible on spare device.
1430,637,4,2024-02-14 15:18:27.347429,public,tier-2,Reopened because problem recurred after overnight reboot.
1431,637,4,2024-02-15 06:38:29.619135,public,tier-2,User verified access restored after role sync.
1432,638,8,2024-02-14 07:42:39.569914,public,business-apps,Security review requested before granting exception.
1433,638,8,2024-02-14 21:21:38.468318,public,business-apps,Reset print spooler and reinstalled queue.
1434,638,8,2024-02-14 23:23:24.579828,internal,business-apps,User verified access restored after role sync.
1435,639,1,2024-02-14 23:56:05.203217,public,tier-1,Device shipped to depot for motherboard replacement.
1436,640,6,2024-02-14 18:48:33.170138,internal,identity,MFA re-registration completed successfully.
1437,640,6,2024-02-14 23:37:32.178144,public,identity,Closing after three business days without reply.
1438,640,6,2024-02-15 16:57:30.599006,internal,identity,Issue now limited to users on macOS Sonoma.
1439,641,7,2024-02-14 16:57:01.699143,internal,network,Awaiting screenshot and exact error timestamp from requester.
1440,641,7,2024-02-14 21:02:40.765682,public,network,Confirmed issue reproducible on spare device.
1441,641,7,2024-02-15 10:31:34.776549,public,network,Confirmed issue reproducible on spare device.
1442,642,9,2024-02-14 21:57:51.778847,public,security,Service restored; monitoring for repeat failures.
1443,643,9,2024-02-15 00:12:03.519361,public,security,Vendor status page confirms partial service disruption.
1444,643,9,2024-02-15 06:01:45.526088,internal,security,Service restored; monitoring for repeat failures.
1445,643,9,2024-02-15 07:55:45.296257,public,security,User reports workaround acceptable until maintenance window.
1446,643,9,2024-02-15 10:07:16.385405,public,security,Applied GPO update and forced policy refresh.
1447,643,9,2024-02-16 00:34:56.686313,internal,security,Reopened because problem recurred after overnight reboot.
1448,643,9,2024-02-16 05:20:50.383766,internal,security,Issue now limited to users on macOS Sonoma.
1449,644,1,2024-02-14 20:32:16.923114,public,tier-1,Reopened because problem recurred after overnight reboot.
1450,644,1,2024-02-15 03:21:05.301833,public,tier-1,Reopened because problem recurred after overnight reboot.
1451,644,1,2024-02-15 14:04:28.602409,internal,tier-1,Security review requested before granting exception.
1452,645,5,2024-02-15 06:12:49.411113,internal,tier-2,Phone call completed with warehouse supervisor.
1453,646,1,2024-02-14 20:25:32.786624,public,tier-1,Temporary workaround provided pending vendor response.
1454,646,1,2024-02-14 21:21:57.146992,public,tier-1,Queue backlog high due to concurrent outage tickets.
1455,646,1,2024-02-15 13:30:39.686304,public,tier-1,Escalated to Tier 2 because issue impacts executive workflow.
1456,647,1,2024-02-14 20:30:59.579227,public,tier-1,MFA re-registration completed successfully.
1457,647,1,2024-02-15 10:42:49.687798,public,tier-1,MFA re-registration completed successfully.
1458,647,1,2024-02-15 14:45:24.031411,internal,tier-1,Closing after three business days without reply.
1459,648,2,2024-02-15 06:38:00.027667,public,tier-1,Customer contacted and asked to retry after cache clear.
1460,649,10,2024-02-15 06:05:23.970436,public,collaboration,Device shipped to depot for motherboard replacement.
1461,649,10,2024-02-15 22:05:35.775522,public,collaboration,Reset print spooler and reinstalled queue.
1462,649,10,2024-02-16 15:55:06.035154,public,collaboration,Found stale token in local credential manager.
1463,649,10,2024-02-17 08:31:30.855269,public,collaboration,Applied GPO update and forced policy refresh.
1464,650,3,2024-02-15 18:46:08.247762,internal,tier-1,Vendor status page confirms partial service disruption.
1465,650,3,2024-02-15 19:11:10.218313,public,tier-1,Security review requested before granting exception.
1466,651,8,2024-02-15 14:46:06.257777,public,business-apps,User reports workaround acceptable until maintenance window.
1467,652,8,2024-02-15 18:11:00.037267,public,business-apps,Found stale token in local credential manager.
1468,652,8,2024-02-15 19:56:21.417745,internal,business-apps,Applied GPO update and forced policy refresh.
1469,653,9,2024-02-15 18:35:13.947231,internal,security,Issue now limited to users on macOS Sonoma.
1470,653,9,2024-02-16 09:29:02.136498,public,security,Vendor status page confirms partial service disruption.
1471,654,6,2024-02-15 14:17:28.410910,public,identity,Reset print spooler and reinstalled queue.
1472,654,6,2024-02-16 01:59:22.349595,internal,identity,User verified access restored after role sync.
1473,654,6,2024-02-16 06:31:51.196393,internal,identity,Issue now limited to users on macOS Sonoma.
1474,655,10,2024-02-15 15:53:33.367412,public,collaboration,Found stale token in local credential manager.
1475,655,10,2024-02-16 06:11:13.437063,public,collaboration,MFA re-registration completed successfully.
1476,656,5,2024-02-15 18:22:28.783522,internal,tier-2,Escalated to Tier 2 because issue impacts executive workflow.
1477,656,5,2024-02-16 00:46:49.963521,internal,tier-2,Found stale token in local credential manager.
1478,657,8,2024-02-15 21:55:42.391603,internal,business-apps,Security review requested before granting exception.
1479,657,8,2024-02-16 15:28:13.113343,public,business-apps,Reset print spooler and reinstalled queue.
1480,658,8,2024-02-16 04:08:13.081027,public,business-apps,User verified access restored after role sync.
1481,658,8,2024-02-16 20:31:57.872253,public,business-apps,MFA re-registration completed successfully.
1482,658,8,2024-02-17 03:58:47.214541,public,business-apps,Closing after three business days without reply.
1483,659,6,2024-02-16 03:58:17.240847,internal,identity,Issue now limited to users on macOS Sonoma.
1484,659,6,2024-02-16 11:13:06.069498,public,identity,Queue backlog high due to concurrent outage tickets.
1485,659,6,2024-02-16 11:55:20.779069,internal,identity,Reset print spooler and reinstalled queue.
1486,660,4,2024-02-16 09:13:20.422239,public,tier-2,Service restored; monitoring for repeat failures.
1487,660,4,2024-02-16 21:21:01.401876,public,tier-2,Escalated to Tier 2 because issue impacts executive workflow.
1488,661,2,2024-02-16 05:29:32.052785,internal,tier-1,Vendor status page confirms partial service disruption.
1489,661,2,2024-02-16 18:11:39.644841,public,tier-1,Security review requested before granting exception.
1490,662,1,2024-02-16 12:44:59.028775,internal,tier-1,Confirmed issue reproducible on spare device.
1491,662,1,2024-02-17 01:29:53.116371,public,tier-1,User reports workaround acceptable until maintenance window.
1492,663,5,2024-02-16 04:49:05.944053,public,tier-2,Awaiting screenshot and exact error timestamp from requester.
1493,663,5,2024-02-16 05:54:25.909144,public,tier-2,Vendor status page confirms partial service disruption.
1494,663,5,2024-02-16 07:36:14.439896,public,tier-2,Linked to active parent incident to reduce duplicate handling.
1495,664,4,2024-02-16 10:01:28.417861,public,tier-2,Vendor status page confirms partial service disruption.
1496,664,4,2024-02-17 03:40:55.133016,public,tier-2,Reopened because problem recurred after overnight reboot.
1497,664,4,2024-02-17 06:41:20.857182,internal,tier-2,Issue now limited to users on macOS Sonoma.
1498,665,3,2024-02-16 16:47:03.012315,public,tier-1,Assigned specialist for ERP module permissions.
1499,665,3,2024-02-16 23:09:31.518106,public,tier-1,Queue backlog high due to concurrent outage tickets.
1500,665,3,2024-02-17 10:30:24.901633,public,tier-1,Vendor status page confirms partial service disruption.
1501,666,8,2024-02-16 17:04:03.329260,public,business-apps,Queue backlog high due to concurrent outage tickets.
1502,666,8,2024-02-16 22:01:54.688468,internal,business-apps,User reports workaround acceptable until maintenance window.
1503,667,2,2024-02-16 03:55:00.818260,public,tier-1,Reset print spooler and reinstalled queue.
1504,667,2,2024-02-16 21:20:53.676242,public,tier-1,Awaiting screenshot and exact error timestamp from requester.
1505,668,5,2024-02-16 16:05:43.695926,public,tier-2,Service restored; monitoring for repeat failures.
1506,668,5,2024-02-17 04:58:41.829686,public,tier-2,Phone call completed with warehouse supervisor.
1507,669,5,2024-02-16 09:02:57.730338,public,tier-2,Linked to active parent incident to reduce duplicate handling.
1508,669,5,2024-02-16 16:06:12.016897,internal,tier-2,Network team reviewing firewall and VPN telemetry.
1509,670,10,2024-02-16 17:30:27.213098,public,collaboration,Phone call completed with warehouse supervisor.
1510,670,10,2024-02-17 09:41:35.459980,public,collaboration,Queue backlog high due to concurrent outage tickets.
1511,671,2,2024-02-16 22:44:45.834300,internal,tier-1,Issue now limited to users on macOS Sonoma.
1512,671,2,2024-02-17 08:37:08.280545,public,tier-1,Issue now limited to users on macOS Sonoma.
1513,671,2,2024-02-18 01:59:07.160314,public,tier-1,Security review requested before granting exception.
1514,671,2,2024-02-18 03:54:46.030490,public,tier-1,Vendor status page confirms partial service disruption.
1515,671,2,2024-02-18 07:21:52.052221,internal,tier-1,Found stale token in local credential manager.
1516,672,9,2024-02-17 06:41:27.938633,public,security,Escalated to Tier 2 because issue impacts executive workflow.
1517,672,9,2024-02-17 16:32:35.542121,public,security,Linked to active parent incident to reduce duplicate handling.
1518,672,9,2024-02-18 01:59:38.249565,public,security,Awaiting screenshot and exact error timestamp from requester.
1519,673,7,2024-02-16 22:34:30.435968,public,network,Service restored; monitoring for repeat failures.
1520,674,8,2024-02-17 04:36:43.826151,public,business-apps,Applied GPO update and forced policy refresh.
1521,674,8,2024-02-17 08:52:44.728947,internal,business-apps,User verified access restored after role sync.
1522,674,8,2024-02-17 10:27:25.489148,public,business-apps,Temporary workaround provided pending vendor response.
1523,674,8,2024-02-17 17:04:18.598945,public,business-apps,Reset print spooler and reinstalled queue.
1524,674,8,2024-02-18 10:28:26.171968,public,business-apps,Security review requested before granting exception.
1525,675,8,2024-02-17 15:49:57.904444,public,business-apps,Customer contacted and asked to retry after cache clear.
1526,675,8,2024-02-17 19:28:52.282232,public,business-apps,Awaiting screenshot and exact error timestamp from requester.
1527,676,8,2024-02-17 11:54:39.621339,public,business-apps,Escalated to Tier 2 because issue impacts executive workflow.
1528,676,8,2024-02-17 17:16:18.011245,public,business-apps,Phone call completed with warehouse supervisor.
1529,677,5,2024-02-17 07:56:11.228898,internal,tier-2,Found stale token in local credential manager.
1530,677,5,2024-02-17 23:14:09.862114,internal,tier-2,User verified access restored after role sync.
1531,677,5,2024-02-18 13:33:44.181500,public,tier-2,Closing after three business days without reply.
1532,677,5,2024-02-18 22:37:44.229270,internal,tier-2,MFA re-registration completed successfully.
1533,678,6,2024-02-17 10:09:28.929296,public,identity,Closing after three business days without reply.
1534,679,4,2024-02-17 22:52:00.208631,internal,tier-2,Applied GPO update and forced policy refresh.
1535,679,4,2024-02-18 01:00:27.937702,public,tier-2,Reopened because problem recurred after overnight reboot.
1536,680,10,2024-02-17 18:57:26.762033,public,collaboration,Queue backlog high due to concurrent outage tickets.
1537,680,10,2024-02-18 02:50:46.488647,public,collaboration,Vendor status page confirms partial service disruption.
1538,680,10,2024-02-18 08:39:03.455361,public,collaboration,Phone call completed with warehouse supervisor.
1539,681,3,2024-02-18 01:28:50.400684,internal,tier-1,Temporary workaround provided pending vendor response.
1540,681,3,2024-02-18 13:29:45.664778,internal,tier-1,MFA re-registration completed successfully.
1541,682,6,2024-02-18 04:33:20.632601,internal,identity,User verified access restored after role sync.
1542,682,6,2024-02-18 20:13:04.781141,public,identity,Awaiting screenshot and exact error timestamp from requester.
1543,682,6,2024-02-19 07:33:18.868898,public,identity,Confirmed issue reproducible on spare device.
1544,682,6,2024-02-19 19:37:16.640288,public,identity,Reset print spooler and reinstalled queue.
1545,683,3,2024-02-17 20:24:53.305181,public,tier-1,Confirmed issue reproducible on spare device.
1546,684,4,2024-02-18 12:44:49.113372,public,tier-2,Escalated to Tier 2 because issue impacts executive workflow.
1547,684,4,2024-02-18 21:53:41.218321,public,tier-2,Assigned specialist for ERP module permissions.
1548,684,4,2024-02-19 07:07:12.853759,public,tier-2,Queue backlog high due to concurrent outage tickets.
1549,684,4,2024-02-19 10:48:45.749198,internal,tier-2,Phone call completed with warehouse supervisor.
1550,684,4,2024-02-19 18:21:44.995302,public,tier-2,Customer contacted and asked to retry after cache clear.
1551,685,10,2024-02-18 12:57:09.125346,internal,collaboration,Service restored; monitoring for repeat failures.
1552,685,10,2024-02-18 21:53:00.873196,public,collaboration,Customer contacted and asked to retry after cache clear.
1553,686,2,2024-02-18 03:01:13.231014,public,tier-1,Device shipped to depot for motherboard replacement.
1554,687,9,2024-02-18 08:57:29.645035,public,security,User verified access restored after role sync.
1555,687,9,2024-02-18 17:10:18.055707,internal,security,Temporary workaround provided pending vendor response.
1556,688,9,2024-02-18 13:31:44.912182,public,security,Confirmed issue reproducible on spare device.
1557,688,9,2024-02-18 21:13:08.279067,public,security,MFA re-registration completed successfully.
1558,688,9,2024-02-19 00:08:57.058300,public,security,Vendor status page confirms partial service disruption.
1559,689,4,2024-02-18 21:18:55.466817,public,tier-2,Monitor issue persisted after cable swap.
1560,689,4,2024-02-19 07:17:35.490611,internal,tier-2,Security review requested before granting exception.
1561,690,4,2024-02-18 13:54:43.215510,public,tier-2,Awaiting screenshot and exact error timestamp from requester.
1562,690,4,2024-02-19 07:09:24.282353,internal,tier-2,User reports workaround acceptable until maintenance window.
1563,690,4,2024-02-19 14:12:05.473733,internal,tier-2,Service restored; monitoring for repeat failures.
1564,690,4,2024-02-20 00:58:57.306612,public,tier-2,MFA re-registration completed successfully.
1565,690,4,2024-02-20 14:27:03.410917,internal,tier-2,Closing after three business days without reply.
1566,691,1,2024-02-18 10:27:17.765785,public,tier-1,Issue now limited to users on macOS Sonoma.
1567,691,1,2024-02-19 02:50:02.150162,public,tier-1,Queue backlog high due to concurrent outage tickets.
1568,691,1,2024-02-19 04:55:38.109975,public,tier-1,Temporary workaround provided pending vendor response.
1569,691,1,2024-02-19 16:20:30.417356,public,tier-1,Issue now limited to users on macOS Sonoma.
1570,692,8,2024-02-19 01:44:54.746702,public,business-apps,Vendor status page confirms partial service disruption.
1571,693,7,2024-02-18 17:15:44.783559,internal,network,Closing after three business days without reply.
1572,694,10,2024-02-18 16:23:57.756648,public,collaboration,Found stale token in local credential manager.
1573,694,10,2024-02-18 17:46:25.938601,public,collaboration,User reports workaround acceptable until maintenance window.
1574,694,10,2024-02-18 23:48:23.528551,internal,collaboration,Phone call completed with warehouse supervisor.
1575,695,3,2024-02-19 04:50:02.588963,internal,tier-1,Assigned specialist for ERP module permissions.
1576,695,3,2024-02-19 06:03:16.663727,public,tier-1,Monitor issue persisted after cable swap.
1577,695,3,2024-02-19 12:20:35.347125,public,tier-1,Security review requested before granting exception.
1578,696,4,2024-02-19 03:07:57.633483,public,tier-2,MFA re-registration completed successfully.
1579,696,4,2024-02-19 17:38:48.322948,public,tier-2,Escalated to Tier 2 because issue impacts executive workflow.
1580,697,7,2024-02-19 06:11:47.619617,public,network,Device shipped to depot for motherboard replacement.
1581,697,7,2024-02-19 11:17:13.575800,public,network,Security review requested before granting exception.
1582,698,4,2024-02-18 22:49:19.554610,internal,tier-2,Monitor issue persisted after cable swap.
1583,699,4,2024-02-19 10:49:48.099667,public,tier-2,User verified access restored after role sync.
1584,700,2,2024-02-19 14:30:05.636696,public,tier-1,Reopened because problem recurred after overnight reboot.
1585,700,2,2024-02-20 07:29:51.444607,public,tier-1,Applied GPO update and forced policy refresh.
1586,701,10,2024-02-19 10:36:23.140881,internal,collaboration,Temporary workaround provided pending vendor response.
1587,701,10,2024-02-19 20:41:48.102196,public,collaboration,MFA re-registration completed successfully.
1588,702,5,2024-02-19 14:42:44.964409,public,tier-2,Queue backlog high due to concurrent outage tickets.
1589,703,8,2024-02-19 12:17:29.136046,public,business-apps,Service restored; monitoring for repeat failures.
1590,703,8,2024-02-20 04:16:38.023110,public,business-apps,User reports workaround acceptable until maintenance window.
1591,703,8,2024-02-20 20:19:08.509372,internal,business-apps,Assigned specialist for ERP module permissions.
1592,704,7,2024-02-19 21:11:16.387830,internal,network,Escalated to Tier 2 because issue impacts executive workflow.
1593,705,6,2024-02-20 00:43:26.023900,public,identity,Phone call completed with warehouse supervisor.
1594,705,6,2024-02-20 01:50:30.373790,public,identity,Escalated to Tier 2 because issue impacts executive workflow.
1595,705,6,2024-02-20 03:37:01.924911,public,identity,MFA re-registration completed successfully.
1596,706,4,2024-02-19 18:41:51.677244,public,tier-2,Confirmed issue reproducible on spare device.
1597,706,4,2024-02-19 20:02:55.672981,public,tier-2,Escalated to Tier 2 because issue impacts executive workflow.
1598,706,4,2024-02-19 23:13:00.941321,internal,tier-2,Queue backlog high due to concurrent outage tickets.
1599,707,4,2024-02-19 21:13:02.796316,public,tier-2,User reports workaround acceptable until maintenance window.
1600,707,4,2024-02-20 05:03:14.034402,internal,tier-2,Linked to active parent incident to reduce duplicate handling.
1601,707,4,2024-02-20 11:22:45.444111,public,tier-2,Device shipped to depot for motherboard replacement.
1602,708,5,2024-02-20 00:17:16.929129,public,tier-2,Applied GPO update and forced policy refresh.
1603,708,5,2024-02-20 06:12:24.376529,public,tier-2,Escalated to Tier 2 because issue impacts executive workflow.
1604,708,5,2024-02-20 22:44:55.382712,public,tier-2,Reopened because problem recurred after overnight reboot.
1605,709,2,2024-02-20 02:29:46.357922,public,tier-1,Applied GPO update and forced policy refresh.
1606,709,2,2024-02-20 06:24:27.807644,internal,tier-1,Escalated to Tier 2 because issue impacts executive workflow.
1607,709,2,2024-02-20 11:53:46.568940,public,tier-1,Device shipped to depot for motherboard replacement.
1608,710,6,2024-02-20 06:56:39.403319,internal,identity,Device shipped to depot for motherboard replacement.
1609,710,6,2024-02-20 22:48:18.665498,internal,identity,Escalated to Tier 2 because issue impacts executive workflow.
1610,710,6,2024-02-21 07:17:56.849628,public,identity,Customer contacted and asked to retry after cache clear.
1611,711,1,2024-02-20 04:35:29.674230,public,tier-1,Issue now limited to users on macOS Sonoma.
1612,711,1,2024-02-20 14:09:24.893958,public,tier-1,User reports workaround acceptable until maintenance window.
1613,711,1,2024-02-20 15:26:08.448317,public,tier-1,Applied GPO update and forced policy refresh.
1614,712,3,2024-02-19 19:20:59.357782,public,tier-1,Closing after three business days without reply.
1615,712,3,2024-02-20 05:35:54.469878,internal,tier-1,Issue now limited to users on macOS Sonoma.
1616,712,3,2024-02-20 18:00:44.154407,internal,tier-1,Queue backlog high due to concurrent outage tickets.
1617,713,7,2024-02-19 23:22:40.865563,public,network,Found stale token in local credential manager.
1618,713,7,2024-02-20 10:58:40.892284,public,network,User verified access restored after role sync.
1619,713,7,2024-02-21 04:34:50.816185,public,network,Assigned specialist for ERP module permissions.
1620,714,1,2024-02-19 20:56:25.751498,internal,tier-1,Phone call completed with warehouse supervisor.
1621,714,1,2024-02-19 23:52:05.454262,public,tier-1,Assigned specialist for ERP module permissions.
1622,714,1,2024-02-20 09:55:38.279811,public,tier-1,Temporary workaround provided pending vendor response.
1623,714,1,2024-02-20 19:39:31.950912,public,tier-1,Queue backlog high due to concurrent outage tickets.
1624,715,1,2024-02-20 07:10:21.794594,public,tier-1,Escalated to Tier 2 because issue impacts executive workflow.
1625,715,1,2024-02-20 19:43:32.357148,internal,tier-1,Applied GPO update and forced policy refresh.
1626,716,3,2024-02-19 22:18:24.724356,public,tier-1,Closing after three business days without reply.
1627,716,3,2024-02-20 04:50:21.354990,internal,tier-1,Service restored; monitoring for repeat failures.
1628,717,8,2024-02-20 10:12:53.890143,public,business-apps,Confirmed issue reproducible on spare device.
1629,717,8,2024-02-20 22:04:49.432395,internal,business-apps,Device shipped to depot for motherboard replacement.
1630,717,8,2024-02-21 02:16:13.007267,public,business-apps,Confirmed issue reproducible on spare device.
1631,718,9,2024-02-20 01:28:38.444121,public,security,Reset print spooler and reinstalled queue.
1632,719,1,2024-02-20 13:19:09.260211,public,tier-1,Security review requested before granting exception.
1633,719,1,2024-02-20 23:55:24.315845,internal,tier-1,User reports workaround acceptable until maintenance window.
1634,719,1,2024-02-21 05:42:49.451215,public,tier-1,Network team reviewing firewall and VPN telemetry.
1635,720,3,2024-02-20 08:33:45.745766,public,tier-1,Applied GPO update and forced policy refresh.
1636,720,3,2024-02-20 19:28:49.391248,public,tier-1,Closing after three business days without reply.
1637,721,1,2024-02-20 17:15:40.738138,public,tier-1,Confirmed issue reproducible on spare device.
1638,721,1,2024-02-21 05:25:22.534305,public,tier-1,MFA re-registration completed successfully.
1639,721,1,2024-02-21 10:04:44.077064,public,tier-1,Assigned specialist for ERP module permissions.
1640,721,1,2024-02-22 01:56:47.687075,internal,tier-1,Closing after three business days without reply.
1641,722,1,2024-02-20 03:23:06.974315,public,tier-1,User verified access restored after role sync.
1642,722,1,2024-02-20 13:48:58.340418,public,tier-1,Linked to active parent incident to reduce duplicate handling.
1643,722,1,2024-02-21 05:17:43.339878,public,tier-1,Issue now limited to users on macOS Sonoma.
1644,723,10,2024-02-20 15:57:45.360729,public,collaboration,Found stale token in local credential manager.
1645,724,5,2024-02-20 15:36:21.693161,public,tier-2,Linked to active parent incident to reduce duplicate handling.
1646,725,8,2024-02-20 17:15:44.240043,public,business-apps,Network team reviewing firewall and VPN telemetry.
1647,725,8,2024-02-20 20:24:59.807877,public,business-apps,User verified access restored after role sync.
1648,725,8,2024-02-21 11:28:36.021799,public,business-apps,Confirmed issue reproducible on spare device.
1649,726,7,2024-02-20 12:53:58.792429,public,network,Awaiting screenshot and exact error timestamp from requester.
1650,726,7,2024-02-20 23:32:56.226490,public,network,Service restored; monitoring for repeat failures.
1651,726,7,2024-02-21 02:20:21.533774,public,network,Customer contacted and asked to retry after cache clear.
1652,727,5,2024-02-21 00:57:48.900001,internal,tier-2,Device shipped to depot for motherboard replacement.
1653,727,5,2024-02-21 11:29:43.142588,public,tier-2,Confirmed issue reproducible on spare device.
1654,728,8,2024-02-20 21:17:25.886403,internal,business-apps,Device shipped to depot for motherboard replacement.
1655,728,8,2024-02-21 06:09:53.709097,public,business-apps,Queue backlog high due to concurrent outage tickets.
1656,729,3,2024-02-21 08:45:21.771200,public,tier-1,Found stale token in local credential manager.
1657,730,5,2024-02-21 07:32:13.734614,public,tier-2,Escalated to Tier 2 because issue impacts executive workflow.
1658,730,5,2024-02-21 12:32:09.084940,public,tier-2,Awaiting screenshot and exact error timestamp from requester.
1659,730,5,2024-02-22 05:36:20.126031,public,tier-2,Confirmed issue reproducible on spare device.
1660,730,5,2024-02-22 22:11:54.146875,public,tier-2,Applied GPO update and forced policy refresh.
1661,731,4,2024-02-20 19:56:10.389174,internal,tier-2,Network team reviewing firewall and VPN telemetry.
1662,731,4,2024-02-21 11:02:22.388167,public,tier-2,Applied GPO update and forced policy refresh.
1663,731,4,2024-02-21 20:31:38.409942,public,tier-2,Escalated to Tier 2 because issue impacts executive workflow.
1664,732,6,2024-02-21 07:52:22.200861,public,identity,Escalated to Tier 2 because issue impacts executive workflow.
1665,732,6,2024-02-21 21:42:37.700662,internal,identity,Applied GPO update and forced policy refresh.
1666,732,6,2024-02-22 11:50:20.742160,public,identity,Awaiting screenshot and exact error timestamp from requester.
1667,733,3,2024-02-21 04:43:07.020672,internal,tier-1,User reports workaround acceptable until maintenance window.
1668,734,8,2024-02-21 00:23:01.667220,internal,business-apps,Found stale token in local credential manager.
1669,735,9,2024-02-21 10:53:42.517942,internal,security,Device shipped to depot for motherboard replacement.
1670,735,9,2024-02-21 19:00:23.194178,public,security,Issue now limited to users on macOS Sonoma.
1671,735,9,2024-02-21 23:37:07.405043,public,security,Reset print spooler and reinstalled queue.
1672,736,9,2024-02-21 10:29:46.864841,public,security,Closing after three business days without reply.
1673,737,9,2024-02-21 17:52:00.684884,internal,security,Device shipped to depot for motherboard replacement.
1674,738,7,2024-02-21 04:08:15.320516,public,network,Service restored; monitoring for repeat failures.
1675,739,8,2024-02-21 19:03:16.460730,public,business-apps,Customer contacted and asked to retry after cache clear.
1676,739,8,2024-02-21 23:58:12.251387,public,business-apps,Vendor status page confirms partial service disruption.
1677,740,7,2024-02-21 15:42:13.941144,public,network,Temporary workaround provided pending vendor response.
1678,740,7,2024-02-21 18:26:56.501811,public,network,Phone call completed with warehouse supervisor.
1679,741,10,2024-02-21 21:19:26.494830,public,collaboration,Reopened because problem recurred after overnight reboot.
1680,742,1,2024-02-21 13:04:10.801756,public,tier-1,Temporary workaround provided pending vendor response.
1681,742,1,2024-02-21 15:58:39.590942,public,tier-1,Device shipped to depot for motherboard replacement.
1682,742,1,2024-02-21 17:07:50.715957,public,tier-1,User reports workaround acceptable until maintenance window.
1683,743,2,2024-02-21 23:15:10.859551,internal,tier-1,Confirmed issue reproducible on spare device.
1684,744,5,2024-02-22 13:42:17.842396,public,tier-2,Assigned specialist for ERP module permissions.
1685,744,5,2024-02-23 01:22:14.755618,public,tier-2,Found stale token in local credential manager.
1686,744,5,2024-02-23 18:10:12.559323,public,tier-2,Monitor issue persisted after cable swap.
1687,744,5,2024-02-24 06:56:59.581917,public,tier-2,Linked to active parent incident to reduce duplicate handling.
1688,744,5,2024-02-24 17:41:27.927976,public,tier-2,Device shipped to depot for motherboard replacement.
1689,745,7,2024-02-22 04:07:25.555578,public,network,Vendor status page confirms partial service disruption.
1690,745,7,2024-02-22 16:43:23.274957,public,network,Reopened because problem recurred after overnight reboot.
1691,745,7,2024-02-23 08:13:32.886135,public,network,Network team reviewing firewall and VPN telemetry.
1692,746,9,2024-02-22 18:56:30.335318,public,security,MFA re-registration completed successfully.
1693,746,9,2024-02-22 19:23:51.496660,internal,security,Confirmed issue reproducible on spare device.
1694,747,1,2024-02-22 14:13:00.387993,public,tier-1,Network team reviewing firewall and VPN telemetry.
1695,748,2,2024-02-22 14:08:09.383739,internal,tier-1,Linked to active parent incident to reduce duplicate handling.
1696,748,2,2024-02-22 22:39:49.996403,public,tier-1,MFA re-registration completed successfully.
1697,749,9,2024-02-22 17:41:50.128714,public,security,Awaiting screenshot and exact error timestamp from requester.
1698,750,4,2024-02-22 18:35:54.541395,internal,tier-2,Vendor status page confirms partial service disruption.
1699,750,4,2024-02-23 03:43:26.935807,internal,tier-2,Assigned specialist for ERP module permissions.
1700,750,4,2024-02-23 05:16:32.771379,public,tier-2,Found stale token in local credential manager.
1701,750,4,2024-02-23 09:34:54.880555,public,tier-2,User reports workaround acceptable until maintenance window.
1702,750,4,2024-02-23 21:50:32.760006,public,tier-2,User reports workaround acceptable until maintenance window.
1703,751,1,2024-02-22 20:25:31.409381,public,tier-1,Temporary workaround provided pending vendor response.
1704,752,7,2024-02-23 09:44:10.702114,public,network,Network team reviewing firewall and VPN telemetry.
1705,752,7,2024-02-23 16:15:25.322172,public,network,Applied GPO update and forced policy refresh.
1706,753,9,2024-02-22 23:29:50.381692,internal,security,Phone call completed with warehouse supervisor.
1707,753,9,2024-02-23 10:46:13.662352,public,security,Closing after three business days without reply.
1708,753,9,2024-02-23 20:01:22.482806,public,security,Service restored; monitoring for repeat failures.
1709,754,10,2024-02-23 12:04:29.129531,internal,collaboration,Applied GPO update and forced policy refresh.
1710,755,9,2024-02-23 06:03:19.142697,internal,security,Queue backlog high due to concurrent outage tickets.
1711,755,9,2024-02-23 16:35:17.476192,public,security,Device shipped to depot for motherboard replacement.
1712,756,1,2024-02-23 16:49:44.855474,public,tier-1,Device shipped to depot for motherboard replacement.
1713,756,1,2024-02-24 07:42:16.162224,public,tier-1,Queue backlog high due to concurrent outage tickets.
1714,756,1,2024-02-25 00:30:21.717370,public,tier-1,MFA re-registration completed successfully.
1715,756,1,2024-02-25 18:27:29.465709,public,tier-1,Awaiting screenshot and exact error timestamp from requester.
1716,757,2,2024-02-23 08:56:09.434922,public,tier-1,MFA re-registration completed successfully.
1717,757,2,2024-02-23 15:30:29.349393,internal,tier-1,Closing after three business days without reply.
1718,757,2,2024-02-24 07:48:32.521776,public,tier-1,User verified access restored after role sync.
1719,758,9,2024-02-23 21:51:31.364358,public,security,Linked to active parent incident to reduce duplicate handling.
1720,759,7,2024-02-23 15:33:58.460392,public,network,Phone call completed with warehouse supervisor.
1721,759,7,2024-02-24 03:25:48.717305,internal,network,Temporary workaround provided pending vendor response.
1722,759,7,2024-02-24 04:18:28.407392,public,network,Assigned specialist for ERP module permissions.
1723,759,7,2024-02-24 11:11:41.106205,public,network,MFA re-registration completed successfully.
1724,760,3,2024-02-23 08:42:25.530142,public,tier-1,Linked to active parent incident to reduce duplicate handling.
1725,761,4,2024-02-23 22:21:04.006092,public,tier-2,Security review requested before granting exception.
1726,761,4,2024-02-24 15:07:27.461738,public,tier-2,Escalated to Tier 2 because issue impacts executive workflow.
1727,761,4,2024-02-25 07:41:28.407120,public,tier-2,Phone call completed with warehouse supervisor.
1728,762,9,2024-02-23 12:22:43.606328,internal,security,Applied GPO update and forced policy refresh.
1729,762,9,2024-02-24 04:42:52.952096,public,security,Closing after three business days without reply.
1730,763,10,2024-02-23 12:35:02.925609,public,collaboration,Found stale token in local credential manager.
1731,763,10,2024-02-23 22:39:18.419108,internal,collaboration,Issue now limited to users on macOS Sonoma.
1732,764,9,2024-02-23 15:14:17.877494,internal,security,Network team reviewing firewall and VPN telemetry.
1733,764,9,2024-02-23 21:07:32.851765,internal,security,Reopened because problem recurred after overnight reboot.
1734,764,9,2024-02-24 10:59:35.565519,public,security,Escalated to Tier 2 because issue impacts executive workflow.
1735,765,5,2024-02-23 15:00:18.947806,public,tier-2,Confirmed issue reproducible on spare device.
1736,765,5,2024-02-23 18:41:55.237707,internal,tier-2,Issue now limited to users on macOS Sonoma.
1737,766,8,2024-02-23 14:54:02.153639,public,business-apps,Awaiting screenshot and exact error timestamp from requester.
1738,766,8,2024-02-24 06:16:05.258037,public,business-apps,Device shipped to depot for motherboard replacement.
1739,766,8,2024-02-24 09:18:44.611779,public,business-apps,User verified access restored after role sync.
1740,766,8,2024-02-24 20:44:41.263613,internal,business-apps,Assigned specialist for ERP module permissions.
1741,767,1,2024-02-23 18:46:21.927338,internal,tier-1,Customer contacted and asked to retry after cache clear.
1742,767,1,2024-02-23 20:38:31.461587,public,tier-1,User verified access restored after role sync.
1743,768,10,2024-02-24 06:25:43.175080,internal,collaboration,Vendor status page confirms partial service disruption.
1744,768,10,2024-02-24 11:56:53.089510,public,collaboration,Assigned specialist for ERP module permissions.
1745,768,10,2024-02-24 20:06:41.796534,public,collaboration,Reopened because problem recurred after overnight reboot.
1746,769,3,2024-02-24 01:10:48.369251,public,tier-1,Customer contacted and asked to retry after cache clear.
1747,770,10,2024-02-23 20:23:53.509139,public,collaboration,User reports workaround acceptable until maintenance window.
1748,770,10,2024-02-24 02:59:28.679320,public,collaboration,Found stale token in local credential manager.
1749,770,10,2024-02-24 12:34:24.280659,internal,collaboration,User verified access restored after role sync.
1750,771,1,2024-02-24 06:39:46.464450,public,tier-1,Applied GPO update and forced policy refresh.
1751,771,1,2024-02-24 09:18:10.381698,internal,tier-1,Device shipped to depot for motherboard replacement.
1752,771,1,2024-02-24 22:46:53.086503,public,tier-1,Customer contacted and asked to retry after cache clear.
1753,771,1,2024-02-25 00:04:45.007511,public,tier-1,Queue backlog high due to concurrent outage tickets.
1754,772,10,2024-02-23 20:59:59.913117,public,collaboration,Escalated to Tier 2 because issue impacts executive workflow.
1755,772,10,2024-02-24 03:59:59.120268,internal,collaboration,Issue now limited to users on macOS Sonoma.
1756,772,10,2024-02-24 12:34:25.414510,public,collaboration,Temporary workaround provided pending vendor response.
1757,773,6,2024-02-24 00:09:55.239253,public,identity,Phone call completed with warehouse supervisor.
1758,773,6,2024-02-24 04:09:53.257107,public,identity,Temporary workaround provided pending vendor response.
1759,773,6,2024-02-24 04:37:35.951971,public,identity,Escalated to Tier 2 because issue impacts executive workflow.
1760,774,6,2024-02-24 11:47:18.131195,public,identity,Closing after three business days without reply.
1761,774,6,2024-02-25 05:20:58.730109,public,identity,Confirmed issue reproducible on spare device.
1762,774,6,2024-02-25 12:54:32.061009,public,identity,MFA re-registration completed successfully.
1763,775,7,2024-02-24 10:07:19.822024,internal,network,Queue backlog high due to concurrent outage tickets.
1764,775,7,2024-02-25 03:31:12.676877,public,network,Closing after three business days without reply.
1765,776,5,2024-02-24 07:01:02.528581,public,tier-2,Service restored; monitoring for repeat failures.
1766,776,5,2024-02-24 17:12:53.995916,public,tier-2,Closing after three business days without reply.
1767,776,5,2024-02-25 05:17:13.087586,public,tier-2,User reports workaround acceptable until maintenance window.
1768,776,5,2024-02-25 17:50:36.905372,public,tier-2,Reset print spooler and reinstalled queue.
1769,776,5,2024-02-26 07:39:28.558974,public,tier-2,Monitor issue persisted after cable swap.
1770,777,10,2024-02-24 18:47:12.458859,internal,collaboration,Issue now limited to users on macOS Sonoma.
1771,777,10,2024-02-24 23:33:37.776289,public,collaboration,Temporary workaround provided pending vendor response.
1772,777,10,2024-02-25 09:45:15.794039,public,collaboration,Confirmed issue reproducible on spare device.
1773,778,2,2024-02-24 14:42:03.652276,internal,tier-1,MFA re-registration completed successfully.
1774,779,7,2024-02-24 18:57:07.823170,internal,network,Escalated to Tier 2 because issue impacts executive workflow.
1775,779,7,2024-02-24 22:27:00.648546,public,network,Customer contacted and asked to retry after cache clear.
1776,779,7,2024-02-25 07:19:56.882536,public,network,Customer contacted and asked to retry after cache clear.
1777,780,3,2024-02-24 19:41:07.679569,public,tier-1,Queue backlog high due to concurrent outage tickets.
1778,780,3,2024-02-25 05:13:37.940881,public,tier-1,Monitor issue persisted after cable swap.
1779,780,3,2024-02-25 18:16:45.140200,public,tier-1,Device shipped to depot for motherboard replacement.
1780,780,3,2024-02-25 19:07:31.439918,public,tier-1,Service restored; monitoring for repeat failures.
1781,780,3,2024-02-26 00:58:47.067260,public,tier-1,Network team reviewing firewall and VPN telemetry.
1782,781,1,2024-02-24 18:32:00.318743,public,tier-1,Found stale token in local credential manager.
1783,782,7,2024-02-25 03:38:44.667380,public,network,Found stale token in local credential manager.
1784,782,7,2024-02-25 13:57:21.973307,public,network,Closing after three business days without reply.
1785,783,7,2024-02-24 21:57:57.837653,internal,network,Found stale token in local credential manager.
1786,783,7,2024-02-25 01:33:58.609003,internal,network,User verified access restored after role sync.
1787,784,2,2024-02-25 04:08:22.231856,public,tier-1,Escalated to Tier 2 because issue impacts executive workflow.
1788,784,2,2024-02-25 08:57:33.574588,public,tier-1,Closing after three business days without reply.
1789,785,8,2024-02-24 20:33:06.872733,internal,business-apps,Found stale token in local credential manager.
1790,785,8,2024-02-25 14:25:31.859016,internal,business-apps,Applied GPO update and forced policy refresh.
1791,785,8,2024-02-26 04:34:46.707820,public,business-apps,Assigned specialist for ERP module permissions.
1792,786,10,2024-02-25 09:46:46.737936,public,collaboration,MFA re-registration completed successfully.
1793,786,10,2024-02-25 22:07:46.196067,public,collaboration,Issue now limited to users on macOS Sonoma.
1794,786,10,2024-02-26 04:26:10.933943,internal,collaboration,Issue now limited to users on macOS Sonoma.
1795,787,7,2024-02-25 00:26:47.833117,internal,network,Reset print spooler and reinstalled queue.
1796,788,3,2024-02-24 23:01:35.464652,internal,tier-1,Assigned specialist for ERP module permissions.
1797,789,1,2024-02-25 08:27:03.752652,public,tier-1,Phone call completed with warehouse supervisor.
1798,789,1,2024-02-25 10:55:44.019416,internal,tier-1,Found stale token in local credential manager.
1799,790,1,2024-02-25 06:43:18.621318,public,tier-1,Customer contacted and asked to retry after cache clear.
1800,790,1,2024-02-25 23:58:37.397944,public,tier-1,Temporary workaround provided pending vendor response.
1801,791,7,2024-02-25 12:34:40.824201,public,network,User verified access restored after role sync.
1802,791,7,2024-02-25 23:49:08.373548,internal,network,Confirmed issue reproducible on spare device.
1803,792,3,2024-02-25 16:01:16.000488,public,tier-1,Found stale token in local credential manager.
1804,793,4,2024-02-25 17:35:33.487029,public,tier-2,Closing after three business days without reply.
1805,793,4,2024-02-26 00:03:13.126797,public,tier-2,Monitor issue persisted after cable swap.
1806,794,1,2024-02-25 18:35:39.475103,internal,tier-1,Issue now limited to users on macOS Sonoma.
1807,794,1,2024-02-26 06:42:59.658826,public,tier-1,Issue now limited to users on macOS Sonoma.
1808,795,5,2024-02-25 15:54:32.304925,internal,tier-2,User verified access restored after role sync.
1809,795,5,2024-02-25 19:44:09.305922,public,tier-2,Reopened because problem recurred after overnight reboot.
1810,796,2,2024-02-25 12:49:08.984151,internal,tier-1,Reset print spooler and reinstalled queue.
1811,796,2,2024-02-26 04:07:02.434789,public,tier-1,Linked to active parent incident to reduce duplicate handling.
1812,796,2,2024-02-26 05:00:08.961492,internal,tier-1,Awaiting screenshot and exact error timestamp from requester.
1813,797,5,2024-02-25 16:42:53.298025,internal,tier-2,Security review requested before granting exception.
1814,797,5,2024-02-26 00:58:59.364063,public,tier-2,Awaiting screenshot and exact error timestamp from requester.
1815,798,6,2024-02-25 21:58:37.388515,public,identity,Device shipped to depot for motherboard replacement.
1816,798,6,2024-02-26 05:00:44.892480,public,identity,Service restored; monitoring for repeat failures.
1817,798,6,2024-02-26 13:49:56.348415,internal,identity,Issue now limited to users on macOS Sonoma.
1818,799,10,2024-02-25 16:12:04.561601,public,collaboration,Queue backlog high due to concurrent outage tickets.
1819,799,10,2024-02-25 18:44:22.441461,public,collaboration,Awaiting screenshot and exact error timestamp from requester.
1820,799,10,2024-02-26 12:19:03.105939,internal,collaboration,Reset print spooler and reinstalled queue.
1821,800,3,2024-02-26 13:36:27.976007,internal,tier-1,Vendor status page confirms partial service disruption.
1822,800,3,2024-02-27 06:08:46.137452,public,tier-1,Awaiting screenshot and exact error timestamp from requester.
1823,801,4,2024-02-26 03:20:46.148200,internal,tier-2,Reset print spooler and reinstalled queue.
1824,802,9,2024-02-26 03:25:20.111216,internal,security,Monitor issue persisted after cable swap.
1825,802,9,2024-02-26 04:40:50.350982,internal,security,User reports workaround acceptable until maintenance window.
1826,802,9,2024-02-26 15:20:05.426740,public,security,Escalated to Tier 2 because issue impacts executive workflow.
1827,803,10,2024-02-26 08:23:31.472879,public,collaboration,Customer contacted and asked to retry after cache clear.
1828,803,10,2024-02-27 01:16:26.079681,internal,collaboration,Reset print spooler and reinstalled queue.
1829,803,10,2024-02-27 06:37:53.109509,internal,collaboration,Linked to active parent incident to reduce duplicate handling.
1830,804,5,2024-02-26 09:46:46.961896,public,tier-2,Service restored; monitoring for repeat failures.
1831,805,4,2024-02-26 08:49:09.734029,public,tier-2,Phone call completed with warehouse supervisor.
1832,805,4,2024-02-26 09:30:50.902884,internal,tier-2,Awaiting screenshot and exact error timestamp from requester.
1833,806,8,2024-02-26 15:45:02.361958,public,business-apps,Awaiting screenshot and exact error timestamp from requester.
1834,807,8,2024-02-26 11:09:48.410573,public,business-apps,Vendor status page confirms partial service disruption.
1835,807,8,2024-02-26 16:41:23.845159,public,business-apps,Awaiting screenshot and exact error timestamp from requester.
1836,807,8,2024-02-26 17:40:16.840512,public,business-apps,Escalated to Tier 2 because issue impacts executive workflow.
1837,807,8,2024-02-26 19:53:53.170627,internal,business-apps,Confirmed issue reproducible on spare device.
1838,807,8,2024-02-27 09:08:40.372896,public,business-apps,Customer contacted and asked to retry after cache clear.
1839,807,8,2024-02-27 18:30:27.222109,public,business-apps,Reset print spooler and reinstalled queue.
1840,808,8,2024-02-26 15:10:41.281978,public,business-apps,Service restored; monitoring for repeat failures.
1841,808,8,2024-02-27 04:53:06.384052,public,business-apps,Applied GPO update and forced policy refresh.
1842,809,7,2024-02-26 11:22:19.963934,internal,network,Network team reviewing firewall and VPN telemetry.
1843,810,2,2024-02-26 16:00:51.165174,public,tier-1,Found stale token in local credential manager.
1844,811,3,2024-02-26 15:33:07.330220,public,tier-1,Awaiting screenshot and exact error timestamp from requester.
1845,811,3,2024-02-27 01:15:57.475412,public,tier-1,Service restored; monitoring for repeat failures.
1846,811,3,2024-02-27 11:46:53.839839,public,tier-1,Network team reviewing firewall and VPN telemetry.
1847,812,1,2024-02-27 07:56:03.485159,public,tier-1,Awaiting screenshot and exact error timestamp from requester.
1848,813,4,2024-02-27 00:14:55.203587,public,tier-2,Linked to active parent incident to reduce duplicate handling.
1849,814,9,2024-02-26 22:17:33.669060,public,security,Awaiting screenshot and exact error timestamp from requester.
1850,814,9,2024-02-27 10:32:14.059809,public,security,Found stale token in local credential manager.
1851,814,9,2024-02-27 16:06:46.658559,internal,security,MFA re-registration completed successfully.
1852,814,9,2024-02-28 08:02:16.877352,internal,security,Reset print spooler and reinstalled queue.
1853,815,3,2024-02-27 06:32:40.492515,internal,tier-1,MFA re-registration completed successfully.
1854,815,3,2024-02-27 14:06:21.750817,public,tier-1,Device shipped to depot for motherboard replacement.
1855,815,3,2024-02-28 01:06:15.932666,public,tier-1,Closing after three business days without reply.
1856,816,8,2024-02-27 06:29:49.114421,public,business-apps,Applied GPO update and forced policy refresh.
1857,816,8,2024-02-27 22:39:45.878857,public,business-apps,User verified access restored after role sync.
1858,816,8,2024-02-28 07:10:17.370056,public,business-apps,Queue backlog high due to concurrent outage tickets.
1859,817,5,2024-02-27 16:02:49.911867,public,tier-2,User reports workaround acceptable until maintenance window.
1860,818,2,2024-02-27 12:57:49.291437,public,tier-1,Confirmed issue reproducible on spare device.
1861,818,2,2024-02-27 15:31:29.386479,public,tier-1,Awaiting screenshot and exact error timestamp from requester.
1862,818,2,2024-02-28 06:12:41.254917,internal,tier-1,Assigned specialist for ERP module permissions.
1863,818,2,2024-02-28 21:36:58.292140,public,tier-1,Found stale token in local credential manager.
1864,818,2,2024-02-29 01:31:39.370775,internal,tier-1,Device shipped to depot for motherboard replacement.
1865,818,2,2024-02-29 04:17:36.701528,internal,tier-1,Escalated to Tier 2 because issue impacts executive workflow.
1866,819,3,2024-02-27 16:12:11.993933,public,tier-1,Queue backlog high due to concurrent outage tickets.
1867,819,3,2024-02-28 07:05:08.876759,internal,tier-1,MFA re-registration completed successfully.
1868,819,3,2024-02-28 18:39:05.864128,internal,tier-1,Assigned specialist for ERP module permissions.
1869,820,7,2024-02-28 03:51:50.304556,internal,network,User reports workaround acceptable until maintenance window.
1870,821,8,2024-02-27 22:58:40.493759,internal,business-apps,User reports workaround acceptable until maintenance window.
1871,821,8,2024-02-28 09:11:33.036160,internal,business-apps,User verified access restored after role sync.
1872,821,8,2024-02-28 11:31:20.268630,public,business-apps,MFA re-registration completed successfully.
1873,822,4,2024-02-28 03:28:37.421587,internal,tier-2,Reopened because problem recurred after overnight reboot.
1874,823,10,2024-02-28 03:38:22.190673,public,collaboration,Temporary workaround provided pending vendor response.
1875,824,1,2024-02-27 22:29:51.865817,internal,tier-1,Escalated to Tier 2 because issue impacts executive workflow.
1876,824,1,2024-02-28 14:26:11.129562,internal,tier-1,Security review requested before granting exception.
1877,825,6,2024-02-27 19:16:38.660340,internal,identity,Linked to active parent incident to reduce duplicate handling.
1878,825,6,2024-02-28 00:51:03.965330,public,identity,Closing after three business days without reply.
1879,825,6,2024-02-28 04:19:33.580903,public,identity,Linked to active parent incident to reduce duplicate handling.
1880,826,3,2024-02-28 01:39:24.503567,public,tier-1,Network team reviewing firewall and VPN telemetry.
1881,826,3,2024-02-28 19:10:27.360862,public,tier-1,Customer contacted and asked to retry after cache clear.
1882,827,9,2024-02-28 02:59:40.410790,internal,security,Linked to active parent incident to reduce duplicate handling.
1883,827,9,2024-02-28 06:55:20.437438,public,security,MFA re-registration completed successfully.
1884,827,9,2024-02-28 23:30:07.124242,public,security,Reset print spooler and reinstalled queue.
1885,828,8,2024-02-28 18:49:13.375318,public,business-apps,Reset print spooler and reinstalled queue.
1886,829,1,2024-02-28 07:35:11.110732,public,tier-1,Awaiting screenshot and exact error timestamp from requester.
1887,829,1,2024-02-28 16:06:03.635325,public,tier-1,Confirmed issue reproducible on spare device.
1888,829,1,2024-02-28 20:31:09.415314,public,tier-1,MFA re-registration completed successfully.
1889,829,1,2024-02-29 12:05:48.573014,internal,tier-1,Vendor status page confirms partial service disruption.
1890,829,1,2024-02-29 14:18:05.076594,public,tier-1,Awaiting screenshot and exact error timestamp from requester.
1891,830,4,2024-02-28 15:22:47.026539,internal,tier-2,MFA re-registration completed successfully.
1892,831,8,2024-02-28 12:22:39.653558,public,business-apps,Vendor status page confirms partial service disruption.
1893,832,6,2024-02-28 07:21:41.668678,public,identity,Linked to active parent incident to reduce duplicate handling.
1894,832,6,2024-02-28 14:43:21.415441,public,identity,Network team reviewing firewall and VPN telemetry.
1895,832,6,2024-02-28 22:00:43.360249,public,identity,Queue backlog high due to concurrent outage tickets.
1896,832,6,2024-02-29 12:28:14.737004,public,identity,Monitor issue persisted after cable swap.
1897,833,5,2024-02-28 18:53:13.796831,public,tier-2,Issue now limited to users on macOS Sonoma.
1898,833,5,2024-02-29 12:02:30.952868,public,tier-2,Closing after three business days without reply.
1899,834,2,2024-02-28 05:28:34.218660,internal,tier-1,Reset print spooler and reinstalled queue.
1900,834,2,2024-02-28 14:47:05.631210,public,tier-1,Device shipped to depot for motherboard replacement.
1901,834,2,2024-02-29 01:14:14.133394,public,tier-1,User verified access restored after role sync.
1902,835,6,2024-02-28 13:10:51.414736,public,identity,Issue now limited to users on macOS Sonoma.
1903,836,1,2024-02-28 20:33:09.085825,public,tier-1,Vendor status page confirms partial service disruption.
1904,836,1,2024-02-29 02:04:21.657363,public,tier-1,Device shipped to depot for motherboard replacement.
1905,836,1,2024-02-29 19:57:12.886605,public,tier-1,Reset print spooler and reinstalled queue.
1906,837,4,2024-02-28 06:51:00.422007,public,tier-2,Issue now limited to users on macOS Sonoma.
1907,837,4,2024-02-28 08:04:23.987845,public,tier-2,Customer contacted and asked to retry after cache clear.
1908,838,3,2024-02-28 20:08:59.858513,internal,tier-1,Phone call completed with warehouse supervisor.
1909,838,3,2024-02-29 04:57:06.949394,internal,tier-1,Security review requested before granting exception.
1910,838,3,2024-02-29 20:50:07.499772,internal,tier-1,Found stale token in local credential manager.
1911,839,7,2024-02-28 20:51:39.512709,internal,network,Linked to active parent incident to reduce duplicate handling.
1912,839,7,2024-02-28 21:45:05.144715,public,network,Queue backlog high due to concurrent outage tickets.
1913,840,5,2024-02-28 16:29:15.135436,internal,tier-2,Found stale token in local credential manager.
1914,840,5,2024-02-28 18:53:26.903877,internal,tier-2,Assigned specialist for ERP module permissions.
1915,841,5,2024-02-28 22:31:58.171244,public,tier-2,Network team reviewing firewall and VPN telemetry.
1916,841,5,2024-02-29 03:57:18.493691,public,tier-2,Network team reviewing firewall and VPN telemetry.
1917,841,5,2024-02-29 05:09:48.559374,public,tier-2,Device shipped to depot for motherboard replacement.
1918,842,9,2024-02-28 23:14:57.297568,public,security,Vendor status page confirms partial service disruption.
1919,842,9,2024-02-29 12:21:51.353240,public,security,Reset print spooler and reinstalled queue.
1920,842,9,2024-03-01 00:25:11.712688,public,security,Confirmed issue reproducible on spare device.
1921,843,4,2024-02-29 06:25:08.377188,public,tier-2,Reopened because problem recurred after overnight reboot.
1922,843,4,2024-02-29 14:08:23.163800,internal,tier-2,Security review requested before granting exception.
1923,844,8,2024-02-29 07:11:26.069562,internal,business-apps,Reset print spooler and reinstalled queue.
1924,844,8,2024-02-29 17:37:14.093197,public,business-apps,Found stale token in local credential manager.
1925,844,8,2024-03-01 02:21:27.235444,public,business-apps,Queue backlog high due to concurrent outage tickets.
1926,845,9,2024-02-28 19:27:03.091679,public,security,Issue now limited to users on macOS Sonoma.
1927,845,9,2024-02-29 09:08:12.887111,public,security,Phone call completed with warehouse supervisor.
1928,845,9,2024-02-29 14:54:52.095045,public,security,Customer contacted and asked to retry after cache clear.
1929,846,2,2024-02-28 23:33:12.958474,public,tier-1,Customer contacted and asked to retry after cache clear.
1930,846,2,2024-02-29 15:22:28.762342,public,tier-1,Queue backlog high due to concurrent outage tickets.
1931,847,8,2024-02-29 01:35:00.184316,public,business-apps,Issue now limited to users on macOS Sonoma.
1932,847,8,2024-02-29 14:15:56.336513,public,business-apps,Vendor status page confirms partial service disruption.
1933,847,8,2024-03-01 01:25:54.072742,internal,business-apps,Assigned specialist for ERP module permissions.
1934,848,1,2024-02-29 06:25:55.111069,public,tier-1,Service restored; monitoring for repeat failures.
1935,848,1,2024-02-29 08:21:12.550610,internal,tier-1,Service restored; monitoring for repeat failures.
1936,848,1,2024-03-01 02:20:17.869693,public,tier-1,Service restored; monitoring for repeat failures.
1937,849,7,2024-02-29 03:55:07.527739,public,network,Device shipped to depot for motherboard replacement.
1938,849,7,2024-02-29 07:55:57.440837,public,network,Network team reviewing firewall and VPN telemetry.
1939,849,7,2024-02-29 11:06:07.844182,public,network,Confirmed issue reproducible on spare device.
1940,849,7,2024-02-29 16:55:25.199771,public,network,Vendor status page confirms partial service disruption.
1941,850,3,2024-02-29 10:51:04.858630,public,tier-1,Applied GPO update and forced policy refresh.
1942,850,3,2024-02-29 17:25:14.210208,public,tier-1,Escalated to Tier 2 because issue impacts executive workflow.
1943,851,3,2024-02-29 05:29:12.474614,public,tier-1,Vendor status page confirms partial service disruption.
1944,852,9,2024-02-29 22:20:56.123069,public,security,Temporary workaround provided pending vendor response.
1945,852,9,2024-03-01 14:46:06.042169,public,security,Applied GPO update and forced policy refresh.
1946,852,9,2024-03-01 23:19:32.878335,public,security,Device shipped to depot for motherboard replacement.
1947,853,2,2024-02-29 18:15:43.050956,internal,tier-1,User verified access restored after role sync.
1948,854,6,2024-02-29 20:38:54.100394,public,identity,User reports workaround acceptable until maintenance window.
1949,855,8,2024-02-29 18:33:25.418424,internal,business-apps,Network team reviewing firewall and VPN telemetry.
1950,855,8,2024-03-01 11:04:19.686090,public,business-apps,Linked to active parent incident to reduce duplicate handling.
1951,855,8,2024-03-01 21:25:35.709318,public,business-apps,Issue now limited to users on macOS Sonoma.
1952,856,9,2024-02-29 11:26:52.459028,public,security,Phone call completed with warehouse supervisor.
1953,856,9,2024-02-29 19:10:56.833856,internal,security,Assigned specialist for ERP module permissions.
1954,856,9,2024-03-01 06:50:20.608548,public,security,Network team reviewing firewall and VPN telemetry.
1955,857,3,2024-02-29 13:38:31.969942,public,tier-1,Confirmed issue reproducible on spare device.
1956,857,3,2024-03-01 07:36:14.798236,public,tier-1,Linked to active parent incident to reduce duplicate handling.
1957,858,4,2024-02-29 21:36:28.881821,public,tier-2,Queue backlog high due to concurrent outage tickets.
1958,858,4,2024-02-29 23:58:27.119237,public,tier-2,Found stale token in local credential manager.
1959,859,6,2024-03-01 01:13:36.496696,public,identity,MFA re-registration completed successfully.
1960,860,6,2024-02-29 14:57:29.813967,public,identity,User verified access restored after role sync.
1961,860,6,2024-02-29 19:59:15.729327,public,identity,Monitor issue persisted after cable swap.
1962,860,6,2024-03-01 03:23:02.703683,internal,identity,Temporary workaround provided pending vendor response.
1963,861,2,2024-03-01 06:29:31.968256,public,tier-1,Security review requested before granting exception.
1964,862,6,2024-02-29 16:36:02.594670,public,identity,Awaiting screenshot and exact error timestamp from requester.
1965,863,1,2024-02-29 22:18:17.561096,public,tier-1,Reopened because problem recurred after overnight reboot.
1966,864,7,2024-03-01 11:17:46.367427,internal,network,MFA re-registration completed successfully.
1967,864,7,2024-03-02 01:48:23.235516,public,network,Device shipped to depot for motherboard replacement.
1968,864,7,2024-03-02 14:25:09.393180,public,network,User reports workaround acceptable until maintenance window.
1969,865,8,2024-03-01 06:08:52.646804,public,business-apps,Applied GPO update and forced policy refresh.
1970,865,8,2024-03-01 08:11:56.554340,public,business-apps,Awaiting screenshot and exact error timestamp from requester.
1971,865,8,2024-03-01 21:49:22.761110,public,business-apps,Applied GPO update and forced policy refresh.
1972,866,5,2024-03-01 01:20:28.650454,internal,tier-2,Security review requested before granting exception.
1973,867,3,2024-03-01 06:45:50.286388,internal,tier-1,Network team reviewing firewall and VPN telemetry.
1974,867,3,2024-03-01 15:30:29.209325,internal,tier-1,Awaiting screenshot and exact error timestamp from requester.
1975,867,3,2024-03-02 07:49:32.142401,internal,tier-1,Monitor issue persisted after cable swap.
1976,867,3,2024-03-02 12:24:01.141241,internal,tier-1,Service restored; monitoring for repeat failures.
1977,867,3,2024-03-02 12:48:14.350062,public,tier-1,User verified access restored after role sync.
1978,868,3,2024-03-01 03:02:07.041420,public,tier-1,Assigned specialist for ERP module permissions.
1979,869,7,2024-02-29 23:01:09.816419,public,network,Escalated to Tier 2 because issue impacts executive workflow.
1980,869,7,2024-03-01 00:25:28.517385,public,network,Reset print spooler and reinstalled queue.
1981,870,5,2024-03-01 13:34:53.573386,public,tier-2,Confirmed issue reproducible on spare device.
1982,870,5,2024-03-01 22:38:19.713583,public,tier-2,Found stale token in local credential manager.
1983,871,10,2024-03-01 08:03:08.811934,public,collaboration,Closing after three business days without reply.
1984,872,10,2024-03-01 06:36:48.040522,public,collaboration,Awaiting screenshot and exact error timestamp from requester.
1985,872,10,2024-03-01 18:15:28.882320,public,collaboration,Service restored; monitoring for repeat failures.
1986,873,5,2024-03-01 03:24:47.025657,public,tier-2,Closing after three business days without reply.
1987,873,5,2024-03-01 06:21:26.724200,internal,tier-2,Queue backlog high due to concurrent outage tickets.
1988,874,3,2024-03-01 06:29:54.309386,internal,tier-1,Applied GPO update and forced policy refresh.
1989,874,3,2024-03-01 11:08:53.298464,internal,tier-1,Temporary workaround provided pending vendor response.
1990,875,9,2024-03-01 07:04:43.170958,internal,security,Queue backlog high due to concurrent outage tickets.
1991,875,9,2024-03-01 23:17:28.997341,public,security,User reports workaround acceptable until maintenance window.
1992,875,9,2024-03-02 11:47:22.321077,internal,security,Issue now limited to users on macOS Sonoma.
1993,876,8,2024-03-01 21:32:45.692477,public,business-apps,Monitor issue persisted after cable swap.
1994,876,8,2024-03-02 08:16:31.013931,internal,business-apps,Phone call completed with warehouse supervisor.
1995,877,2,2024-03-01 13:29:32.522770,public,tier-1,Customer contacted and asked to retry after cache clear.
1996,877,2,2024-03-01 20:17:39.333688,internal,tier-1,Network team reviewing firewall and VPN telemetry.
1997,877,2,2024-03-02 10:15:13.066554,public,tier-1,Service restored; monitoring for repeat failures.
1998,878,10,2024-03-01 11:23:28.790186,public,collaboration,Temporary workaround provided pending vendor response.
1999,878,10,2024-03-02 01:04:59.111780,public,collaboration,Service restored; monitoring for repeat failures.
2000,878,10,2024-03-02 03:03:34.481725,public,collaboration,Queue backlog high due to concurrent outage tickets.
