ticket_id,created_at,first_response_at,resolved_at,priority,status,channel,category_id,assigned_agent_id,requester_department,affected_service,summary,description,escalated,outage_related
1,2024-01-01 00:25:58,2024-01-01 02:44:28.165882055,2024-01-01 07:11:36.270497762,P2,resolved,email,5,8,Finance,business-apps,New Zebra printer not visible to shipping station.,New Zebra printer not visible to shipping station. Reported by Danielle from HR.,False,False
2,2024-01-01 03:18:47,2024-01-01 10:41:36.758167460,2024-01-01 16:06:15.515350209,P3,resolved,email,8,5,Warehouse,voice,Sales laptop webcam missing from device manager.,Sales laptop webcam missing from device manager. Reported by Angel from Warehouse.,False,False
3,2024-01-01 05:00:04,2024-01-01 07:14:00.495197408,2024-01-03 05:17:17.430912834,P4,resolved,chat,4,2,IT,saas,Outlook keeps prompting for password on Mac.,Outlook keeps prompting for password on Mac. Reported by Joshua from Warehouse.,False,False
4,2024-01-01 06:54:27,2024-01-01 13:53:34.348455884,2024-01-02 01:21:58.211483652,P3,resolved,portal,7,10,IT,security,VPN disconnects every 15 minutes on hotel Wi-Fi.,VPN disconnects every 15 minutes on hotel Wi-Fi. Reported by Jeffrey from Sales.,False,False
5,2024-01-01 07:51:13,2024-01-01 09:57:48.722425448,2024-01-02 00:47:37.929284761,P3,resolved,chat,3,2,Finance,network,Spam burst hit shared support inbox this morning.,Spam burst hit shared support inbox this morning. Reported by Jill from Operations.,False,False
6,2024-01-01 09:53:23,2024-01-01 15:30:28.691541414,2024-01-02 00:02:49.871996319,P3,resolved,phone,4,1,Sales,saas,Intune enrollment stuck on compliance evaluation.,Intune enrollment stuck on compliance evaluation. Reported by Erica from Warehouse.,False,False
7,2024-01-01 12:24:14,2024-01-02 05:11:42.219174738,2024-01-02 23:56:53.912190299,P4,resolved,email,3,4,Operations,network,Customer portal SSO redirects to blank page.,Customer portal SSO redirects to blank page. Reported by Patricia from HR.,False,False
8,2024-01-01 14:32:50,2024-01-01 18:51:24.932450265,2024-01-01 21:25:25.125021102,P3,closed,chat,5,2,Operations,business-apps,Voicemail transcription unavailable in mobile app.,Voicemail transcription unavailable in mobile app. Reported by Christopher from Warehouse.,False,False
9,2024-01-01 16:12:59,2024-01-01 18:17:43.197485092,2024-01-02 10:12:39.244612542,P3,resolved,email,2,6,Warehouse,endpoint,Teams meeting room camera flickers after restart.,Teams meeting room camera flickers after restart. Reported by Robert from Operations.,False,False
10,2024-01-01 21:41:58,2024-01-01 23:34:38.051956313,2024-01-02 03:57:57.191019672,P2,closed,email,5,5,Sales,business-apps,BitLocker recovery key prompt appears at boot.,BitLocker recovery key prompt appears at boot. Reported by Anthony from Operations.,False,False
11,2024-01-01 22:23:42,2024-01-02 01:15:14.848042377,,P3,pending,email,7,10,Finance,security,Docking station no longer drives dual monitors.,Docking station no longer drives dual monitors. Reported by Jeffery from HR.,False,False
12,2024-01-02 05:52:07,2024-01-02 14:25:56.585466159,2024-01-04 04:25:48.746438990,P4,resolved,email,2,2,Finance,endpoint,Scanner cradle not charging overnight.,Scanner cradle not charging overnight. Reported by William from Finance.,False,False
13,2024-01-02 06:44:01,2024-01-03 00:54:52.840105412,,P4,pending,portal,7,3,Sales,security,Scanner firmware update broke keyboard wedge mode.,Scanner firmware update broke keyboard wedge mode. Reported by Anthony from Operations.,False,False
14,2024-01-02 11:55:44,2024-01-02 18:28:30.473636735,2024-01-03 05:36:53.381551996,P3,resolved,chat,7,7,HR,security,MFA push not arriving on replacement phone.,MFA push not arriving on replacement phone. Reported by James from Finance.,False,False
15,2024-01-02 15:17:15,2024-01-03 05:35:43.949111409,,P4,pending,portal,1,7,HR,identity,Voicemail transcription unavailable in mobile app.,Voicemail transcription unavailable in mobile app. Reported by Debra from Warehouse.,False,False
16,2024-01-02 17:03:08,2024-01-02 19:52:43.740286428,2024-01-03 11:59:32.958978494,P3,resolved,portal,6,4,Operations,peripherals,New Zebra printer not visible to shipping station.,New Zebra printer not visible to shipping station. Reported by Amy from Operations.,False,False
17,2024-01-02 18:07:18,2024-01-03 00:29:58.903775878,2024-01-04 02:48:47.841199360,P4,closed,chat,4,10,IT,saas,Printer on dock 4 is stuck in offline state.,Printer on dock 4 is stuck in offline state. Reported by Jeffrey from Warehouse.,False,False
18,2024-01-02 18:24:10,2024-01-02 19:33:14.991129182,2024-01-02 23:00:17.203158452,P2,resolved,chat,6,9,IT,peripherals,Spam burst hit shared support inbox this morning.,Spam burst hit shared support inbox this morning. Reported by Bridget from Finance.,False,False
19,2024-01-02 20:54:29,2024-01-02 23:22:56.617566134,2024-01-03 04:20:45.015999776,P3,resolved,phone,3,7,Finance,network,Teams channels inaccessible during tenant incident.,Teams channels inaccessible during tenant incident. Reported by Lisa from Warehouse.,False,False
20,2024-01-02 21:33:28,2024-01-03 03:40:39.097529608,,P4,in_progress,chat,2,8,Operations,endpoint,SSO certificate warning shown on benefits portal.,SSO certificate warning shown on benefits portal. Reported by Adam from HR.,False,False
21,2024-01-02 22:38:33,2024-01-03 14:38:17.085755691,,P4,in_progress,email,3,6,HR,network,Scanner firmware update broke keyboard wedge mode.,Scanner firmware update broke keyboard wedge mode. Reported by Linda from Warehouse.,True,False
22,2024-01-03 01:22:15,2024-01-03 19:42:08.458742100,2024-01-04 14:34:28.675694922,P4,resolved,portal,2,5,Sales,endpoint,Scanner firmware update broke keyboard wedge mode.,Scanner firmware update broke keyboard wedge mode. Reported by Helen from Warehouse.,False,False
23,2024-01-03 02:48:31,2024-01-03 05:39:19.848588538,2024-01-04 11:15:05.979774226,P4,resolved,portal,4,6,Finance,saas,Warehouse RF gun drops Wi-Fi in aisle B.,Warehouse RF gun drops Wi-Fi in aisle B. Reported by Matthew from HR.,False,False
24,2024-01-03 03:32:59,2024-01-03 10:35:07.009411722,,P4,in_progress,email,7,9,Warehouse,security,VPN fails only for users in Phoenix office.,VPN fails only for users in Phoenix office. Reported by Eric from Operations.,False,False
25,2024-01-03 06:08:31,2024-01-03 21:14:49.748943121,2024-01-05 22:10:29.166937022,P4,resolved,chat,7,1,HR,security,Barcode labels printing with incorrect dimensions.,Barcode labels printing with incorrect dimensions. Reported by Susan from Operations.,False,False
26,2024-01-03 10:48:50,2024-01-03 18:40:05.864326748,2024-01-04 01:53:22.599177849,P3,resolved,phone,2,2,Operations,endpoint,ERP purchase order screen timing out for AP team.,ERP purchase order screen timing out for AP team. Reported by Matthew from Operations.,False,False
27,2024-01-03 12:16:11,2024-01-03 19:57:38.056113576,2024-01-04 10:12:47.606163621,P3,resolved,phone,5,5,IT,business-apps,Email quarantine released but message still missing.,Email quarantine released but message still missing. Reported by Christopher from Operations.,True,False
28,2024-01-03 12:58:52,2024-01-03 23:24:33.081273331,2024-01-05 02:53:08.488018907,P4,resolved,email,1,6,HR,identity,New Zebra printer not visible to shipping station.,New Zebra printer not visible to shipping station. Reported by Colin from Sales.,False,False
29,2024-01-03 13:05:08,2024-01-03 20:53:01.062529244,2024-01-03 20:32:44.190677823,P3,resolved,email,1,2,IT,identity,Label printer feeds blank stock after maintenance.,Label printer feeds blank stock after maintenance. Reported by Melanie from Finance.,False,False
30,2024-01-03 14:36:59,2024-01-04 06:36:14.970491715,2024-01-05 12:51:15.484855316,P4,resolved,email,6,7,IT,peripherals,Power BI refresh failing after service account rotation.,Power BI refresh failing after service account rotation. Reported by Cassandra from Sales.,False,False
31,2024-01-03 17:08:04,2024-01-03 23:20:21.273194009,2024-01-04 02:08:37.846136513,P3,resolved,chat,3,1,Warehouse,network,Single sign-on to HRIS returns invalid relay state.,Single sign-on to HRIS returns invalid relay state. Reported by Lindsay from Warehouse.,False,False
32,2024-01-03 17:44:59,2024-01-04 00:24:09.208906251,2024-01-04 15:07:09.771991385,P3,resolved,portal,6,3,Operations,peripherals,Email signatures disappeared for sales team.,Email signatures disappeared for sales team. Reported by Jessica from Operations.,False,False
33,2024-01-03 18:58:55,2024-01-03 20:46:51.172345428,2024-01-04 01:01:16.466380523,P3,resolved,chat,2,5,Sales,endpoint,Teams calls dropping audio after two minutes.,Teams calls dropping audio after two minutes. Reported by Amanda from Sales.,False,False
34,2024-01-03 20:19:32,2024-01-04 10:31:28.026846132,2024-01-05 09:24:14.300743257,P4,resolved,phone,1,1,Warehouse,identity,Conference room display shows no HDMI signal.,Conference room display shows no HDMI signal. Reported by Teresa from HR.,False,False
35,2024-01-03 20:40:18,2024-01-03 21:20:02.550125665,2024-01-03 21:59:02.202729679,P1,resolved,email,6,7,HR,peripherals,ERP purchase order screen timing out for AP team.,ERP purchase order screen timing out for AP team. Reported by Nicholas from Operations.,True,False
36,2024-01-03 20:46:51,2024-01-04 01:36:28.815108790,2024-01-04 19:44:11.774450851,P4,resolved,email,2,6,HR,endpoint,Intune enrollment stuck on compliance evaluation.,Intune enrollment stuck on compliance evaluation. Reported by Andrea from Finance.,False,False
37,2024-01-03 21:02:34,2024-01-03 22:26:55.266162344,2024-01-04 01:09:02.840491514,P2,closed,chat,1,6,Sales,identity,Excel add-in blocked by security policy.,Excel add-in blocked by security policy. Reported by Maria from Finance.,False,False
38,2024-01-04 02:43:25,2024-01-04 05:09:23.510258248,2024-01-04 22:21:42.575475564,P3,resolved,email,7,6,Operations,security,Single sign-on to HRIS returns invalid relay state.,Single sign-on to HRIS returns invalid relay state. Reported by Christine from Warehouse.,False,False
39,2024-01-04 04:32:32,2024-01-04 16:56:27.271038178,2024-01-06 19:04:29.584084959,P4,resolved,portal,6,7,IT,peripherals,User cannot map shared drive from new laptop.,User cannot map shared drive from new laptop. Reported by Michelle from Warehouse.,False,False
40,2024-01-04 06:56:40,2024-01-04 10:59:58.995753181,2024-01-04 20:32:57.579704726,P3,closed,portal,8,7,HR,voice,VPN fails only for users in Phoenix office.,VPN fails only for users in Phoenix office. Reported by Barbara from Sales.,False,False
41,2024-01-04 09:15:21,2024-01-04 11:31:35.632391877,2024-01-05 09:55:31.964809146,P4,resolved,portal,5,7,Finance,business-apps,VPN disconnects every 15 minutes on hotel Wi-Fi.,VPN disconnects every 15 minutes on hotel Wi-Fi. Reported by Janet from Sales.,False,False
42,2024-01-04 09:29:46,2024-01-04 11:21:43.708209635,2024-01-04 15:40:51.938543438,P2,resolved,phone,4,3,Sales,saas,Conditional access policy locked out break-glass account.,Conditional access policy locked out break-glass account. Reported by Brandon from Operations.,False,False
43,2024-01-04 10:42:12,2024-01-04 17:37:23.837128238,2024-01-04 23:35:11.642950742,P3,closed,email,6,7,Operations,peripherals,Conference room display shows no HDMI signal.,Conference room display shows no HDMI signal. Reported by Jeremy from Finance.,False,False
44,2024-01-04 14:12:58,2024-01-04 15:21:00.687887298,2024-01-05 09:14:26.079378594,P3,resolved,portal,7,2,IT,security,Conditional access policy locked out break-glass account.,Conditional access policy locked out break-glass account. Reported by Keith from Finance.,False,False
45,2024-01-04 14:32:52,2024-01-05 03:19:53.830712344,2024-01-06 19:19:39.972986687,P4,resolved,phone,6,1,Operations,peripherals,Suspicious login alert triggered for finance user.,Suspicious login alert triggered for finance user. Reported by Christopher from Sales.,False,False
46,2024-01-04 15:10:48,2024-01-04 17:31:13.856095297,,P2,pending,email,3,10,Finance,network,ERP purchase order screen timing out for AP team.,ERP purchase order screen timing out for AP team. Reported by Jesse from Warehouse.,False,False
47,2024-01-04 15:14:55,2024-01-04 20:37:27.670951891,2024-01-05 06:57:59.198524157,P3,resolved,chat,8,2,Warehouse,voice,Mailbox forwarding rule recreated after removal.,Mailbox forwarding rule recreated after removal. Reported by Craig from Operations.,False,False
48,2024-01-04 15:15:48,2024-01-04 18:04:27.036236216,2024-01-04 22:11:13.463506587,P3,closed,phone,6,2,IT,peripherals,Teams calls dropping audio after two minutes.,Teams calls dropping audio after two minutes. Reported by Joshua from Finance.,False,False
49,2024-01-04 15:33:33,2024-01-04 21:55:23.842314442,2024-01-05 15:48:55.007590023,P4,resolved,email,8,4,Sales,voice,Password reset loop continues after successful change.,Password reset loop continues after successful change. Reported by Cynthia from HR.,False,False
50,2024-01-04 16:27:18,2024-01-05 09:44:09.651412197,2024-01-07 01:24:42.054011528,P4,resolved,email,5,10,HR,business-apps,Password reset loop continues after successful change.,Password reset loop continues after successful change. Reported by Michael from Warehouse.,False,False
51,2024-01-04 16:49:11,2024-01-05 04:53:15.541862820,2024-01-06 13:29:20.622501111,P4,resolved,email,4,9,HR,saas,Scanner firmware update broke keyboard wedge mode.,Scanner firmware update broke keyboard wedge mode. Reported by Mitchell from Operations.,False,False
52,2024-01-04 21:22:56,2024-01-05 01:49:43.002985642,2024-01-05 10:24:37.609795952,P3,resolved,email,7,8,IT,security,ERP role request approved but not applied.,ERP role request approved but not applied. Reported by Jason from Warehouse.,False,False
53,2024-01-04 21:53:30,2024-01-05 03:10:51.867597632,2024-01-05 17:45:33.112975891,P3,closed,email,5,2,Sales,business-apps,Spam burst hit shared support inbox this morning.,Spam burst hit shared support inbox this morning. Reported by Joseph from Sales.,False,False
54,2024-01-04 22:49:50,2024-01-05 17:46:01.699628147,2024-01-06 16:23:57.740277608,P4,closed,email,7,7,Sales,security,Slack notifications delayed for customer support queue.,Slack notifications delayed for customer support queue. Reported by Sharon from Operations.,False,False
55,2024-01-05 00:07:49,2024-01-05 13:37:45.532658945,2024-01-05 19:55:48.746210623,P4,resolved,portal,8,9,Finance,voice,VPN client update failed with rollback error.,VPN client update failed with rollback error. Reported by Deborah from Warehouse.,False,False
56,2024-01-05 00:21:50,2024-01-05 17:34:26.206749411,2024-01-07 00:19:12.717009191,P4,resolved,chat,3,4,Finance,network,Warehouse scanner will not sync picks to WMS.,Warehouse scanner will not sync picks to WMS. Reported by Chelsea from Finance.,False,False
57,2024-01-05 00:40:47,2024-01-05 10:16:48.081243983,2024-01-07 05:50:21.301014959,P4,resolved,email,2,3,Sales,endpoint,Scanner cradle not charging overnight.,Scanner cradle not charging overnight. Reported by George from HR.,False,False
58,2024-01-05 01:12:44,2024-01-05 19:28:30.513238835,2024-01-07 19:40:50.775724647,P4,resolved,portal,2,9,Finance,endpoint,ERP role request approved but not applied.,ERP role request approved but not applied. Reported by Jessica from Sales.,True,False
59,2024-01-05 01:19:54,2024-01-05 04:02:13.077543255,2024-01-05 03:56:17.593301888,P2,resolved,email,5,2,IT,business-apps,New Zebra printer not visible to shipping station.,New Zebra printer not visible to shipping station. Reported by Frank from Warehouse.,False,False
60,2024-01-05 01:47:50,2024-01-05 02:59:27.891818175,2024-01-05 22:48:24.887187040,P3,resolved,chat,7,10,Sales,security,VPN fails only for users in Phoenix office.,VPN fails only for users in Phoenix office. Reported by Noah from Operations.,False,False
61,2024-01-05 02:17:16,2024-01-05 19:50:18.423349223,2024-01-07 00:28:18.986099587,P4,resolved,email,8,5,Finance,voice,VPN fails only for users in Phoenix office.,VPN fails only for users in Phoenix office. Reported by Veronica from Operations.,False,False
62,2024-01-05 03:46:33,2024-01-05 10:02:13.812424163,2024-01-06 00:12:06.200290718,P3,resolved,email,1,8,Warehouse,identity,Single sign-on to HRIS returns invalid relay state.,Single sign-on to HRIS returns invalid relay state. Reported by Danielle from Warehouse.,False,False
63,2024-01-05 04:10:23,2024-01-05 10:26:26.778585068,2024-01-05 16:34:47.164439850,P3,resolved,phone,1,4,Sales,identity,Sales laptop webcam missing from device manager.,Sales laptop webcam missing from device manager. Reported by Angela from Warehouse.,False,False
64,2024-01-05 04:17:45,2024-01-05 07:55:33.125290908,2024-01-06 01:23:43.987963449,P3,resolved,chat,6,8,Finance,peripherals,Suspicious login alert triggered for finance user.,Suspicious login alert triggered for finance user. Reported by Gabrielle from Operations.,False,False
65,2024-01-05 04:19:19,2024-01-05 10:44:12.677766008,,P3,in_progress,portal,3,10,IT,network,Conference room display shows no HDMI signal.,Conference room display shows no HDMI signal. Reported by Megan from Finance.,False,False
66,2024-01-05 04:42:47,2024-01-05 19:29:00.400060440,2024-01-07 03:53:39.623995329,P4,resolved,chat,4,5,Sales,saas,Teams calls dropping audio after two minutes.,Teams calls dropping audio after two minutes. Reported by Kimberly from HR.,False,False
67,2024-01-05 05:26:24,2024-01-06 00:04:36.687148813,2024-01-08 02:31:31.662409875,P4,resolved,portal,1,3,Operations,identity,Scanner cradle not charging overnight.,Scanner cradle not charging overnight. Reported by Jeremy from Sales.,True,False
68,2024-01-05 05:45:41,2024-01-05 06:48:44.713295294,2024-01-05 13:14:59.965556639,P2,resolved,email,1,1,Warehouse,identity,Spam burst hit shared support inbox this morning.,Spam burst hit shared support inbox this morning. Reported by Antonio from Finance.,True,False
69,2024-01-05 08:35:34,2024-01-05 14:39:26.973344378,2024-01-06 07:01:48.413473088,P3,resolved,portal,5,10,Finance,business-apps,Scanner cradle not charging overnight.,Scanner cradle not charging overnight. Reported by Leslie from Sales.,True,False
70,2024-01-05 11:27:05,2024-01-05 12:22:42.375263660,2024-01-05 13:35:54.246991329,P1,resolved,chat,6,10,IT,peripherals,CEO calendar delegate can no longer edit events.,CEO calendar delegate can no longer edit events. Reported by Joseph from Operations.,True,False
71,2024-01-05 13:04:48,2024-01-06 06:43:17.159650539,,P4,pending,phone,8,7,HR,voice,ERP role request approved but not applied.,ERP role request approved but not applied. Reported by Jason from Sales.,False,False
72,2024-01-05 13:15:00,2024-01-05 16:03:52.829311086,2024-01-06 10:16:06.069288543,P3,resolved,portal,4,1,HR,saas,Cannot sign in to Okta after password reset.,Cannot sign in to Okta after password reset. Reported by Sherri from Sales.,False,False
73,2024-01-05 13:33:14,2024-01-05 17:46:06.338472524,,P3,in_progress,portal,6,9,Warehouse,peripherals,VPN outage reported by remote finance staff.,VPN outage reported by remote finance staff. Reported by Nancy from Warehouse.,False,False
74,2024-01-05 15:21:10,2024-01-05 18:35:06.293567478,2024-01-06 12:21:49.218638302,P3,resolved,chat,7,5,HR,security,Intune enrollment stuck on compliance evaluation.,Intune enrollment stuck on compliance evaluation. Reported by Leonard from Sales.,False,False
75,2024-01-05 17:36:15,2024-01-05 23:38:32.022154189,2024-01-06 04:02:06.104320345,P3,closed,chat,4,3,Operations,saas,ERP purchase order screen timing out for AP team.,ERP purchase order screen timing out for AP team. Reported by Diana from Finance.,False,False
76,2024-01-05 18:32:43,2024-01-05 20:05:13.427277391,2024-01-06 03:34:09.027443416,P3,resolved,email,2,4,HR,endpoint,Power BI refresh failing after service account rotation.,Power BI refresh failing after service account rotation. Reported by Randall from HR.,False,False
77,2024-01-05 20:46:06,2024-01-06 01:51:36.535060711,2024-01-06 16:20:50.606188322,P4,resolved,portal,7,10,Operations,security,Scanner firmware update broke keyboard wedge mode.,Scanner firmware update broke keyboard wedge mode. Reported by Robin from Warehouse.,False,False
78,2024-01-05 22:16:40,2024-01-06 01:28:27.935888080,,P3,pending,email,1,8,IT,identity,Print queue stalled for shipping label batch.,Print queue stalled for shipping label batch. Reported by Stephen from Finance.,False,False
79,2024-01-05 23:37:13,2024-01-06 00:51:19.602637073,2024-01-06 06:43:03.036612456,P2,resolved,portal,3,6,Sales,network,SSO certificate warning shown on benefits portal.,SSO certificate warning shown on benefits portal. Reported by Joseph from HR.,False,False
80,2024-01-06 00:17:50,2024-01-06 02:55:47.668894814,2024-01-06 16:44:05.773067427,P3,resolved,chat,2,8,Sales,endpoint,Mailbox forwarding rule recreated after removal.,Mailbox forwarding rule recreated after removal. Reported by John from Warehouse.,False,False
81,2024-01-06 01:56:20,2024-01-06 04:19:43.697192703,2024-01-06 15:14:15.408568506,P3,resolved,email,6,9,IT,peripherals,Cannot sign in to Okta after password reset.,Cannot sign in to Okta after password reset. Reported by Anna from Warehouse.,False,False
82,2024-01-06 05:34:35,2024-01-06 12:36:10.767451474,2024-01-07 03:52:11.015824446,P3,resolved,portal,3,7,Operations,network,Conference room display shows no HDMI signal.,Conference room display shows no HDMI signal. Reported by Jose from Finance.,True,False
83,2024-01-06 05:52:57,2024-01-06 16:22:40.619928079,2024-01-08 02:53:32.684024158,P4,resolved,email,3,4,HR,network,Docking station no longer drives dual monitors.,Docking station no longer drives dual monitors. Reported by Brenda from Sales.,False,False
84,2024-01-06 14:39:27,2024-01-06 21:20:49.876270526,,P3,pending,email,6,1,Finance,peripherals,Citrix launch freezes on black screen.,Citrix launch freezes on black screen. Reported by Rachael from Operations.,False,False
85,2024-01-06 18:45:08,2024-01-07 00:15:59.567350040,2024-01-08 19:03:00.599710756,P4,resolved,chat,3,2,Finance,network,CEO calendar delegate can no longer edit events.,CEO calendar delegate can no longer edit events. Reported by Reginald from Warehouse.,False,False
86,2024-01-06 21:35:45,2024-01-06 22:50:30.981656354,,P2,pending,portal,3,3,Warehouse,network,New hire missing access to onboarding portal.,New hire missing access to onboarding portal. Reported by Jeffrey from Finance.,False,False
87,2024-01-06 23:47:56,2024-01-07 11:11:11.215277040,2024-01-08 19:02:02.556476688,P4,resolved,chat,4,8,Operations,saas,Teams calls dropping audio after two minutes.,Teams calls dropping audio after two minutes. Reported by Whitney from Warehouse.,False,False
88,2024-01-07 00:32:16,2024-01-07 04:06:42.896661277,2024-01-07 22:33:49.655137931,P3,resolved,portal,1,1,IT,identity,Docking station no longer drives dual monitors.,Docking station no longer drives dual monitors. Reported by William from Warehouse.,True,False
89,2024-01-07 01:13:00,2024-01-07 08:11:45.775930440,2024-01-07 21:08:06.299933034,P3,resolved,chat,8,2,HR,voice,Print queue stalled for shipping label batch.,Print queue stalled for shipping label batch. Reported by Christopher from HR.,False,False
90,2024-01-07 02:12:33,2024-01-07 07:21:04.290555429,2024-01-07 09:03:45.660960589,P3,resolved,email,8,10,Sales,voice,Procurement team reports ERP attachments missing.,Procurement team reports ERP attachments missing. Reported by Brandon from Sales.,False,False
91,2024-01-07 03:22:28,2024-01-07 09:07:51.547612250,,P3,pending,portal,6,5,Warehouse,peripherals,Excel add-in blocked by security policy.,Excel add-in blocked by security policy. Reported by Daniel from Operations.,False,False
92,2024-01-07 05:31:18,2024-01-07 09:25:27.849199287,2024-01-08 00:58:14.235062205,P3,closed,email,1,2,Finance,identity,BitLocker recovery key prompt appears at boot.,BitLocker recovery key prompt appears at boot. Reported by Courtney from Operations.,False,False
93,2024-01-07 09:53:48,2024-01-07 22:12:06.318148160,2024-01-08 23:21:10.604208951,P4,resolved,chat,4,9,IT,saas,MFA push not arriving on replacement phone.,MFA push not arriving on replacement phone. Reported by Laura from Warehouse.,False,False
94,2024-01-07 17:30:02,2024-01-07 23:00:04.014474766,2024-01-08 14:48:22.110608129,P3,closed,portal,3,10,IT,network,ERP role request approved but not applied.,ERP role request approved but not applied. Reported by Robert from HR.,False,False
95,2024-01-07 17:58:08,2024-01-08 05:19:50.882232251,2024-01-08 19:39:54.230036162,P4,resolved,email,2,6,IT,endpoint,VPN fails only for users in Phoenix office.,VPN fails only for users in Phoenix office. Reported by Bryan from Warehouse.,False,False
96,2024-01-07 18:14:17,2024-01-08 00:11:10.640635366,2024-01-09 17:39:12.376824219,P4,resolved,portal,8,2,Warehouse,voice,Warehouse scanner will not sync picks to WMS.,Warehouse scanner will not sync picks to WMS. Reported by Patrick from HR.,False,False
97,2024-01-07 19:22:49,2024-01-08 00:15:07.008208390,2024-01-08 11:48:06.192385912,P3,resolved,chat,4,7,HR,saas,Procurement team reports ERP attachments missing.,Procurement team reports ERP attachments missing. Reported by Wendy from Finance.,False,False
98,2024-01-07 20:48:24,2024-01-08 07:34:43.604489433,2024-01-09 12:11:49.136674393,P4,resolved,email,6,9,Finance,peripherals,New contractor needs temporary access to WMS.,New contractor needs temporary access to WMS. Reported by Allison from Sales.,False,False
99,2024-01-07 21:03:10,2024-01-08 00:37:54.219773088,2024-01-08 19:41:46.147400584,P3,resolved,portal,6,10,Sales,peripherals,SSO certificate warning shown on benefits portal.,SSO certificate warning shown on benefits portal. Reported by Tasha from HR.,True,False
100,2024-01-07 22:38:16,2024-01-08 02:01:53.224889263,2024-01-08 16:58:06.074145356,P3,resolved,chat,3,6,HR,network,Teams calls dropping audio after two minutes.,Teams calls dropping audio after two minutes. Reported by Michelle from HR.,False,False
101,2024-01-07 22:44:30,2024-01-08 05:15:13.035721628,2024-01-08 08:59:30.225590914,P3,resolved,email,3,10,IT,network,Warehouse tablet battery draining within one shift.,Warehouse tablet battery draining within one shift. Reported by Alexander from Finance.,False,False
102,2024-01-07 23:44:52,2024-01-08 08:50:24.185252564,2024-01-10 00:10:57.439407794,P4,resolved,portal,8,9,IT,voice,Citrix launch freezes on black screen.,Citrix launch freezes on black screen. Reported by Jennifer from Finance.,False,False
103,2024-01-08 01:07:26,2024-01-08 01:52:39.323776886,2024-01-08 04:43:27.101564172,P1,resolved,phone,7,2,Warehouse,security,Customer portal SSO redirects to blank page.,Customer portal SSO redirects to blank page. Reported by Erin from Sales.,True,False
104,2024-01-08 03:13:10,2024-01-08 09:42:44.585784502,2024-01-09 01:13:02.120116211,P3,resolved,email,5,7,Warehouse,business-apps,Mailbox forwarding rule recreated after removal.,Mailbox forwarding rule recreated after removal. Reported by Amanda from Warehouse.,True,False
105,2024-01-08 03:52:38,2024-01-08 11:46:16.039489131,2024-01-08 21:00:09.163385097,P3,resolved,email,5,7,Finance,business-apps,Warehouse tablet battery draining within one shift.,Warehouse tablet battery draining within one shift. Reported by Joseph from Warehouse.,False,False
106,2024-01-08 04:20:39,2024-01-08 06:38:15.619952305,2024-01-08 15:58:02.908780898,P3,resolved,portal,1,8,HR,identity,Power BI refresh failing after service account rotation.,Power BI refresh failing after service account rotation. Reported by Danielle from Sales.,False,False
107,2024-01-08 04:52:12,2024-01-08 08:31:08.437155412,2024-01-08 19:02:52.616228838,P3,resolved,portal,2,6,HR,endpoint,Email quarantine released but message still missing.,Email quarantine released but message still missing. Reported by Daniel from HR.,False,False
108,2024-01-08 05:03:19,2024-01-08 06:04:25.109004287,2024-01-08 18:20:25.163561316,P3,resolved,chat,1,8,Sales,identity,Payroll batch job missed scheduled overnight window.,Payroll batch job missed scheduled overnight window. Reported by Ryan from Warehouse.,False,False
109,2024-01-08 06:48:48,2024-01-08 16:11:37.065446910,2024-01-09 12:27:05.687808582,P4,resolved,portal,7,6,IT,security,Label printer feeds blank stock after maintenance.,Label printer feeds blank stock after maintenance. Reported by Shawn from Sales.,False,False
110,2024-01-08 07:31:16,2024-01-08 10:30:03.419664862,,P3,in_progress,portal,8,3,HR,voice,New hire missing access to onboarding portal.,New hire missing access to onboarding portal. Reported by Stephanie from Finance.,False,False
111,2024-01-08 07:40:46,2024-01-08 14:27:31.725447881,2024-01-09 02:56:47.240911544,P3,resolved,portal,2,5,Sales,endpoint,Spam burst hit shared support inbox this morning.,Spam burst hit shared support inbox this morning. Reported by Nancy from Operations.,False,False
112,2024-01-08 08:01:02,2024-01-08 18:44:07.975452142,2024-01-10 03:24:13.063901638,P4,resolved,email,3,10,Operations,network,Password reset loop continues after successful change.,Password reset loop continues after successful change. Reported by Jose from HR.,False,False
113,2024-01-08 08:56:19,2024-01-09 00:05:51.742148503,2024-01-09 21:05:49.048776679,P4,closed,portal,3,9,Warehouse,network,Email signatures disappeared for sales team.,Email signatures disappeared for sales team. Reported by Vincent from HR.,False,False
114,2024-01-08 10:27:39,2024-01-08 12:20:09.633530923,2024-01-08 16:43:36.420826358,P2,resolved,email,7,7,Warehouse,security,Outlook keeps prompting for password on Mac.,Outlook keeps prompting for password on Mac. Reported by Guy from HR.,False,False
115,2024-01-08 11:03:52,2024-01-08 13:34:09.640241203,2024-01-08 23:52:02.986418587,P3,resolved,phone,4,4,Warehouse,saas,Label printer feeds blank stock after maintenance.,Label printer feeds blank stock after maintenance. Reported by Rita from Operations.,False,False
116,2024-01-08 15:23:32,2024-01-08 18:17:57.725320859,2024-01-08 21:42:38.049400775,P2,resolved,email,1,3,Finance,identity,Payroll batch job missed scheduled overnight window.,Payroll batch job missed scheduled overnight window. Reported by Monica from Operations.,False,False
117,2024-01-08 15:40:39,2024-01-08 22:53:58.818840957,2024-01-10 00:02:30.770471688,P4,resolved,email,5,3,Sales,business-apps,Excel add-in blocked by security policy.,Excel add-in blocked by security policy. Reported by Kenneth from HR.,False,False
118,2024-01-08 16:08:02,2024-01-08 19:41:26.191359549,,P3,in_progress,chat,2,4,Warehouse,endpoint,Customer portal SSO redirects to blank page.,Customer portal SSO redirects to blank page. Reported by Danielle from Finance.,False,False
119,2024-01-08 17:51:09,2024-01-08 18:58:13.995831270,2024-01-09 04:57:35.555561726,P3,resolved,email,6,10,Sales,peripherals,MFA push not arriving on replacement phone.,MFA push not arriving on replacement phone. Reported by Chelsea from Operations.,False,False
120,2024-01-08 18:33:42,2024-01-08 19:55:27.515189872,2024-01-09 03:45:28.109768827,P3,resolved,portal,7,6,Sales,security,Email search indexing incomplete after migration.,Email search indexing incomplete after migration. Reported by Eric from Operations.,False,False
121,2024-01-08 19:58:50,2024-01-08 23:20:39.388082613,,P3,pending,phone,1,4,Operations,identity,Scanner firmware update broke keyboard wedge mode.,Scanner firmware update broke keyboard wedge mode. Reported by Kathryn from HR.,False,False
122,2024-01-09 00:41:56,2024-01-09 03:31:39.721897829,2024-01-09 04:57:36.816593673,P2,closed,chat,8,9,Operations,voice,MFA push not arriving on replacement phone.,MFA push not arriving on replacement phone. Reported by Amber from Warehouse.,False,False
123,2024-01-09 01:08:29,2024-01-09 15:12:21.812701978,2024-01-11 02:25:04.740887430,P4,resolved,email,6,4,IT,peripherals,Docking station no longer drives dual monitors.,Docking station no longer drives dual monitors. Reported by Kimberly from Operations.,False,False
124,2024-01-09 02:30:33,2024-01-09 04:52:41.476603690,2024-01-10 01:20:41.423957511,P3,resolved,email,1,8,Warehouse,identity,VPN disconnects every 15 minutes on hotel Wi-Fi.,VPN disconnects every 15 minutes on hotel Wi-Fi. Reported by Alyssa from Finance.,True,False
125,2024-01-09 05:02:59,2024-01-09 12:49:15.950307828,2024-01-09 16:49:28.660423923,P3,resolved,portal,2,7,IT,endpoint,Citrix launch freezes on black screen.,Citrix launch freezes on black screen. Reported by Aaron from HR.,False,False
126,2024-01-09 10:49:33,2024-01-10 04:14:41.546607141,2024-01-12 05:47:10.190881580,P4,resolved,portal,2,4,IT,endpoint,Intune enrollment stuck on compliance evaluation.,Intune enrollment stuck on compliance evaluation. Reported by Mario from Sales.,True,False
127,2024-01-09 11:09:31,2024-01-09 18:16:01.690873932,2024-01-10 05:59:12.182624300,P3,resolved,email,8,10,Operations,voice,M365 outage causing login failures across offices.,M365 outage causing login failures across offices. Reported by Andrew from Operations.,False,False
128,2024-01-09 11:42:57,2024-01-09 15:23:58.251921606,2024-01-09 20:01:10.829412826,P3,resolved,email,6,7,IT,peripherals,Label printer feeds blank stock after maintenance.,Label printer feeds blank stock after maintenance. Reported by Sarah from Finance.,False,False
129,2024-01-09 11:50:59,2024-01-09 16:28:40.324869297,2024-01-09 21:26:46.165704828,P3,resolved,chat,3,10,Warehouse,network,Excel add-in blocked by security policy.,Excel add-in blocked by security policy. Reported by Natasha from Warehouse.,False,False
130,2024-01-09 13:26:53,2024-01-10 08:51:45.221402309,2024-01-11 18:32:16.098707913,P4,resolved,email,5,1,Operations,business-apps,Print queue stalled for shipping label batch.,Print queue stalled for shipping label batch. Reported by Marie from Warehouse.,False,False
131,2024-01-09 13:43:41,2024-01-09 15:32:37.099706670,2024-01-09 17:28:56.715076032,P2,resolved,chat,3,3,Warehouse,network,Teams meeting room camera flickers after restart.,Teams meeting room camera flickers after restart. Reported by Kyle from HR.,False,False
132,2024-01-09 15:43:36,2024-01-10 04:33:29.721614654,2024-01-12 00:09:07.710324446,P4,resolved,email,4,4,Sales,saas,VPN outage reported by remote finance staff.,VPN outage reported by remote finance staff. Reported by Brian from Finance.,False,False
133,2024-01-09 19:33:36,2024-01-10 01:17:50.231636617,2024-01-10 11:49:44.214508570,P3,resolved,portal,6,7,Warehouse,peripherals,Scanner firmware update broke keyboard wedge mode.,Scanner firmware update broke keyboard wedge mode. Reported by Natalie from Warehouse.,False,False
134,2024-01-09 19:36:38,2024-01-09 23:34:48.268967846,2024-01-10 13:38:23.949077976,P3,resolved,portal,2,9,Operations,endpoint,Procurement team reports ERP attachments missing.,Procurement team reports ERP attachments missing. Reported by Stacey from Warehouse.,False,False
135,2024-01-09 21:31:24,2024-01-09 23:34:18.028078422,2024-01-10 09:46:36.286537747,P3,resolved,email,7,2,Operations,security,CEO calendar delegate can no longer edit events.,CEO calendar delegate can no longer edit events. Reported by Christopher from Finance.,False,False
136,2024-01-10 00:54:28,2024-01-10 03:18:38.134605336,2024-01-10 07:50:01.517730766,P2,resolved,portal,8,2,HR,voice,Email signatures disappeared for sales team.,Email signatures disappeared for sales team. Reported by Todd from Operations.,False,False
137,2024-01-10 02:52:53,2024-01-10 07:26:09.468888604,2024-01-11 00:46:07.951756356,P3,resolved,email,8,7,Operations,voice,New hire missing access to onboarding portal.,New hire missing access to onboarding portal. Reported by Chad from Operations.,True,False
138,2024-01-10 03:00:41,2024-01-10 15:13:26.759024288,2024-01-12 13:45:10.004194720,P4,resolved,chat,2,4,Warehouse,endpoint,Barcode labels printing with incorrect dimensions.,Barcode labels printing with incorrect dimensions. Reported by Kathleen from HR.,False,False
139,2024-01-10 05:24:57,2024-01-10 12:59:03.915046540,2024-01-10 23:25:27.651842199,P3,resolved,chat,4,7,IT,saas,Outlook keeps prompting for password on Mac.,Outlook keeps prompting for password on Mac. Reported by Katie from Warehouse.,False,False
140,2024-01-10 06:06:40,2024-01-10 08:51:38.505732642,2024-01-10 17:21:16.045018034,P3,resolved,email,3,1,Warehouse,network,Scanner firmware update broke keyboard wedge mode.,Scanner firmware update broke keyboard wedge mode. Reported by David from Operations.,False,False
141,2024-01-10 10:38:54,2024-01-10 23:26:42.837929578,2024-01-12 13:32:41.908824468,P4,resolved,portal,6,6,Finance,peripherals,Citrix launch freezes on black screen.,Citrix launch freezes on black screen. Reported by Thomas from Operations.,False,False
142,2024-01-10 11:57:18,2024-01-10 13:11:59.523676886,2024-01-10 19:24:46.061344530,P2,closed,phone,3,1,HR,network,Scanner firmware update broke keyboard wedge mode.,Scanner firmware update broke keyboard wedge mode. Reported by Andrea from Sales.,True,False
143,2024-01-10 12:10:49,2024-01-10 16:44:02.316261014,2024-01-10 18:23:17.451396782,P3,resolved,portal,4,10,Sales,saas,Power BI refresh failing after service account rotation.,Power BI refresh failing after service account rotation. Reported by Joseph from Operations.,False,False
144,2024-01-10 15:38:21,2024-01-10 19:16:50.403183645,2024-01-11 14:11:10.134970356,P3,resolved,email,2,2,HR,endpoint,Docking station no longer drives dual monitors.,Docking station no longer drives dual monitors. Reported by Monique from Sales.,True,False
145,2024-01-10 17:06:26,2024-01-10 19:39:15.488704804,2024-01-10 23:28:19.313842750,P2,resolved,chat,5,2,Sales,business-apps,Conference room display shows no HDMI signal.,Conference room display shows no HDMI signal. Reported by Rodney from HR.,False,False
146,2024-01-10 17:28:03,2024-01-11 06:31:04.596382873,2024-01-13 03:02:28.467166091,P4,resolved,email,5,2,Sales,business-apps,Warehouse scanner will not sync picks to WMS.,Warehouse scanner will not sync picks to WMS. Reported by Jason from HR.,False,False
147,2024-01-10 18:31:44,2024-01-11 00:45:37.626216393,2024-01-13 14:47:49.231623519,P4,closed,chat,5,3,HR,business-apps,Voicemail transcription unavailable in mobile app.,Voicemail transcription unavailable in mobile app. Reported by Amber from Finance.,True,False
148,2024-01-10 22:52:14,2024-01-11 06:36:45.577243841,2024-01-11 14:37:07.383036534,P3,resolved,email,3,5,HR,network,Mailbox forwarding rule recreated after removal.,Mailbox forwarding rule recreated after removal. Reported by Jessica from HR.,False,False
149,2024-01-11 02:00:13,2024-01-11 17:43:01.593945930,2024-01-12 19:31:02.724319528,P4,resolved,chat,7,7,Operations,security,Payroll batch job missed scheduled overnight window.,Payroll batch job missed scheduled overnight window. Reported by James from Sales.,False,False
150,2024-01-11 02:59:22,2024-01-11 05:26:15.061532699,2024-01-11 05:53:51.773339729,P2,resolved,portal,5,10,IT,business-apps,ERP purchase order screen timing out for AP team.,ERP purchase order screen timing out for AP team. Reported by Larry from Operations.,False,False
151,2024-01-11 05:39:55,2024-01-11 19:23:13.322719772,2024-01-13 22:30:46.942433552,P4,resolved,email,2,9,IT,endpoint,Cannot sign in to Okta after password reset.,Cannot sign in to Okta after password reset. Reported by Wanda from Finance.,True,False
152,2024-01-11 06:47:36,2024-01-11 21:09:29.217411303,2024-01-13 23:30:44.548027759,P4,resolved,phone,3,1,Sales,network,MFA push not arriving on replacement phone.,MFA push not arriving on replacement phone. Reported by Debra from Finance.,False,False
153,2024-01-11 06:57:46,2024-01-11 09:51:46.945475293,2024-01-11 15:53:32.465060774,P3,resolved,portal,6,5,HR,peripherals,Excel add-in blocked by security policy.,Excel add-in blocked by security policy. Reported by Samuel from Operations.,False,False
154,2024-01-11 07:18:35,2024-01-11 14:50:56.816524623,2024-01-12 00:32:37.519150355,P3,resolved,email,1,9,Warehouse,identity,Teams meeting room camera flickers after restart.,Teams meeting room camera flickers after restart. Reported by Zachary from Warehouse.,False,False
155,2024-01-11 08:55:27,2024-01-12 01:19:21.458099098,2024-01-13 17:09:42.582957316,P4,resolved,chat,3,2,IT,network,Laptop blue-screened during payroll export.,Laptop blue-screened during payroll export. Reported by David from HR.,False,False
156,2024-01-11 09:54:26,2024-01-11 17:26:13.152658099,2024-01-11 19:32:27.502763169,P3,resolved,portal,7,7,Warehouse,security,Mailbox forwarding rule recreated after removal.,Mailbox forwarding rule recreated after removal. Reported by Jeffrey from HR.,False,False
157,2024-01-11 10:33:28,2024-01-11 15:24:19.753250626,2024-01-11 20:18:53.875596905,P3,resolved,email,4,5,IT,saas,Shared mailbox permissions disappeared overnight.,Shared mailbox permissions disappeared overnight. Reported by Matthew from HR.,False,False
158,2024-01-11 11:44:00,2024-01-11 13:24:37.835512525,2024-01-12 07:07:52.254839493,P3,resolved,portal,5,2,Operations,business-apps,CEO calendar delegate can no longer edit events.,CEO calendar delegate can no longer edit events. Reported by Brianna from Warehouse.,False,False
159,2024-01-11 12:05:12,2024-01-11 13:52:25.638257152,2024-01-11 18:39:38.172011600,P2,resolved,phone,6,1,Sales,peripherals,MFA push not arriving on replacement phone.,MFA push not arriving on replacement phone. Reported by Jerry from Operations.,False,False
160,2024-01-11 12:29:34,2024-01-11 13:56:22.429034238,2024-01-11 16:58:16.171825219,P2,resolved,email,3,3,IT,network,Warehouse tablet battery draining within one shift.,Warehouse tablet battery draining within one shift. Reported by Jeffrey from Operations.,False,False
161,2024-01-11 12:31:29,2024-01-11 13:41:54.818353259,2024-01-12 06:06:43.708140929,P3,resolved,chat,7,1,Sales,security,Scanner cradle not charging overnight.,Scanner cradle not charging overnight. Reported by Chad from Finance.,False,False
162,2024-01-11 13:09:55,2024-01-11 18:30:17.005384590,2024-01-13 07:25:01.460514049,P4,resolved,portal,1,2,Finance,identity,Teams channels inaccessible during tenant incident.,Teams channels inaccessible during tenant incident. Reported by Crystal from HR.,False,False
163,2024-01-11 13:45:49,2024-01-11 16:55:02.419511905,2024-01-12 03:25:55.884535583,P3,closed,email,4,6,Finance,saas,Scanner cradle not charging overnight.,Scanner cradle not charging overnight. Reported by Jeremy from Sales.,False,False
164,2024-01-11 14:21:40,2024-01-11 15:34:48.953611625,2024-01-12 04:08:42.960739499,P3,resolved,chat,5,8,HR,business-apps,Teams calls dropping audio after two minutes.,Teams calls dropping audio after two minutes. Reported by Rebecca from HR.,False,False
165,2024-01-11 18:29:40,2024-01-12 00:02:06.067338534,2024-01-12 03:06:06.891134106,P3,resolved,portal,2,6,HR,endpoint,Email search indexing incomplete after migration.,Email search indexing incomplete after migration. Reported by Michele from Sales.,False,False
166,2024-01-11 22:44:13,2024-01-12 03:58:35.736577836,2024-01-12 05:12:00.636217709,P3,resolved,chat,7,8,Operations,security,Payroll batch job missed scheduled overnight window.,Payroll batch job missed scheduled overnight window. Reported by Chad from Operations.,False,False
167,2024-01-12 04:11:11,2024-01-12 06:04:20.736036425,2024-01-12 21:37:37.266349641,P3,resolved,portal,1,1,Sales,identity,ERP role request approved but not applied.,ERP role request approved but not applied. Reported by John from Warehouse.,False,False
168,2024-01-12 05:49:24,2024-01-12 07:26:05.025550536,2024-01-12 11:18:45.746395086,P2,resolved,email,6,4,IT,peripherals,CEO calendar delegate can no longer edit events.,CEO calendar delegate can no longer edit events. Reported by Elizabeth from Warehouse.,False,False
169,2024-01-12 08:12:54,2024-01-12 21:19:36.641003941,2024-01-13 09:01:35.165455111,P4,resolved,email,6,7,Sales,peripherals,ERP purchase order screen timing out for AP team.,ERP purchase order screen timing out for AP team. Reported by Jason from Operations.,False,False
170,2024-01-12 10:25:20,2024-01-12 12:28:47.715881373,2024-01-13 08:37:28.891838849,P3,resolved,email,7,1,Sales,security,Intune enrollment stuck on compliance evaluation.,Intune enrollment stuck on compliance evaluation. Reported by David from Warehouse.,True,False
171,2024-01-12 14:02:38,2024-01-12 19:36:41.109664726,2024-01-15 11:53:23.137739688,P4,resolved,portal,2,6,Warehouse,endpoint,Slack notifications delayed for customer support queue.,Slack notifications delayed for customer support queue. Reported by Selena from HR.,True,False
172,2024-01-12 15:10:01,2024-01-12 23:09:53.769709884,2024-01-13 10:46:10.307755669,P3,resolved,phone,2,2,Sales,endpoint,Email search indexing incomplete after migration.,Email search indexing incomplete after migration. Reported by Ashley from Operations.,False,False
173,2024-01-12 15:54:34,2024-01-13 04:38:08.089586791,2024-01-14 01:56:04.400209969,P4,resolved,chat,5,5,Finance,business-apps,VPN disconnects every 15 minutes on hotel Wi-Fi.,VPN disconnects every 15 minutes on hotel Wi-Fi. Reported by Thomas from Operations.,False,False
174,2024-01-12 18:45:05,2024-01-12 19:18:30.991251498,2024-01-13 00:42:04.696169370,P2,resolved,chat,8,7,Operations,voice,Mailbox forwarding rule recreated after removal.,Mailbox forwarding rule recreated after removal. Reported by Kristen from Operations.,False,False
175,2024-01-12 20:21:59,2024-01-13 02:21:24.760598799,2024-01-13 16:29:20.204322647,P4,resolved,portal,7,10,Finance,security,New contractor needs temporary access to WMS.,New contractor needs temporary access to WMS. Reported by Lindsey from Warehouse.,False,False
176,2024-01-12 21:16:48,2024-01-13 05:01:09.997068450,2024-01-13 09:31:32.419910222,P3,closed,email,2,1,HR,endpoint,Single sign-on to HRIS returns invalid relay state.,Single sign-on to HRIS returns invalid relay state. Reported by James from HR.,False,False
177,2024-01-12 23:07:18,2024-01-13 01:11:55.330861677,2024-01-13 04:46:25.503152338,P2,closed,chat,4,6,HR,saas,ERP purchase order screen timing out for AP team.,ERP purchase order screen timing out for AP team. Reported by Collin from Warehouse.,False,False
178,2024-01-12 23:49:28,2024-01-13 06:04:10.436791070,2024-01-13 06:36:09.989617940,P3,resolved,email,3,6,HR,network,Shared mailbox permissions disappeared overnight.,Shared mailbox permissions disappeared overnight. Reported by Ryan from Warehouse.,False,False
179,2024-01-13 01:18:53,2024-01-13 09:04:27.233774444,2024-01-13 12:05:05.614346350,P3,resolved,email,7,1,Sales,security,Barcode labels printing with incorrect dimensions.,Barcode labels printing with incorrect dimensions. Reported by Rodney from HR.,False,False
180,2024-01-13 01:31:50,2024-01-13 04:30:24.324606614,2024-01-13 13:06:09.670727414,P3,resolved,email,5,7,IT,business-apps,Phone soft client cannot register after ISP change.,Phone soft client cannot register after ISP change. Reported by Stuart from HR.,False,False
181,2024-01-13 01:34:33,2024-01-13 16:18:04.396431032,2024-01-15 13:38:14.077087131,P4,closed,phone,4,1,Operations,saas,Warehouse RF gun drops Wi-Fi in aisle B.,Warehouse RF gun drops Wi-Fi in aisle B. Reported by Jessica from Operations.,False,False
182,2024-01-13 07:56:35,2024-01-13 11:46:37.806310083,2024-01-15 02:06:02.560399792,P4,resolved,chat,1,7,Sales,identity,Warehouse tablet battery draining within one shift.,Warehouse tablet battery draining within one shift. Reported by Emily from HR.,False,False
183,2024-01-13 10:55:26,2024-01-13 17:15:10.492470388,2024-01-14 02:20:18.928726364,P3,resolved,email,6,3,Warehouse,peripherals,ERP role request approved but not applied.,ERP role request approved but not applied. Reported by Tracey from Warehouse.,False,False
184,2024-01-13 13:02:37,2024-01-13 15:58:14.883282012,,P4,pending,phone,4,2,IT,saas,Citrix launch freezes on black screen.,Citrix launch freezes on black screen. Reported by Corey from Sales.,False,False
185,2024-01-13 13:12:37,2024-01-13 20:03:25.426109004,2024-01-13 20:09:18.389197694,P3,resolved,chat,1,1,Finance,identity,New hire missing access to onboarding portal.,New hire missing access to onboarding portal. Reported by Richard from Operations.,False,False
186,2024-01-13 20:19:16,2024-01-13 22:59:27.616825921,,P2,in_progress,portal,2,5,Warehouse,endpoint,Label printer feeds blank stock after maintenance.,Label printer feeds blank stock after maintenance. Reported by Matthew from Warehouse.,False,False
187,2024-01-13 20:29:08,2024-01-14 15:53:45.873642287,2024-01-16 14:38:23.027995865,P4,resolved,email,6,3,HR,peripherals,Service account password expired on integration job.,Service account password expired on integration job. Reported by Michelle from Operations.,True,False
188,2024-01-13 20:33:13,2024-01-13 23:06:00.154435972,2024-01-14 02:40:40.800862139,P3,resolved,email,6,5,Operations,peripherals,Email quarantine released but message still missing.,Email quarantine released but message still missing. Reported by John from HR.,False,False
189,2024-01-13 20:43:22,2024-01-13 23:19:26.334315140,2024-01-14 07:17:12.694718978,P3,resolved,email,4,9,Warehouse,saas,Conditional access policy locked out break-glass account.,Conditional access policy locked out break-glass account. Reported by James from Finance.,False,False
190,2024-01-13 20:45:15,2024-01-13 23:29:03.021488626,2024-01-13 23:43:16.125381399,P2,closed,portal,7,9,IT,security,Label printer feeds blank stock after maintenance.,Label printer feeds blank stock after maintenance. Reported by Shane from HR.,False,False
191,2024-01-14 00:50:51,2024-01-14 04:01:47.948556050,2024-01-14 21:34:13.471458574,P3,resolved,portal,6,8,IT,peripherals,Label printer feeds blank stock after maintenance.,Label printer feeds blank stock after maintenance. Reported by Robert from Sales.,False,False
192,2024-01-14 01:03:14,2024-01-14 03:41:36.350021968,2024-01-14 22:29:03.923480183,P3,resolved,email,5,5,Sales,business-apps,Docking station no longer drives dual monitors.,Docking station no longer drives dual monitors. Reported by Joshua from Sales.,False,False
193,2024-01-14 01:11:59,2024-01-14 03:03:09.101907029,2024-01-14 18:01:42.801598640,P3,resolved,email,2,2,IT,endpoint,Customer portal SSO redirects to blank page.,Customer portal SSO redirects to blank page. Reported by John from Sales.,False,False
194,2024-01-14 01:28:50,2024-01-14 06:08:00.167057612,2024-01-14 08:12:24.303387929,P3,resolved,portal,4,5,Sales,saas,Sales laptop webcam missing from device manager.,Sales laptop webcam missing from device manager. Reported by Sandra from Operations.,False,False
195,2024-01-14 01:54:59,2024-01-14 16:14:45.178941069,2024-01-16 11:50:13.077186611,P4,resolved,chat,7,1,Sales,security,New contractor needs temporary access to WMS.,New contractor needs temporary access to WMS. Reported by Scott from Sales.,False,False
196,2024-01-14 02:06:01,2024-01-14 11:34:29.516847754,2024-01-15 19:27:05.664998260,P4,resolved,email,3,2,HR,network,Email signatures disappeared for sales team.,Email signatures disappeared for sales team. Reported by Michelle from HR.,False,False
197,2024-01-14 04:28:09,2024-01-14 06:43:08.898876010,2024-01-14 06:38:06.936744118,P2,resolved,chat,6,4,Finance,peripherals,Excel add-in blocked by security policy.,Excel add-in blocked by security policy. Reported by Andrea from Warehouse.,False,False
198,2024-01-14 06:43:19,2024-01-14 07:17:32.652518090,2024-01-14 09:56:25.616809238,P2,resolved,phone,7,7,Sales,security,New hire missing access to onboarding portal.,New hire missing access to onboarding portal. Reported by Brent from HR.,False,False
199,2024-01-14 06:52:05,2024-01-14 11:33:39.516830174,2024-01-15 03:58:11.451745961,P3,resolved,chat,5,8,HR,business-apps,Conference room display shows no HDMI signal.,Conference room display shows no HDMI signal. Reported by Yvette from Finance.,False,False
200,2024-01-14 09:39:29,2024-01-14 11:23:03.882485718,2024-01-14 14:42:25.423421690,P2,resolved,portal,5,7,Sales,business-apps,Scanner firmware update broke keyboard wedge mode.,Scanner firmware update broke keyboard wedge mode. Reported by Mary from HR.,False,False
201,2024-01-14 10:27:54,2024-01-14 16:19:49.575596412,2024-01-14 21:42:55.176959512,P3,resolved,chat,2,3,Sales,endpoint,Customer portal SSO redirects to blank page.,Customer portal SSO redirects to blank page. Reported by Tanya from Warehouse.,False,False
202,2024-01-14 16:29:19,2024-01-14 18:46:09.427491174,2024-01-15 06:36:37.040605607,P3,closed,chat,4,8,IT,saas,Slack notifications delayed for customer support queue.,Slack notifications delayed for customer support queue. Reported by Sara from Warehouse.,False,False
203,2024-01-14 17:19:21,2024-01-15 07:55:23.414625760,2024-01-17 06:43:57.630280386,P4,resolved,chat,1,10,IT,identity,Barcode labels printing with incorrect dimensions.,Barcode labels printing with incorrect dimensions. Reported by Melinda from Warehouse.,False,False
204,2024-01-14 20:34:14,2024-01-15 01:56:30.985708364,2024-01-15 18:28:46.044528540,P3,resolved,email,1,7,Operations,identity,Finance cannot export month-end AP aging report.,Finance cannot export month-end AP aging report. Reported by Gabriel from Sales.,True,False
205,2024-01-14 22:17:34,2024-01-15 13:48:44.042947246,2024-01-16 12:26:20.347133059,P4,closed,email,5,8,IT,business-apps,VPN client update failed with rollback error.,VPN client update failed with rollback error. Reported by Todd from Warehouse.,False,False
206,2024-01-14 23:58:03,2024-01-15 01:31:06.233186103,2024-01-15 20:56:46.863592011,P3,closed,email,2,9,Warehouse,endpoint,Excel add-in blocked by security policy.,Excel add-in blocked by security policy. Reported by Jason from Warehouse.,False,False
207,2024-01-15 01:29:30,2024-01-15 06:00:42.028093320,2024-01-17 04:28:48.989449566,P4,resolved,email,3,8,IT,network,Print queue stalled for shipping label batch.,Print queue stalled for shipping label batch. Reported by Richard from Operations.,False,False
208,2024-01-15 02:15:11,2024-01-15 04:26:45.556655220,2024-01-15 12:34:37.841249912,P3,resolved,chat,3,9,Finance,network,Printer on dock 4 is stuck in offline state.,Printer on dock 4 is stuck in offline state. Reported by Brian from Sales.,False,False
209,2024-01-15 03:14:42,2024-01-15 16:55:27.632354041,2024-01-16 11:00:59.846540155,P4,closed,email,4,3,IT,saas,VPN outage reported by remote finance staff.,VPN outage reported by remote finance staff. Reported by Nicholas from Finance.,False,False
210,2024-01-15 03:15:57,2024-01-15 17:59:20.570057053,2024-01-16 17:41:08.350004293,P4,closed,chat,6,4,Sales,peripherals,Service account password expired on integration job.,Service account password expired on integration job. Reported by Tricia from Operations.,False,False
211,2024-01-15 05:38:02,2024-01-15 12:38:53.869651389,2024-01-15 17:40:27.132106929,P3,resolved,portal,4,2,Operations,saas,Distribution center users cannot reach file server.,Distribution center users cannot reach file server. Reported by Joseph from Operations.,False,False
212,2024-01-15 05:59:30,2024-01-15 13:00:55.471578428,2024-01-15 18:28:18.175698853,P3,resolved,portal,7,2,Sales,security,Barcode labels printing with incorrect dimensions.,Barcode labels printing with incorrect dimensions. Reported by Kristen from Sales.,False,False
213,2024-01-15 06:17:55,2024-01-15 16:56:19.302683892,2024-01-17 02:17:27.995227127,P4,resolved,email,4,6,Finance,saas,User cannot map shared drive from new laptop.,User cannot map shared drive from new laptop. Reported by Spencer from Sales.,False,False
214,2024-01-15 08:24:39,2024-01-15 11:24:47.891445481,,P3,in_progress,email,8,10,Operations,voice,M365 outage causing login failures across offices.,M365 outage causing login failures across offices. Reported by Rodney from Sales.,False,False
215,2024-01-15 14:32:15,2024-01-15 19:11:44.884812314,2024-01-15 21:15:21.658344361,P3,resolved,email,8,3,Sales,voice,Excel add-in blocked by security policy.,Excel add-in blocked by security policy. Reported by Susan from Finance.,False,False
216,2024-01-15 15:28:21,2024-01-15 17:24:35.376936804,2024-01-15 23:52:35.944349181,P3,closed,phone,4,8,Operations,saas,Teams meeting room camera flickers after restart.,Teams meeting room camera flickers after restart. Reported by Wendy from Operations.,False,False
217,2024-01-15 15:49:39,2024-01-15 21:44:09.384018763,2024-01-16 15:58:54.966145710,P4,resolved,email,7,1,Operations,security,VPN fails only for users in Phoenix office.,VPN fails only for users in Phoenix office. Reported by Angela from Operations.,False,False
218,2024-01-15 19:09:11,2024-01-15 19:45:25.488604391,2024-01-15 20:06:31.858567414,P1,resolved,email,4,10,Operations,saas,Warehouse RF gun drops Wi-Fi in aisle B.,Warehouse RF gun drops Wi-Fi in aisle B. Reported by Jennifer from Finance.,True,False
219,2024-01-15 19:32:41,2024-01-16 01:23:10.951671984,2024-01-16 03:52:08.054139306,P3,resolved,email,8,6,Warehouse,voice,New contractor needs temporary access to WMS.,New contractor needs temporary access to WMS. Reported by Eric from Sales.,False,False
220,2024-01-15 22:43:15,2024-01-16 00:15:01.773594440,2024-01-16 07:33:39.984615912,P3,resolved,portal,7,5,Sales,security,BitLocker recovery key prompt appears at boot.,BitLocker recovery key prompt appears at boot. Reported by Kenneth from Warehouse.,False,False
221,2024-01-15 23:47:56,2024-01-16 06:48:57.109666535,2024-01-16 20:54:48.710056470,P3,resolved,portal,3,4,HR,network,Shared mailbox permissions disappeared overnight.,Shared mailbox permissions disappeared overnight. Reported by Tanya from Sales.,False,False
222,2024-01-16 01:45:59,2024-01-16 04:18:33.142573392,2024-01-18 15:41:19.913393392,P4,closed,phone,3,10,Operations,network,Voicemail transcription unavailable in mobile app.,Voicemail transcription unavailable in mobile app. Reported by Beth from Sales.,False,False
223,2024-01-16 03:11:15,2024-01-16 10:56:48.614031466,2024-01-16 16:37:25.529995466,P3,resolved,email,8,5,IT,voice,Citrix launch freezes on black screen.,Citrix launch freezes on black screen. Reported by Amy from HR.,False,False
224,2024-01-16 04:11:17,2024-01-16 05:22:43.210541418,2024-01-16 19:26:17.657997174,P3,resolved,email,5,2,Sales,business-apps,Conference room display shows no HDMI signal.,Conference room display shows no HDMI signal. Reported by Julie from Finance.,False,False
225,2024-01-16 04:13:22,2024-01-16 10:57:11.058790621,,P3,in_progress,chat,6,6,Operations,peripherals,Email signatures disappeared for sales team.,Email signatures disappeared for sales team. Reported by Brian from Sales.,False,False
226,2024-01-16 06:36:00,2024-01-16 09:38:59.709462673,2024-01-16 16:42:55.436960455,P3,resolved,email,6,6,Finance,peripherals,Procurement team reports ERP attachments missing.,Procurement team reports ERP attachments missing. Reported by Breanna from Sales.,False,False
227,2024-01-16 06:41:24,2024-01-17 02:15:30.948589551,2024-01-18 03:37:31.070242588,P4,closed,email,2,8,Warehouse,endpoint,Teams calls dropping audio after two minutes.,Teams calls dropping audio after two minutes. Reported by Wesley from HR.,False,False
228,2024-01-16 07:12:40,2024-01-16 10:09:41.713627774,2024-01-16 14:49:57.027599472,P2,resolved,phone,2,5,Sales,endpoint,User cannot map shared drive from new laptop.,User cannot map shared drive from new laptop. Reported by Melissa from Operations.,True,False
229,2024-01-16 10:05:12,2024-01-16 13:26:33.984757419,2024-01-18 07:49:19.354493376,P4,resolved,portal,8,3,Warehouse,voice,Password reset loop continues after successful change.,Password reset loop continues after successful change. Reported by Eric from Operations.,False,False
230,2024-01-16 10:42:18,2024-01-16 17:50:08.056184989,2024-01-16 22:12:36.596547525,P3,resolved,portal,3,1,IT,network,Finance cannot export month-end AP aging report.,Finance cannot export month-end AP aging report. Reported by Susan from Sales.,False,False
231,2024-01-16 11:12:12,2024-01-16 15:36:34.928977087,,P4,in_progress,phone,7,10,Sales,security,Email signatures disappeared for sales team.,Email signatures disappeared for sales team. Reported by Christopher from Warehouse.,True,False
232,2024-01-16 13:44:05,2024-01-16 18:37:35.215842612,2024-01-16 19:49:37.914114274,P3,resolved,email,3,2,IT,network,Spam burst hit shared support inbox this morning.,Spam burst hit shared support inbox this morning. Reported by Jacob from Sales.,False,False
233,2024-01-16 15:10:35,2024-01-16 19:08:07.860274418,2024-01-17 04:35:14.023396028,P3,resolved,email,7,4,HR,security,VPN client update failed with rollback error.,VPN client update failed with rollback error. Reported by Brooke from Operations.,False,False
234,2024-01-16 16:28:31,2024-01-16 17:56:35.666352754,,P2,in_progress,email,5,2,IT,business-apps,VPN client update failed with rollback error.,VPN client update failed with rollback error. Reported by Emma from HR.,False,False
235,2024-01-16 17:37:55,2024-01-17 09:53:29.810295921,2024-01-17 17:11:08.464639997,P4,resolved,email,1,3,Finance,identity,CEO calendar delegate can no longer edit events.,CEO calendar delegate can no longer edit events. Reported by Joe from Warehouse.,False,False
236,2024-01-16 18:55:47,2024-01-17 03:38:34.850045994,2024-01-18 12:28:19.931717651,P4,resolved,portal,3,1,Finance,network,Outlook keeps prompting for password on Mac.,Outlook keeps prompting for password on Mac. Reported by David from Operations.,False,False
237,2024-01-16 19:55:02,2024-01-16 23:48:04.893614680,2024-01-17 15:23:18.480090200,P3,resolved,chat,8,4,Warehouse,voice,Teams channels inaccessible during tenant incident.,Teams channels inaccessible during tenant incident. Reported by Pamela from Finance.,False,False
238,2024-01-16 21:22:21,2024-01-17 13:26:53.373431580,2024-01-18 16:30:34.194546046,P4,resolved,phone,2,10,IT,endpoint,Print queue stalled for shipping label batch.,Print queue stalled for shipping label batch. Reported by John from Finance.,False,False
239,2024-01-16 22:46:05,2024-01-17 05:45:39.802684415,2024-01-17 19:07:53.177414280,P3,resolved,chat,2,3,Operations,endpoint,VPN fails only for users in Phoenix office.,VPN fails only for users in Phoenix office. Reported by Brooke from Warehouse.,False,False
240,2024-01-17 01:34:32,2024-01-17 08:45:17.305510631,2024-01-17 09:34:02.867237038,P3,resolved,phone,2,10,Sales,endpoint,Conference room display shows no HDMI signal.,Conference room display shows no HDMI signal. Reported by Christine from Sales.,False,False
241,2024-01-17 03:41:40,2024-01-17 06:03:02.725635914,2024-01-18 17:39:33.738295732,P4,resolved,portal,5,7,Warehouse,business-apps,Laptop blue-screened during payroll export.,Laptop blue-screened during payroll export. Reported by Robert from Finance.,False,False
242,2024-01-17 04:39:19,2024-01-17 07:11:47.830643933,2024-01-17 10:20:28.853705460,P2,resolved,email,7,9,IT,security,Email signatures disappeared for sales team.,Email signatures disappeared for sales team. Reported by Brandy from Operations.,False,False
243,2024-01-17 06:09:12,2024-01-17 21:23:23.061956151,2024-01-18 02:03:39.198606243,P4,resolved,email,8,7,Finance,voice,Teams calls dropping audio after two minutes.,Teams calls dropping audio after two minutes. Reported by Alexandra from Operations.,False,False
244,2024-01-17 10:28:41,2024-01-17 15:11:41.603238828,2024-01-19 20:23:06.178133985,P4,resolved,portal,8,10,Sales,voice,Teams channels inaccessible during tenant incident.,Teams channels inaccessible during tenant incident. Reported by Sarah from Warehouse.,False,False
245,2024-01-17 11:57:54,2024-01-17 16:47:19.380424311,2024-01-19 22:19:59.458547114,P4,closed,email,8,6,Finance,voice,Warehouse tablet battery draining within one shift.,Warehouse tablet battery draining within one shift. Reported by James from HR.,False,False
246,2024-01-17 12:54:32,2024-01-18 04:43:38.320056602,2024-01-18 21:29:46.408802970,P4,resolved,email,8,9,HR,voice,Procurement team reports ERP attachments missing.,Procurement team reports ERP attachments missing. Reported by Jennifer from HR.,False,False
247,2024-01-17 12:58:53,2024-01-17 20:57:07.813977623,2024-01-18 05:32:34.791158234,P3,resolved,phone,5,1,Operations,business-apps,Spam burst hit shared support inbox this morning.,Spam burst hit shared support inbox this morning. Reported by John from Finance.,False,False
248,2024-01-17 13:29:50,2024-01-17 17:21:51.881653188,2024-01-18 00:28:41.592900216,P3,resolved,email,7,10,IT,security,Distribution center users cannot reach file server.,Distribution center users cannot reach file server. Reported by Randy from Sales.,False,False
249,2024-01-17 15:21:43,2024-01-17 17:13:52.847659381,2024-01-17 20:52:18.113846543,P2,resolved,chat,6,1,Sales,peripherals,CEO calendar delegate can no longer edit events.,CEO calendar delegate can no longer edit events. Reported by Emily from HR.,False,False
250,2024-01-17 17:41:51,2024-01-18 04:23:02.507979904,2024-01-20 09:25:12.838875218,P4,resolved,email,2,2,HR,endpoint,Slack notifications delayed for customer support queue.,Slack notifications delayed for customer support queue. Reported by Kevin from Warehouse.,False,False
251,2024-01-17 22:40:25,2024-01-18 00:11:59.994236789,2024-01-18 01:08:48.224083376,P2,resolved,portal,1,8,Operations,identity,ERP purchase order screen timing out for AP team.,ERP purchase order screen timing out for AP team. Reported by Leslie from Sales.,False,False
252,2024-01-18 02:13:03,2024-01-18 08:48:29.160808498,2024-01-18 21:31:52.133061482,P4,resolved,portal,1,3,Warehouse,identity,Warehouse RF gun drops Wi-Fi in aisle B.,Warehouse RF gun drops Wi-Fi in aisle B. Reported by Karen from HR.,False,False
253,2024-01-18 02:22:59,2024-01-18 06:53:10.711532985,2024-01-18 17:03:14.079310994,P3,resolved,email,3,1,Finance,network,MFA push not arriving on replacement phone.,MFA push not arriving on replacement phone. Reported by Charles from Finance.,False,False
254,2024-01-18 02:41:22,2024-01-18 04:25:34.772372390,,P2,pending,email,4,9,Finance,saas,New contractor needs temporary access to WMS.,New contractor needs temporary access to WMS. Reported by Stephen from HR.,False,False
255,2024-01-18 04:25:34,2024-01-18 06:20:38.938348493,2024-01-18 06:54:33.368147568,P2,resolved,portal,6,6,Operations,peripherals,Excel add-in blocked by security policy.,Excel add-in blocked by security policy. Reported by Yolanda from HR.,False,False
256,2024-01-18 06:22:48,2024-01-18 12:10:35.680384704,2024-01-19 02:13:49.884132442,P4,resolved,portal,5,5,Finance,business-apps,Distribution center users cannot reach file server.,Distribution center users cannot reach file server. Reported by Wendy from Warehouse.,False,False
257,2024-01-18 07:55:17,2024-01-18 13:41:37.733202592,2024-01-18 17:44:56.665137922,P3,resolved,email,3,4,Operations,network,Sales laptop webcam missing from device manager.,Sales laptop webcam missing from device manager. Reported by Charles from HR.,False,False
258,2024-01-18 07:55:55,2024-01-18 12:26:21.965693810,2024-01-19 01:34:53.791906502,P3,resolved,portal,6,8,HR,peripherals,CEO calendar delegate can no longer edit events.,CEO calendar delegate can no longer edit events. Reported by Jason from HR.,False,False
259,2024-01-18 08:15:14,2024-01-18 08:52:15.345362682,2024-01-18 12:03:44.088632229,P2,resolved,email,7,4,Finance,security,Spam burst hit shared support inbox this morning.,Spam burst hit shared support inbox this morning. Reported by Joseph from Warehouse.,False,False
260,2024-01-18 09:32:44,2024-01-18 14:03:04.485875351,2024-01-18 17:56:51.088020380,P3,resolved,email,2,6,Finance,endpoint,Scanner cradle not charging overnight.,Scanner cradle not charging overnight. Reported by Sarah from Finance.,False,False
261,2024-01-18 10:52:10,2024-01-19 02:57:09.187859082,2024-01-20 02:59:32.273451889,P4,resolved,phone,3,2,Sales,network,Label printer feeds blank stock after maintenance.,Label printer feeds blank stock after maintenance. Reported by Nicole from Operations.,False,False
262,2024-01-18 14:31:25,2024-01-18 19:22:33.998630322,2024-01-19 05:47:42.889454523,P3,resolved,email,8,4,IT,voice,Voicemail transcription unavailable in mobile app.,Voicemail transcription unavailable in mobile app. Reported by Natasha from Operations.,False,False
263,2024-01-18 16:38:26,2024-01-18 21:36:06.405177530,2024-01-19 13:11:37.148039874,P3,resolved,portal,8,1,HR,voice,Procurement team reports ERP attachments missing.,Procurement team reports ERP attachments missing. Reported by Mike from Operations.,False,False
264,2024-01-18 18:31:04,2024-01-18 22:37:02.274120104,,P3,in_progress,portal,3,3,HR,network,Spam burst hit shared support inbox this morning.,Spam burst hit shared support inbox this morning. Reported by Eric from Operations.,True,False
265,2024-01-18 19:42:23,2024-01-18 20:27:08.163745779,2024-01-18 22:06:26.908969524,P1,closed,chat,5,4,HR,business-apps,New Zebra printer not visible to shipping station.,New Zebra printer not visible to shipping station. Reported by Martha from Sales.,True,False
266,2024-01-18 23:52:12,2024-01-19 01:21:46.527191845,2024-01-19 09:15:18.549723070,P3,resolved,email,5,8,Operations,business-apps,SSO certificate warning shown on benefits portal.,SSO certificate warning shown on benefits portal. Reported by Jade from Warehouse.,False,False
267,2024-01-19 06:31:46,2024-01-19 07:07:39.714833944,2024-01-19 11:34:59.804511097,P2,resolved,portal,6,9,Finance,peripherals,Teams meeting room camera flickers after restart.,Teams meeting room camera flickers after restart. Reported by Cheryl from Sales.,False,False
268,2024-01-19 09:48:09,2024-01-19 10:27:06.537221434,2024-01-19 12:22:32.562124827,P1,resolved,portal,7,6,HR,security,Conference room display shows no HDMI signal.,Conference room display shows no HDMI signal. Reported by Vanessa from Warehouse.,True,False
269,2024-01-19 14:02:34,2024-01-19 15:10:45.682234531,2024-01-19 20:18:43.356031508,P2,resolved,email,1,10,Warehouse,identity,SSO certificate warning shown on benefits portal.,SSO certificate warning shown on benefits portal. Reported by Destiny from HR.,False,False
270,2024-01-19 14:53:57,2024-01-19 21:23:56.059975254,2024-01-19 23:46:17.426151716,P3,resolved,email,5,4,Sales,business-apps,Printer on dock 4 is stuck in offline state.,Printer on dock 4 is stuck in offline state. Reported by Alan from HR.,False,False
271,2024-01-19 15:37:51,2024-01-20 10:40:52.850073422,,P4,in_progress,chat,2,5,IT,endpoint,M365 outage causing login failures across offices.,M365 outage causing login failures across offices. Reported by Lisa from HR.,False,False
272,2024-01-19 19:02:10,2024-01-19 21:20:31.581234913,,P2,in_progress,portal,7,7,Finance,security,Shared mailbox permissions disappeared overnight.,Shared mailbox permissions disappeared overnight. Reported by Kevin from Warehouse.,False,False
273,2024-01-19 20:12:24,2024-01-20 13:20:54.860948148,2024-01-22 11:15:17.750859079,P4,resolved,email,5,2,HR,business-apps,Scanner firmware update broke keyboard wedge mode.,Scanner firmware update broke keyboard wedge mode. Reported by Elizabeth from Operations.,False,False
274,2024-01-19 20:23:39,2024-01-20 04:09:53.364390082,2024-01-20 07:30:44.692018566,P3,resolved,portal,6,5,IT,peripherals,ERP purchase order screen timing out for AP team.,ERP purchase order screen timing out for AP team. Reported by Sheila from Finance.,False,False
275,2024-01-19 22:01:45,2024-01-20 04:33:17.110551894,2024-01-22 14:58:05.047645093,P4,resolved,portal,8,9,Finance,voice,Procurement team reports ERP attachments missing.,Procurement team reports ERP attachments missing. Reported by Dennis from Finance.,True,False
276,2024-01-20 02:08:56,2024-01-20 03:15:51.497649701,2024-01-20 22:45:36.543305696,P3,resolved,email,7,5,Sales,security,Password reset loop continues after successful change.,Password reset loop continues after successful change. Reported by Darrell from HR.,False,False
277,2024-01-20 02:15:42,2024-01-20 18:41:39.624467988,2024-01-22 00:53:27.316756761,P4,resolved,email,7,10,Finance,security,Email signatures disappeared for sales team.,Email signatures disappeared for sales team. Reported by Daniel from Sales.,False,False
278,2024-01-20 04:56:46,2024-01-20 15:25:30.919258456,2024-01-21 23:32:06.379908670,P4,resolved,email,7,7,Operations,security,Procurement team reports ERP attachments missing.,Procurement team reports ERP attachments missing. Reported by Angela from Operations.,False,False
279,2024-01-20 05:59:19,2024-01-20 12:55:52.491136195,2024-01-22 11:35:59.688422934,P4,resolved,portal,6,2,HR,peripherals,Mailbox forwarding rule recreated after removal.,Mailbox forwarding rule recreated after removal. Reported by Joseph from Operations.,False,False
280,2024-01-20 11:06:51,2024-01-20 23:11:05.409828429,2024-01-22 16:50:06.587700621,P4,resolved,portal,4,5,HR,saas,Barcode labels printing with incorrect dimensions.,Barcode labels printing with incorrect dimensions. Reported by Cassandra from Warehouse.,False,False
281,2024-01-20 11:26:28,2024-01-20 13:12:52.121558754,2024-01-20 15:13:06.512480987,P2,resolved,email,3,4,IT,network,Scanner cradle not charging overnight.,Scanner cradle not charging overnight. Reported by Jennifer from Warehouse.,False,False
282,2024-01-20 11:31:45,2024-01-21 02:53:06.811701330,2024-01-21 15:37:52.675241526,P4,resolved,portal,3,10,Finance,network,New hire missing access to onboarding portal.,New hire missing access to onboarding portal. Reported by James from HR.,False,False
283,2024-01-20 12:08:58,2024-01-21 02:06:36.528492414,2024-01-22 03:40:53.545462886,P4,resolved,chat,5,4,Warehouse,business-apps,Service account password expired on integration job.,Service account password expired on integration job. Reported by Cynthia from Finance.,False,False
284,2024-01-20 16:33:22,2024-01-20 18:48:16.896045164,,P3,pending,portal,7,5,IT,security,Label printer feeds blank stock after maintenance.,Label printer feeds blank stock after maintenance. Reported by Joseph from Warehouse.,False,False
285,2024-01-20 18:23:14,2024-01-20 19:50:00.977089614,2024-01-20 23:24:36.132867584,P2,resolved,email,3,7,IT,network,Suspicious login alert triggered for finance user.,Suspicious login alert triggered for finance user. Reported by Tracy from HR.,False,False
286,2024-01-20 20:15:12,2024-01-21 12:11:01.345107027,2024-01-22 05:31:48.825856197,P4,closed,email,5,10,Operations,business-apps,Warehouse RF gun drops Wi-Fi in aisle B.,Warehouse RF gun drops Wi-Fi in aisle B. Reported by Rebecca from Sales.,False,False
287,2024-01-20 20:16:56,2024-01-20 22:00:45.246020364,2024-01-20 23:30:50.472285286,P2,resolved,phone,4,6,HR,saas,Email quarantine released but message still missing.,Email quarantine released but message still missing. Reported by Meghan from Sales.,False,False
288,2024-01-20 20:37:26,2024-01-21 08:47:37.025295190,2024-01-22 08:45:52.746648681,P4,resolved,email,5,9,IT,business-apps,Procurement team reports ERP attachments missing.,Procurement team reports ERP attachments missing. Reported by Christopher from Operations.,False,False
289,2024-01-20 21:39:24,2024-01-21 02:14:40.236875540,2024-01-21 12:26:48.812081826,P3,resolved,email,7,2,HR,security,Excel add-in blocked by security policy.,Excel add-in blocked by security policy. Reported by Rodney from Finance.,False,False
290,2024-01-20 22:01:50,2024-01-21 10:57:27.038626605,2024-01-22 19:55:20.517697727,P4,resolved,chat,4,9,Operations,saas,BitLocker recovery key prompt appears at boot.,BitLocker recovery key prompt appears at boot. Reported by Joshua from Finance.,False,False
291,2024-01-21 04:43:29,2024-01-21 05:27:12.511460445,2024-01-21 10:45:25.324691332,P2,resolved,chat,4,3,Warehouse,saas,Warehouse RF gun drops Wi-Fi in aisle B.,Warehouse RF gun drops Wi-Fi in aisle B. Reported by Adam from Warehouse.,False,False
292,2024-01-21 07:54:38,2024-01-21 18:11:59.563947208,2024-01-22 20:15:52.513281401,P4,resolved,phone,2,8,Warehouse,endpoint,Citrix launch freezes on black screen.,Citrix launch freezes on black screen. Reported by Kellie from Warehouse.,False,False
293,2024-01-21 08:50:56,2024-01-21 16:41:58.217562131,2024-01-22 00:19:43.968022247,P3,resolved,portal,4,6,IT,saas,CEO calendar delegate can no longer edit events.,CEO calendar delegate can no longer edit events. Reported by Dana from HR.,False,False
294,2024-01-21 09:32:34,2024-01-22 01:01:58.252537858,2024-01-24 05:33:19.316416272,P4,resolved,phone,4,7,Operations,saas,ERP purchase order screen timing out for AP team.,ERP purchase order screen timing out for AP team. Reported by Jose from Finance.,True,False
295,2024-01-21 11:24:39,2024-01-21 12:45:06.858501916,2024-01-22 07:41:01.698523704,P3,resolved,email,2,1,HR,endpoint,Print queue stalled for shipping label batch.,Print queue stalled for shipping label batch. Reported by Joyce from Warehouse.,False,False
296,2024-01-21 14:35:24,2024-01-21 17:28:09.125548633,2024-01-21 20:18:46.004360684,P2,resolved,chat,8,6,Finance,voice,Email search indexing incomplete after migration.,Email search indexing incomplete after migration. Reported by Andrea from HR.,False,False
297,2024-01-21 15:51:49,2024-01-21 20:40:53.916169724,2024-01-22 06:15:11.916807264,P3,resolved,email,7,1,Warehouse,security,Citrix launch freezes on black screen.,Citrix launch freezes on black screen. Reported by Ronald from HR.,False,False
298,2024-01-21 16:10:15,2024-01-21 18:29:53.444665706,2024-01-21 18:19:55.703645984,P2,resolved,phone,3,6,IT,network,Email signatures disappeared for sales team.,Email signatures disappeared for sales team. Reported by Alec from Sales.,False,False
299,2024-01-21 16:33:23,2024-01-22 09:16:35.622914696,2024-01-24 06:56:50.318780463,P4,resolved,chat,8,5,HR,voice,Warehouse RF gun drops Wi-Fi in aisle B.,Warehouse RF gun drops Wi-Fi in aisle B. Reported by Charles from Finance.,False,False
300,2024-01-21 19:16:28,2024-01-21 19:50:51.370084411,2024-01-21 21:41:17.085777595,P2,resolved,chat,3,3,Finance,network,New contractor needs temporary access to WMS.,New contractor needs temporary access to WMS. Reported by Nicole from Finance.,False,False
301,2024-01-21 19:32:52,2024-01-22 00:27:01.213164928,2024-01-22 09:12:48.741062867,P3,resolved,portal,4,5,IT,saas,Barcode labels printing with incorrect dimensions.,Barcode labels printing with incorrect dimensions. Reported by Rebecca from Operations.,False,False
302,2024-01-21 19:54:03,2024-01-22 09:09:11.473345491,2024-01-24 03:50:32.615680399,P4,resolved,email,2,3,HR,endpoint,Scanner cradle not charging overnight.,Scanner cradle not charging overnight. Reported by Amy from Sales.,False,False
303,2024-01-21 20:20:06,2024-01-21 21:48:09.500713837,2024-01-22 18:00:03.625400426,P3,resolved,portal,5,1,Operations,business-apps,Suspicious login alert triggered for finance user.,Suspicious login alert triggered for finance user. Reported by Mary from HR.,True,False
304,2024-01-21 21:21:51,2024-01-22 02:56:20.715769423,,P3,in_progress,email,4,1,Warehouse,saas,ERP role request approved but not applied.,ERP role request approved but not applied. Reported by Brandi from Operations.,False,False
305,2024-01-21 22:50:22,2024-01-22 05:36:34.418933749,2024-01-22 17:21:18.502202687,P4,resolved,chat,3,4,IT,network,Slack notifications delayed for customer support queue.,Slack notifications delayed for customer support queue. Reported by Earl from Finance.,False,False
306,2024-01-21 23:48:09,2024-01-22 06:10:01.462187254,2024-01-22 20:52:29.906324068,P3,closed,email,3,8,Sales,network,Teams channels inaccessible during tenant incident.,Teams channels inaccessible during tenant incident. Reported by David from Sales.,False,False
307,2024-01-22 00:38:33,2024-01-22 15:39:50.801218135,2024-01-23 07:26:59.147613992,P4,resolved,email,8,6,IT,voice,Intune enrollment stuck on compliance evaluation.,Intune enrollment stuck on compliance evaluation. Reported by Kyle from Operations.,False,False
308,2024-01-22 01:18:05,2024-01-22 04:00:02.368850658,2024-01-22 22:02:35.738582841,P3,resolved,email,6,2,Operations,peripherals,Docking station no longer drives dual monitors.,Docking station no longer drives dual monitors. Reported by Rachel from Finance.,False,False
309,2024-01-22 03:00:56,2024-01-22 06:09:23.313972418,,P3,in_progress,chat,2,5,HR,endpoint,MFA push not arriving on replacement phone.,MFA push not arriving on replacement phone. Reported by Laura from Sales.,False,False
310,2024-01-22 04:07:53,2024-01-22 05:27:26.796946456,2024-01-23 00:02:05.245056286,P3,resolved,portal,2,6,HR,endpoint,Docking station no longer drives dual monitors.,Docking station no longer drives dual monitors. Reported by Michelle from Warehouse.,False,False
311,2024-01-22 08:56:47,2024-01-22 14:29:23.799945990,2024-01-23 22:24:09.628145304,P4,closed,portal,1,3,Warehouse,identity,Slack notifications delayed for customer support queue.,Slack notifications delayed for customer support queue. Reported by Rachel from Finance.,False,False
312,2024-01-22 10:04:04,2024-01-22 16:56:59.187066452,2024-01-23 07:02:52.664219764,P3,resolved,email,2,2,Operations,endpoint,Barcode labels printing with incorrect dimensions.,Barcode labels printing with incorrect dimensions. Reported by Jason from Sales.,False,False
313,2024-01-22 10:24:50,2024-01-22 18:49:35.830897222,2024-01-25 03:57:05.272841490,P4,resolved,email,6,3,Operations,peripherals,Conference room display shows no HDMI signal.,Conference room display shows no HDMI signal. Reported by John from Sales.,True,False
314,2024-01-22 13:42:46,2024-01-22 15:53:13.146198586,,P3,in_progress,portal,1,1,IT,identity,Laptop blue-screened during payroll export.,Laptop blue-screened during payroll export. Reported by Curtis from Warehouse.,False,False
315,2024-01-22 15:12:50,2024-01-22 21:25:34.004267093,2024-01-23 06:12:49.088447459,P3,closed,email,2,3,Sales,endpoint,Cannot sign in to Okta after password reset.,Cannot sign in to Okta after password reset. Reported by Kimberly from Sales.,False,False
316,2024-01-22 17:18:47,2024-01-22 20:10:58.480890087,2024-01-25 15:14:27.406431404,P4,closed,chat,1,6,Warehouse,identity,Spam burst hit shared support inbox this morning.,Spam burst hit shared support inbox this morning. Reported by Nicole from Finance.,True,False
317,2024-01-22 18:49:07,2024-01-22 20:09:50.873190574,2024-01-22 22:06:14.396717236,P2,closed,portal,6,9,Warehouse,peripherals,Label printer feeds blank stock after maintenance.,Label printer feeds blank stock after maintenance. Reported by Richard from Operations.,False,False
318,2024-01-22 18:49:34,2024-01-22 21:01:29.405519630,2024-01-23 14:27:34.971495041,P3,resolved,phone,7,9,Operations,security,SSO certificate warning shown on benefits portal.,SSO certificate warning shown on benefits portal. Reported by Christine from HR.,False,False
319,2024-01-23 01:06:18,2024-01-23 03:03:43.386266048,2024-01-23 06:29:19.049853728,P2,resolved,email,5,7,Operations,business-apps,Outlook keeps prompting for password on Mac.,Outlook keeps prompting for password on Mac. Reported by Eric from HR.,False,False
320,2024-01-23 03:53:14,2024-01-23 12:34:29.607082648,2024-01-24 18:08:08.846666862,P4,resolved,portal,8,4,Sales,voice,Password reset loop continues after successful change.,Password reset loop continues after successful change. Reported by Sarah from Operations.,False,False
321,2024-01-23 04:41:19,2024-01-23 08:38:48.323004338,2024-01-23 17:29:01.731006258,P3,resolved,phone,6,10,HR,peripherals,BitLocker recovery key prompt appears at boot.,BitLocker recovery key prompt appears at boot. Reported by Michelle from Warehouse.,False,False
322,2024-01-23 05:41:19,2024-01-23 07:26:37.014016387,2024-01-23 19:30:29.627159814,P3,resolved,phone,7,10,IT,security,Conditional access policy locked out break-glass account.,Conditional access policy locked out break-glass account. Reported by Theresa from Warehouse.,False,False
323,2024-01-23 07:48:49,2024-01-23 10:29:06.599879509,2024-01-23 14:34:45.874778686,P2,resolved,portal,3,4,HR,network,Mailbox forwarding rule recreated after removal.,Mailbox forwarding rule recreated after removal. Reported by Lisa from Warehouse.,False,False
324,2024-01-23 08:07:52,2024-01-23 20:41:03.409315274,,P4,pending,email,7,1,Operations,security,Excel add-in blocked by security policy.,Excel add-in blocked by security policy. Reported by Nicole from Finance.,False,False
325,2024-01-23 09:49:56,2024-01-23 11:10:39.614502274,2024-01-24 08:43:58.808705960,P3,resolved,portal,6,5,Sales,peripherals,Email quarantine released but message still missing.,Email quarantine released but message still missing. Reported by Angel from Operations.,True,False
326,2024-01-23 13:31:16,2024-01-23 20:05:54.699637092,2024-01-24 05:41:25.891541174,P3,resolved,portal,1,5,HR,identity,Teams meeting room camera flickers after restart.,Teams meeting room camera flickers after restart. Reported by Jill from Sales.,False,False
327,2024-01-23 16:40:13,2024-01-23 19:37:34.761137771,2024-01-23 19:44:56.962795325,P2,resolved,email,1,7,Warehouse,identity,Outlook keeps prompting for password on Mac.,Outlook keeps prompting for password on Mac. Reported by Martin from Sales.,False,False
328,2024-01-23 17:42:02,2024-01-23 21:35:01.520896230,2024-01-24 07:56:23.788761113,P3,resolved,email,8,2,Warehouse,voice,Outlook keeps prompting for password on Mac.,Outlook keeps prompting for password on Mac. Reported by Sarah from Finance.,False,False
329,2024-01-23 21:43:43,2024-01-24 05:32:14.174502288,2024-01-24 11:19:59.251037110,P3,closed,portal,3,6,Finance,network,Print queue stalled for shipping label batch.,Print queue stalled for shipping label batch. Reported by Leah from Sales.,False,False
330,2024-01-24 01:23:53,2024-01-24 08:18:08.826359942,2024-01-25 02:06:19.432560328,P4,resolved,email,4,4,Warehouse,saas,Excel add-in blocked by security policy.,Excel add-in blocked by security policy. Reported by Michelle from Sales.,False,False
331,2024-01-24 03:07:46,2024-01-24 15:16:41.511069622,2024-01-25 04:30:45.845382140,P4,resolved,phone,7,5,Sales,security,Customer portal SSO redirects to blank page.,Customer portal SSO redirects to blank page. Reported by Lisa from Sales.,False,False
332,2024-01-24 06:05:40,2024-01-24 06:22:06.735451510,2024-01-24 07:22:48.166234652,P1,resolved,email,7,1,Finance,security,Cannot sign in to Okta after password reset.,Cannot sign in to Okta after password reset. Reported by Joseph from Sales.,True,False
333,2024-01-24 06:08:36,2024-01-24 11:01:30.029011555,2024-01-25 02:36:00.656472190,P3,closed,phone,1,6,Operations,identity,Single sign-on to HRIS returns invalid relay state.,Single sign-on to HRIS returns invalid relay state. Reported by Kristin from HR.,False,False
334,2024-01-24 06:26:48,2024-01-24 12:53:10.051741102,2024-01-24 20:44:32.377167152,P3,closed,portal,5,1,Sales,business-apps,Service account password expired on integration job.,Service account password expired on integration job. Reported by Daniel from HR.,False,False
335,2024-01-24 06:32:47,2024-01-24 07:21:38.731905057,2024-01-24 08:12:11.832191906,P1,resolved,phone,8,9,Finance,voice,Docking station no longer drives dual monitors.,Docking station no longer drives dual monitors. Reported by Monica from HR.,True,False
336,2024-01-24 07:29:44,2024-01-24 10:19:59.459640954,2024-01-24 15:54:17.676460643,P3,resolved,chat,3,8,Warehouse,network,Teams meeting room camera flickers after restart.,Teams meeting room camera flickers after restart. Reported by Michele from Warehouse.,False,False
337,2024-01-24 08:13:27,2024-01-24 15:35:52.302417567,2024-01-24 14:17:58.986219997,P3,resolved,email,5,10,Finance,business-apps,Intune enrollment stuck on compliance evaluation.,Intune enrollment stuck on compliance evaluation. Reported by Jeffrey from Finance.,False,False
338,2024-01-24 11:15:10,2024-01-25 02:31:43.407046681,2024-01-26 14:12:48.909598228,P4,resolved,email,3,7,Sales,network,Spam burst hit shared support inbox this morning.,Spam burst hit shared support inbox this morning. Reported by Lisa from Operations.,False,False
339,2024-01-24 11:50:42,2024-01-24 16:25:11.341868527,2024-01-24 20:59:41.877008487,P3,resolved,email,6,10,HR,peripherals,Service account password expired on integration job.,Service account password expired on integration job. Reported by Steven from Warehouse.,False,False
340,2024-01-24 16:08:03,2024-01-24 21:38:09.839027654,2024-01-25 02:40:45.145608883,P3,closed,chat,1,3,IT,identity,Password reset loop continues after successful change.,Password reset loop continues after successful change. Reported by Kevin from HR.,False,False
341,2024-01-24 16:53:27,2024-01-25 05:08:51.694221402,2024-01-25 16:12:19.728851808,P4,resolved,email,5,1,IT,business-apps,Service account password expired on integration job.,Service account password expired on integration job. Reported by Laura from Finance.,False,False
342,2024-01-24 17:59:18,2024-01-25 00:14:33.637639446,2024-01-25 03:18:31.940905335,P3,resolved,chat,4,10,IT,saas,Shared mailbox permissions disappeared overnight.,Shared mailbox permissions disappeared overnight. Reported by Jeremy from Sales.,False,False
343,2024-01-24 22:45:38,2024-01-25 00:25:02.904310338,2024-01-25 06:01:02.985543752,P2,resolved,chat,6,7,Sales,peripherals,Mailbox forwarding rule recreated after removal.,Mailbox forwarding rule recreated after removal. Reported by Andrew from Warehouse.,True,False
344,2024-01-24 23:22:44,2024-01-25 06:49:29.149314092,2024-01-25 06:05:27.744722530,P3,resolved,portal,4,7,IT,saas,VPN disconnects every 15 minutes on hotel Wi-Fi.,VPN disconnects every 15 minutes on hotel Wi-Fi. Reported by James from Sales.,False,False
345,2024-01-24 23:33:22,2024-01-25 17:53:21.226577546,2024-01-27 05:51:38.451474227,P4,resolved,portal,8,3,Finance,voice,Teams channels inaccessible during tenant incident.,Teams channels inaccessible during tenant incident. Reported by Mark from Warehouse.,False,False
346,2024-01-25 02:47:56,2024-01-25 07:17:43.406066172,2024-01-26 00:20:49.684964308,P3,closed,phone,8,4,HR,voice,Citrix launch freezes on black screen.,Citrix launch freezes on black screen. Reported by Michelle from Operations.,False,False
347,2024-01-25 03:12:47,2024-01-25 11:11:47.846354314,2024-01-25 21:25:28.130713944,P3,resolved,chat,3,7,Sales,network,Email signatures disappeared for sales team.,Email signatures disappeared for sales team. Reported by Tammy from Finance.,False,False
348,2024-01-25 06:28:20,2024-01-25 12:05:01.484939422,2024-01-25 22:35:55.465867814,P3,resolved,email,1,5,IT,identity,User cannot map shared drive from new laptop.,User cannot map shared drive from new laptop. Reported by Joshua from Sales.,False,False
349,2024-01-25 08:59:22,2024-01-25 13:21:52.760734223,2024-01-25 16:35:24.918183464,P3,resolved,email,4,1,HR,saas,Warehouse tablet battery draining within one shift.,Warehouse tablet battery draining within one shift. Reported by Darlene from HR.,False,False
350,2024-01-25 09:04:13,2024-01-25 10:30:33.264712075,2024-01-25 14:13:20.525259431,P2,resolved,portal,5,3,HR,business-apps,Warehouse scanner will not sync picks to WMS.,Warehouse scanner will not sync picks to WMS. Reported by Ricardo from Warehouse.,False,False
351,2024-01-25 09:40:49,2024-01-25 11:13:34.264449943,2024-01-26 02:19:37.056173713,P3,resolved,email,7,4,IT,security,Cannot sign in to Okta after password reset.,Cannot sign in to Okta after password reset. Reported by Tina from HR.,False,False
352,2024-01-25 10:39:29,2024-01-25 13:47:15.931746702,2024-01-27 02:11:05.456201908,P4,resolved,portal,5,9,HR,business-apps,Distribution center users cannot reach file server.,Distribution center users cannot reach file server. Reported by Amanda from Operations.,False,False
353,2024-01-25 11:59:27,2024-01-25 18:21:56.124211803,2024-01-27 00:07:57.089169186,P4,resolved,phone,5,4,Operations,business-apps,Cannot sign in to Okta after password reset.,Cannot sign in to Okta after password reset. Reported by Sheila from Warehouse.,False,False
354,2024-01-25 16:06:23,2024-01-25 17:12:55.937363226,,P2,pending,portal,1,5,IT,identity,Mailbox forwarding rule recreated after removal.,Mailbox forwarding rule recreated after removal. Reported by Darrell from Finance.,False,False
355,2024-01-25 16:47:00,2024-01-25 20:21:44.592716046,2024-01-26 15:39:32.057992275,P3,resolved,email,7,6,Warehouse,security,Conditional access policy locked out break-glass account.,Conditional access policy locked out break-glass account. Reported by Tara from Finance.,True,False
356,2024-01-25 17:49:49,2024-01-25 18:06:48.208479576,2024-01-25 20:00:20.578829755,P1,closed,email,3,2,Finance,network,New contractor needs temporary access to WMS.,New contractor needs temporary access to WMS. Reported by Gregory from HR.,True,False
357,2024-01-25 19:55:32,2024-01-26 02:14:22.257288414,2024-01-26 03:52:46.538807849,P3,resolved,phone,4,6,Sales,saas,New contractor needs temporary access to WMS.,New contractor needs temporary access to WMS. Reported by Sydney from HR.,False,False
358,2024-01-25 21:33:01,2024-01-26 14:13:18.532393340,2024-01-27 19:18:01.684084286,P4,closed,email,4,3,Operations,saas,Printer on dock 4 is stuck in offline state.,Printer on dock 4 is stuck in offline state. Reported by Joseph from Warehouse.,False,False
359,2024-01-26 00:49:41,2024-01-26 05:54:49.754689569,2024-01-26 17:12:25.716435406,P3,resolved,email,1,9,Finance,identity,Spam burst hit shared support inbox this morning.,Spam burst hit shared support inbox this morning. Reported by Daniel from HR.,False,False
360,2024-01-26 01:52:17,2024-01-26 04:58:45.025280882,,P4,in_progress,portal,4,3,IT,saas,Scanner firmware update broke keyboard wedge mode.,Scanner firmware update broke keyboard wedge mode. Reported by Ryan from Operations.,False,False
361,2024-01-26 01:54:14,2024-01-26 09:42:26.896203748,2024-01-26 17:33:11.074079915,P3,resolved,portal,4,4,IT,saas,Citrix launch freezes on black screen.,Citrix launch freezes on black screen. Reported by Jessica from Operations.,False,False
362,2024-01-26 02:09:36,2024-01-26 20:18:17.860483933,2024-01-28 21:58:40.582093627,P4,resolved,portal,2,5,Operations,endpoint,Teams meeting room camera flickers after restart.,Teams meeting room camera flickers after restart. Reported by Lee from Sales.,True,False
363,2024-01-26 02:21:55,2024-01-26 19:04:47.040215558,,P4,pending,portal,2,4,Sales,endpoint,Docking station no longer drives dual monitors.,Docking station no longer drives dual monitors. Reported by Catherine from Sales.,False,False
364,2024-01-26 07:51:23,2024-01-26 18:16:05.676023852,,P4,in_progress,portal,1,6,HR,identity,Barcode labels printing with incorrect dimensions.,Barcode labels printing with incorrect dimensions. Reported by William from Warehouse.,False,False
365,2024-01-26 08:22:38,2024-01-27 02:42:12.682966990,2024-01-28 15:34:40.509174026,P4,resolved,email,8,8,HR,voice,Sales laptop webcam missing from device manager.,Sales laptop webcam missing from device manager. Reported by Paul from HR.,False,False
366,2024-01-26 08:58:26,2024-01-26 12:40:27.640402492,2024-01-28 14:43:54.455727568,P4,resolved,portal,3,10,Warehouse,network,Payroll batch job missed scheduled overnight window.,Payroll batch job missed scheduled overnight window. Reported by Barbara from Warehouse.,False,False
367,2024-01-26 10:08:11,2024-01-26 11:09:27.455293180,2024-01-27 00:54:34.970431056,P3,resolved,chat,7,9,HR,security,Finance cannot export month-end AP aging report.,Finance cannot export month-end AP aging report. Reported by Jonathan from Operations.,False,False
368,2024-01-26 18:18:07,2024-01-26 22:45:30.235872882,2024-01-27 02:53:50.028809310,P3,resolved,portal,7,3,Operations,security,Conditional access policy locked out break-glass account.,Conditional access policy locked out break-glass account. Reported by Jeanne from Sales.,False,False
369,2024-01-26 18:46:13,2024-01-27 02:38:47.396871664,2024-01-27 05:54:40.709911074,P3,resolved,phone,4,7,Warehouse,saas,VPN client update failed with rollback error.,VPN client update failed with rollback error. Reported by Aaron from Sales.,False,False
370,2024-01-26 20:13:05,2024-01-26 23:31:58.376092236,2024-01-27 18:59:14.191693816,P4,resolved,email,7,4,Operations,security,Mailbox forwarding rule recreated after removal.,Mailbox forwarding rule recreated after removal. Reported by Sara from Finance.,False,False
371,2024-01-26 20:30:04,2024-01-26 22:55:44.661873914,2024-01-27 02:19:20.618896062,P2,resolved,portal,2,9,Finance,endpoint,Barcode labels printing with incorrect dimensions.,Barcode labels printing with incorrect dimensions. Reported by Amanda from Warehouse.,False,False
372,2024-01-26 23:08:35,2024-01-27 03:39:21.535267185,2024-01-29 05:00:35.567807790,P4,resolved,portal,2,1,IT,endpoint,Conference room display shows no HDMI signal.,Conference room display shows no HDMI signal. Reported by Jennifer from HR.,False,False
373,2024-01-27 01:25:17,2024-01-27 06:03:09.219369383,2024-01-27 15:59:10.117517175,P3,resolved,portal,8,10,IT,voice,Scanner cradle not charging overnight.,Scanner cradle not charging overnight. Reported by Judy from Finance.,False,False
374,2024-01-27 01:56:31,2024-01-27 08:44:57.439519092,2024-01-29 16:50:16.392443285,P4,resolved,email,6,4,Sales,peripherals,Warehouse scanner will not sync picks to WMS.,Warehouse scanner will not sync picks to WMS. Reported by Emily from Warehouse.,False,False
375,2024-01-27 02:11:33,2024-01-27 04:33:46.257742670,2024-01-27 11:08:15.487857646,P3,resolved,portal,6,8,Warehouse,peripherals,Mailbox forwarding rule recreated after removal.,Mailbox forwarding rule recreated after removal. Reported by Michael from Finance.,False,False
376,2024-01-27 04:53:33,2024-01-27 07:01:49.603545501,,P4,in_progress,phone,8,7,Operations,voice,Outlook keeps prompting for password on Mac.,Outlook keeps prompting for password on Mac. Reported by Chad from HR.,False,False
377,2024-01-27 05:17:07,2024-01-27 07:41:36.243032156,2024-01-27 12:07:37.573097684,P2,resolved,portal,1,4,Warehouse,identity,Single sign-on to HRIS returns invalid relay state.,Single sign-on to HRIS returns invalid relay state. Reported by Elizabeth from HR.,False,False
378,2024-01-27 06:43:05,2024-01-27 09:36:25.186727036,2024-01-27 14:43:15.655086712,P3,closed,email,2,10,HR,endpoint,Printer on dock 4 is stuck in offline state.,Printer on dock 4 is stuck in offline state. Reported by Mark from HR.,False,False
379,2024-01-27 07:52:03,2024-01-28 02:04:58.698818389,,P4,in_progress,email,8,3,Sales,voice,Barcode labels printing with incorrect dimensions.,Barcode labels printing with incorrect dimensions. Reported by Lee from Sales.,False,False
380,2024-01-27 08:03:30,2024-01-27 09:46:55.211613100,2024-01-27 22:56:47.307853864,P3,resolved,portal,2,8,HR,endpoint,Procurement team reports ERP attachments missing.,Procurement team reports ERP attachments missing. Reported by Melanie from Operations.,False,False
381,2024-01-27 08:42:14,2024-01-27 16:13:02.334202694,2024-01-28 03:56:26.749338766,P3,resolved,email,4,10,Sales,saas,New hire missing access to onboarding portal.,New hire missing access to onboarding portal. Reported by Jennifer from Warehouse.,False,False
382,2024-01-27 09:22:22,2024-01-27 17:18:12.529851346,2024-01-28 09:45:19.798123330,P4,resolved,chat,1,2,HR,identity,Suspicious login alert triggered for finance user.,Suspicious login alert triggered for finance user. Reported by Kevin from Finance.,False,False
383,2024-01-27 09:23:18,2024-01-27 11:51:21.342432118,2024-01-28 10:02:27.925118719,P4,resolved,phone,3,10,HR,network,VPN outage reported by remote finance staff.,VPN outage reported by remote finance staff. Reported by Kyle from Sales.,False,False
384,2024-01-27 13:00:00,2024-01-27 13:43:30.833859468,2024-01-27 16:04:30.187011133,P2,resolved,phone,2,9,Finance,endpoint,ERP role request approved but not applied.,ERP role request approved but not applied. Reported by Ricky from Finance.,False,False
385,2024-01-27 14:47:54,2024-01-27 18:13:31.415009326,2024-01-28 13:19:10.012887149,P3,resolved,portal,3,4,IT,network,Mailbox forwarding rule recreated after removal.,Mailbox forwarding rule recreated after removal. Reported by Richard from Warehouse.,True,False
386,2024-01-27 20:52:35,2024-01-27 23:03:13.625414816,,P3,in_progress,portal,7,9,HR,security,Finance cannot export month-end AP aging report.,Finance cannot export month-end AP aging report. Reported by Kenneth from Warehouse.,False,False
387,2024-01-27 22:47:06,2024-01-28 06:45:25.811602801,2024-01-28 14:11:17.610946346,P3,resolved,email,3,1,Warehouse,network,Excel add-in blocked by security policy.,Excel add-in blocked by security policy. Reported by David from HR.,False,False
388,2024-01-27 22:49:45,2024-01-28 01:51:12.543501688,2024-01-28 15:31:33.704823686,P3,resolved,email,7,2,IT,security,Cannot sign in to Okta after password reset.,Cannot sign in to Okta after password reset. Reported by Robert from Sales.,False,False
389,2024-01-27 23:36:41,2024-01-28 02:35:41.740017366,2024-01-28 04:34:48.660428214,P2,resolved,portal,8,8,Warehouse,voice,Barcode labels printing with incorrect dimensions.,Barcode labels printing with incorrect dimensions. Reported by Shelby from Operations.,False,False
390,2024-01-28 01:25:34,2024-01-28 03:46:30.777665203,2024-01-28 11:12:14.432247266,P3,resolved,email,5,10,HR,business-apps,Print queue stalled for shipping label batch.,Print queue stalled for shipping label batch. Reported by Erica from Operations.,False,False
391,2024-01-28 02:31:29,2024-01-28 07:55:03.905956208,2024-01-28 18:01:35.705293219,P3,resolved,email,5,2,HR,business-apps,Single sign-on to HRIS returns invalid relay state.,Single sign-on to HRIS returns invalid relay state. Reported by Raven from HR.,False,False
392,2024-01-28 02:51:52,2024-01-28 15:20:18.330112699,2024-01-29 08:48:19.560102510,P4,resolved,chat,3,8,Warehouse,network,Payroll batch job missed scheduled overnight window.,Payroll batch job missed scheduled overnight window. Reported by Christina from Finance.,False,False
393,2024-01-28 08:45:38,2024-01-28 14:24:04.203447525,2024-01-29 00:45:52.274862635,P3,resolved,chat,6,2,Operations,peripherals,Email quarantine released but message still missing.,Email quarantine released but message still missing. Reported by Kevin from Sales.,False,False
394,2024-01-28 10:26:06,2024-01-28 14:57:23.800324377,2024-01-29 00:31:34.027057520,P3,resolved,phone,7,8,Finance,security,New Zebra printer not visible to shipping station.,New Zebra printer not visible to shipping station. Reported by Amy from HR.,False,False
395,2024-01-28 11:22:40,2024-01-28 20:12:43.858890010,2024-01-29 05:31:11.526212196,P4,resolved,email,7,9,IT,security,SSO certificate warning shown on benefits portal.,SSO certificate warning shown on benefits portal. Reported by Aaron from HR.,False,False
396,2024-01-28 12:44:34,2024-01-28 22:29:07.526792827,2024-01-30 12:02:13.940856354,P4,resolved,phone,2,5,IT,endpoint,Mailbox forwarding rule recreated after removal.,Mailbox forwarding rule recreated after removal. Reported by Justin from HR.,False,False
397,2024-01-28 13:02:30,2024-01-28 18:45:21.819766776,2024-01-28 19:06:57.638995872,P3,resolved,portal,6,2,Finance,peripherals,BitLocker recovery key prompt appears at boot.,BitLocker recovery key prompt appears at boot. Reported by Russell from HR.,False,False
398,2024-01-28 13:04:00,2024-01-29 07:24:48.393958794,2024-01-30 23:24:41.178567202,P4,resolved,email,2,3,Warehouse,endpoint,Outlook keeps prompting for password on Mac.,Outlook keeps prompting for password on Mac. Reported by Bethany from Operations.,False,False
399,2024-01-28 15:00:25,2024-01-28 22:25:45.955070574,2024-01-29 05:53:35.978888534,P3,resolved,portal,4,6,HR,saas,Barcode labels printing with incorrect dimensions.,Barcode labels printing with incorrect dimensions. Reported by Diana from Sales.,False,False
400,2024-01-28 15:17:07,2024-01-28 21:50:21.276526516,2024-01-29 04:06:54.266367019,P3,resolved,portal,1,8,IT,identity,Service account password expired on integration job.,Service account password expired on integration job. Reported by Steven from Sales.,False,False
401,2024-01-28 15:38:39,2024-01-28 17:30:41.355280374,2024-01-29 09:38:10.755290413,P3,resolved,portal,5,6,Warehouse,business-apps,ERP role request approved but not applied.,ERP role request approved but not applied. Reported by Scott from Finance.,False,False
402,2024-01-28 19:17:51,2024-01-28 20:29:05.556570324,2024-01-28 23:32:06.348967717,P2,resolved,chat,7,5,Warehouse,security,Procurement team reports ERP attachments missing.,Procurement team reports ERP attachments missing. Reported by Jason from Finance.,False,False
403,2024-01-28 21:08:25,2024-01-29 08:11:35.522214881,2024-01-29 22:13:09.213592100,P4,closed,email,7,7,Finance,security,Procurement team reports ERP attachments missing.,Procurement team reports ERP attachments missing. Reported by Thomas from Warehouse.,False,False
404,2024-01-28 23:37:59,2024-01-29 02:19:53.051508464,2024-01-29 19:10:30.121675098,P3,resolved,phone,6,10,HR,peripherals,Warehouse scanner will not sync picks to WMS.,Warehouse scanner will not sync picks to WMS. Reported by Rachel from Operations.,False,False
405,2024-01-28 23:43:43,2024-01-29 06:41:14.370689159,2024-01-30 21:50:14.076212852,P4,resolved,email,5,8,Sales,business-apps,Scanner firmware update broke keyboard wedge mode.,Scanner firmware update broke keyboard wedge mode. Reported by Laura from HR.,False,False
406,2024-01-29 00:38:11,2024-01-29 04:35:38.700253334,2024-01-29 10:06:49.292521376,P3,resolved,chat,5,2,Sales,business-apps,SSO certificate warning shown on benefits portal.,SSO certificate warning shown on benefits portal. Reported by Gene from HR.,False,False
407,2024-01-29 02:17:05,2024-01-29 04:15:07.840768868,2024-01-29 23:07:01.837007922,P3,resolved,phone,1,2,Warehouse,identity,Teams meeting room camera flickers after restart.,Teams meeting room camera flickers after restart. Reported by Christopher from Sales.,False,False
408,2024-01-29 03:10:15,2024-01-29 09:36:49.149150060,2024-01-30 00:58:38.595650863,P3,closed,portal,6,4,IT,peripherals,Outlook keeps prompting for password on Mac.,Outlook keeps prompting for password on Mac. Reported by Zachary from Operations.,True,False
409,2024-01-29 05:38:01,2024-01-29 06:54:00.971194439,2024-01-29 12:08:13.067421630,P2,resolved,phone,6,3,IT,peripherals,Shared mailbox permissions disappeared overnight.,Shared mailbox permissions disappeared overnight. Reported by Cynthia from Sales.,False,False
410,2024-01-29 10:02:35,2024-01-29 19:03:59.229193955,2024-01-31 13:07:09.173343099,P4,resolved,chat,2,8,Finance,endpoint,Spam burst hit shared support inbox this morning.,Spam burst hit shared support inbox this morning. Reported by Matthew from Warehouse.,False,False
411,2024-01-29 11:00:22,2024-01-30 03:19:45.011245033,2024-01-30 17:59:39.074963161,P4,resolved,email,6,10,Finance,peripherals,SSO certificate warning shown on benefits portal.,SSO certificate warning shown on benefits portal. Reported by Loretta from Finance.,False,False
412,2024-01-29 11:54:14,2024-01-30 03:52:35.316363734,2024-01-30 12:57:30.683615295,P4,resolved,portal,4,6,Finance,saas,Mailbox forwarding rule recreated after removal.,Mailbox forwarding rule recreated after removal. Reported by Karen from Warehouse.,False,False
413,2024-01-29 12:53:10,2024-01-30 07:49:41.505100068,2024-01-30 14:33:49.517008481,P4,resolved,portal,5,9,Warehouse,business-apps,Voicemail transcription unavailable in mobile app.,Voicemail transcription unavailable in mobile app. Reported by Emily from Finance.,False,False
414,2024-01-29 16:08:10,2024-01-29 19:24:01.707699013,,P3,in_progress,email,7,5,Finance,security,Mailbox forwarding rule recreated after removal.,Mailbox forwarding rule recreated after removal. Reported by Jeffrey from Finance.,False,False
415,2024-01-29 17:24:39,2024-01-29 19:36:36.015848637,2024-01-29 23:46:42.451636693,P2,resolved,portal,3,7,Sales,network,Teams channels inaccessible during tenant incident.,Teams channels inaccessible during tenant incident. Reported by James from Finance.,False,False
416,2024-01-29 19:45:55,2024-01-30 03:05:47.823214127,2024-01-30 08:19:54.099474408,P3,resolved,email,8,8,Warehouse,voice,Scanner cradle not charging overnight.,Scanner cradle not charging overnight. Reported by Andrew from Operations.,False,False
417,2024-01-29 20:43:37,2024-01-30 04:54:37.520101502,2024-02-01 00:05:15.812081611,P4,resolved,email,4,3,Sales,saas,Scanner firmware update broke keyboard wedge mode.,Scanner firmware update broke keyboard wedge mode. Reported by John from Sales.,False,False
418,2024-01-29 22:02:49,2024-01-29 23:11:20.126203819,2024-01-30 16:08:22.427029400,P3,resolved,phone,5,8,Operations,business-apps,Service account password expired on integration job.,Service account password expired on integration job. Reported by Thomas from Operations.,False,False
419,2024-01-29 23:16:25,2024-01-30 00:34:28.931119036,2024-01-30 00:23:28.694736172,P1,resolved,phone,1,6,Sales,identity,Voicemail transcription unavailable in mobile app.,Voicemail transcription unavailable in mobile app. Reported by Melissa from HR.,True,False
420,2024-01-30 00:08:35,2024-01-30 19:27:46.173658206,,P4,pending,chat,1,6,Warehouse,identity,M365 outage causing login failures across offices.,M365 outage causing login failures across offices. Reported by Charles from Operations.,False,False
421,2024-01-30 00:18:57,2024-01-30 08:12:08.964914246,2024-01-30 08:41:11.833737026,P3,resolved,email,3,3,HR,network,VPN client update failed with rollback error.,VPN client update failed with rollback error. Reported by Robert from Sales.,False,False
422,2024-01-30 00:24:53,2024-01-30 06:14:33.864573711,,P3,in_progress,portal,8,4,Warehouse,voice,Slack notifications delayed for customer support queue.,Slack notifications delayed for customer support queue. Reported by Crystal from Warehouse.,False,False
423,2024-01-30 01:56:42,2024-01-30 03:23:09.756149715,2024-01-30 02:58:14.805999332,P1,resolved,email,3,9,Operations,network,Label printer feeds blank stock after maintenance.,Label printer feeds blank stock after maintenance. Reported by James from Operations.,True,False
424,2024-01-30 05:04:59,2024-01-30 10:35:57.544811266,2024-01-31 00:48:30.816687530,P3,resolved,email,4,7,Finance,saas,Email signatures disappeared for sales team.,Email signatures disappeared for sales team. Reported by Heather from Operations.,False,False
425,2024-01-30 05:53:33,2024-01-30 09:39:58.841347298,2024-01-30 14:17:04.792444998,P3,resolved,chat,7,2,Warehouse,security,Single sign-on to HRIS returns invalid relay state.,Single sign-on to HRIS returns invalid relay state. Reported by Troy from Operations.,False,False
426,2024-01-30 08:20:39,2024-01-30 12:04:59.646136496,2024-02-01 20:52:21.752059841,P4,resolved,portal,3,6,Warehouse,network,Procurement team reports ERP attachments missing.,Procurement team reports ERP attachments missing. Reported by John from Operations.,False,False
427,2024-01-30 08:52:30,2024-01-31 02:36:02.675583241,2024-02-01 00:15:38.902020998,P4,resolved,portal,7,7,Finance,security,Teams channels inaccessible during tenant incident.,Teams channels inaccessible during tenant incident. Reported by Diana from Sales.,False,False
428,2024-01-30 12:15:42,2024-01-30 14:58:07.307063560,2024-01-30 19:12:27.906672735,P2,resolved,email,1,8,Finance,identity,Sales laptop webcam missing from device manager.,Sales laptop webcam missing from device manager. Reported by Adam from HR.,False,False
429,2024-01-30 18:18:53,2024-01-31 12:15:58.090475466,2024-02-02 03:54:45.741499272,P4,resolved,phone,2,9,Warehouse,endpoint,MFA push not arriving on replacement phone.,MFA push not arriving on replacement phone. Reported by Karen from Operations.,False,False
430,2024-01-30 18:48:39,2024-01-30 21:26:59.338989745,2024-02-01 03:43:16.878425611,P4,resolved,email,1,7,Sales,identity,Cannot sign in to Okta after password reset.,Cannot sign in to Okta after password reset. Reported by Kayla from Warehouse.,False,False
431,2024-01-30 19:08:16,2024-01-31 09:48:48.423918793,,P4,in_progress,portal,1,1,Warehouse,identity,Slack notifications delayed for customer support queue.,Slack notifications delayed for customer support queue. Reported by Daniel from Warehouse.,False,False
432,2024-01-30 21:35:29,2024-01-31 01:52:08.258861441,2024-02-01 04:26:26.883674897,P4,closed,email,5,5,Warehouse,business-apps,Spam burst hit shared support inbox this morning.,Spam burst hit shared support inbox this morning. Reported by Ronald from Warehouse.,False,False
433,2024-01-30 22:01:56,2024-01-31 02:42:18.620276944,2024-02-02 11:43:20.220550274,P4,resolved,email,1,3,Sales,identity,User cannot map shared drive from new laptop.,User cannot map shared drive from new laptop. Reported by Gregory from Finance.,False,False
434,2024-01-31 01:29:03,2024-01-31 04:40:01.877175525,2024-01-31 17:12:35.819803161,P3,resolved,portal,5,1,Operations,business-apps,Spam burst hit shared support inbox this morning.,Spam burst hit shared support inbox this morning. Reported by Susan from Operations.,False,False
435,2024-01-31 01:40:42,2024-01-31 08:13:17.733378242,2024-01-31 14:10:44.048790006,P3,resolved,portal,5,10,HR,business-apps,Warehouse RF gun drops Wi-Fi in aisle B.,Warehouse RF gun drops Wi-Fi in aisle B. Reported by April from Warehouse.,False,False
436,2024-01-31 05:50:07,2024-01-31 09:45:24.958043470,2024-01-31 12:45:11.362281968,P3,resolved,portal,2,2,Finance,endpoint,Phone soft client cannot register after ISP change.,Phone soft client cannot register after ISP change. Reported by Brent from Finance.,False,False
437,2024-01-31 08:17:37,2024-01-31 09:38:32.958353692,2024-01-31 15:05:01.067503996,P3,resolved,email,1,3,Sales,identity,Suspicious login alert triggered for finance user.,Suspicious login alert triggered for finance user. Reported by John from Sales.,False,False
438,2024-01-31 08:34:18,2024-02-01 02:50:24.510018867,2024-02-01 13:54:37.074937142,P4,resolved,phone,2,4,Operations,endpoint,VPN fails only for users in Phoenix office.,VPN fails only for users in Phoenix office. Reported by Melinda from Finance.,False,False
439,2024-01-31 08:35:47,2024-01-31 10:20:51.748781513,2024-02-01 07:32:55.578469930,P3,resolved,chat,2,5,Warehouse,endpoint,Power BI refresh failing after service account rotation.,Power BI refresh failing after service account rotation. Reported by Stephen from Sales.,True,False
440,2024-01-31 08:37:02,2024-01-31 13:05:53.787693347,2024-01-31 16:55:50.402840265,P3,resolved,phone,5,7,Sales,business-apps,Warehouse scanner will not sync picks to WMS.,Warehouse scanner will not sync picks to WMS. Reported by Laurie from HR.,False,False
441,2024-01-31 11:33:04,2024-01-31 15:12:14.021491432,2024-02-03 01:33:49.837647240,P4,resolved,email,8,4,Sales,voice,Mailbox forwarding rule recreated after removal.,Mailbox forwarding rule recreated after removal. Reported by Elizabeth from Finance.,False,False
442,2024-01-31 16:33:58,2024-01-31 21:00:20.217641342,2024-02-01 17:30:56.888154281,P4,resolved,phone,4,8,HR,saas,Suspicious login alert triggered for finance user.,Suspicious login alert triggered for finance user. Reported by Vanessa from Operations.,False,False
443,2024-01-31 16:34:42,2024-01-31 17:36:52.665805362,2024-02-01 14:56:17.204201359,P3,resolved,chat,6,2,Operations,peripherals,Suspicious login alert triggered for finance user.,Suspicious login alert triggered for finance user. Reported by Caitlin from Operations.,True,False
444,2024-01-31 18:11:59,2024-01-31 23:24:11.514452634,2024-02-03 10:50:35.779622266,P4,resolved,portal,3,10,HR,network,Mailbox forwarding rule recreated after removal.,Mailbox forwarding rule recreated after removal. Reported by Stephanie from HR.,False,False
445,2024-01-31 20:39:51,2024-01-31 22:45:11.438009761,2024-02-01 12:15:35.034532998,P3,resolved,email,1,9,Finance,identity,VPN client update failed with rollback error.,VPN client update failed with rollback error. Reported by Patricia from HR.,False,False
446,2024-01-31 21:13:04,2024-01-31 23:21:46.344059344,2024-02-01 13:44:22.930341089,P3,resolved,email,2,6,Operations,endpoint,Laptop blue-screened during payroll export.,Laptop blue-screened during payroll export. Reported by Cheyenne from Warehouse.,False,False
447,2024-01-31 21:25:48,2024-01-31 23:18:53.464980481,2024-02-01 05:27:36.436583059,P3,resolved,chat,4,1,Sales,saas,Cannot sign in to Okta after password reset.,Cannot sign in to Okta after password reset. Reported by Jennifer from HR.,False,False
448,2024-02-01 00:55:00,2024-02-01 19:46:20.141679261,2024-02-02 14:03:06.947046272,P4,resolved,portal,7,8,Warehouse,security,Email quarantine released but message still missing.,Email quarantine released but message still missing. Reported by William from Operations.,False,False
449,2024-02-01 04:11:12,2024-02-01 05:53:35.976494593,,P3,pending,portal,2,8,Finance,endpoint,Password reset loop continues after successful change.,Password reset loop continues after successful change. Reported by Maria from Finance.,False,False
450,2024-02-01 04:33:22,2024-02-01 07:53:14.183816906,2024-02-01 15:28:10.806179966,P3,resolved,chat,8,7,Sales,voice,Email search indexing incomplete after migration.,Email search indexing incomplete after migration. Reported by Amy from HR.,False,False
451,2024-02-01 04:35:59,2024-02-01 21:41:48.917615259,2024-02-03 02:51:05.162305655,P4,resolved,chat,6,3,Finance,peripherals,Citrix launch freezes on black screen.,Citrix launch freezes on black screen. Reported by Phyllis from Finance.,False,False
452,2024-02-01 04:52:55,2024-02-01 18:58:09.377460650,2024-02-02 02:23:10.813397490,P4,resolved,portal,3,5,HR,network,Printer on dock 4 is stuck in offline state.,Printer on dock 4 is stuck in offline state. Reported by Julia from Warehouse.,False,False
453,2024-02-01 10:43:46,2024-02-01 11:52:15.653601773,2024-02-01 13:10:50.441049413,P2,resolved,phone,5,5,Warehouse,business-apps,Warehouse scanner will not sync picks to WMS.,Warehouse scanner will not sync picks to WMS. Reported by Thomas from Operations.,False,False
454,2024-02-01 10:59:17,2024-02-01 15:14:04.903017275,2024-02-01 21:26:46.260470754,P3,resolved,email,6,7,Operations,peripherals,Email quarantine released but message still missing.,Email quarantine released but message still missing. Reported by Jonathon from HR.,False,False
455,2024-02-01 13:42:59,2024-02-01 20:14:19.650876467,2024-02-03 09:49:05.119838086,P4,resolved,chat,6,4,Finance,peripherals,Teams meeting room camera flickers after restart.,Teams meeting room camera flickers after restart. Reported by John from HR.,False,False
456,2024-02-01 16:56:40,2024-02-02 08:15:58.020788636,2024-02-04 02:51:14.478447756,P4,resolved,portal,7,5,IT,security,Citrix launch freezes on black screen.,Citrix launch freezes on black screen. Reported by Dana from HR.,False,False
457,2024-02-01 17:51:44,2024-02-01 19:16:17.217529626,2024-02-02 05:01:21.373188114,P3,resolved,email,6,10,Sales,peripherals,Warehouse tablet battery draining within one shift.,Warehouse tablet battery draining within one shift. Reported by Katie from HR.,False,False
458,2024-02-01 19:14:32,2024-02-01 21:16:19.899998843,2024-02-02 16:01:09.465980992,P3,resolved,email,1,5,Operations,identity,Shared mailbox permissions disappeared overnight.,Shared mailbox permissions disappeared overnight. Reported by Adrienne from Sales.,False,False
459,2024-02-01 21:36:13,2024-02-02 01:56:15.337704628,2024-02-02 12:26:49.253819024,P3,resolved,chat,4,6,Warehouse,saas,Outlook keeps prompting for password on Mac.,Outlook keeps prompting for password on Mac. Reported by Courtney from Operations.,False,False
460,2024-02-01 23:20:16,2024-02-02 02:14:42.133802614,2024-02-04 17:45:07.039829980,P4,resolved,portal,8,10,Finance,voice,Intune enrollment stuck on compliance evaluation.,Intune enrollment stuck on compliance evaluation. Reported by Joshua from HR.,True,False
461,2024-02-02 00:37:16,2024-02-02 05:55:52.202583541,2024-02-02 18:31:07.733948365,P3,resolved,email,2,10,IT,endpoint,Teams calls dropping audio after two minutes.,Teams calls dropping audio after two minutes. Reported by Chris from Finance.,False,False
462,2024-02-02 03:24:39,2024-02-02 05:28:39.005507183,2024-02-04 10:59:47.434179502,P4,resolved,email,4,6,Operations,saas,Conditional access policy locked out break-glass account.,Conditional access policy locked out break-glass account. Reported by Justin from Operations.,False,False
463,2024-02-02 12:06:13,2024-02-02 13:13:44.904619524,,P2,in_progress,chat,5,3,Finance,business-apps,Teams calls dropping audio after two minutes.,Teams calls dropping audio after two minutes. Reported by Joseph from Sales.,True,False
464,2024-02-02 12:22:33,2024-02-03 08:17:59.056233937,2024-02-03 22:16:43.951443021,P4,resolved,email,5,2,Warehouse,business-apps,Teams meeting room camera flickers after restart.,Teams meeting room camera flickers after restart. Reported by Luis from HR.,False,False
465,2024-02-02 12:26:27,2024-02-02 15:25:39.308207211,2024-02-02 17:28:16.409196844,P2,closed,email,7,9,HR,security,BitLocker recovery key prompt appears at boot.,BitLocker recovery key prompt appears at boot. Reported by Amber from Sales.,False,False
466,2024-02-02 13:42:13,2024-02-03 02:32:17.553466763,,P4,in_progress,chat,5,6,HR,business-apps,Warehouse scanner will not sync picks to WMS.,Warehouse scanner will not sync picks to WMS. Reported by Devon from HR.,False,False
467,2024-02-02 14:22:24,2024-02-02 15:24:45.019200259,2024-02-02 19:23:07.963981779,P2,resolved,email,1,6,Operations,identity,VPN client update failed with rollback error.,VPN client update failed with rollback error. Reported by Jesse from Finance.,False,False
468,2024-02-02 14:24:37,2024-02-02 17:18:23.129648790,2024-02-02 19:45:02.738298916,P2,resolved,email,2,10,HR,endpoint,New contractor needs temporary access to WMS.,New contractor needs temporary access to WMS. Reported by Heather from Operations.,False,False
469,2024-02-02 14:27:20,2024-02-02 21:27:57.468648332,,P3,pending,portal,6,4,HR,peripherals,New hire missing access to onboarding portal.,New hire missing access to onboarding portal. Reported by Jasmine from Sales.,False,False
470,2024-02-02 15:24:24,2024-02-02 23:10:04.858393305,2024-02-03 01:16:43.658855740,P3,resolved,portal,7,2,Finance,security,Password reset loop continues after successful change.,Password reset loop continues after successful change. Reported by Caleb from HR.,False,False
471,2024-02-02 16:02:35,2024-02-02 18:49:58.001533055,2024-02-02 22:32:06.126590942,P3,resolved,portal,6,7,HR,peripherals,Excel add-in blocked by security policy.,Excel add-in blocked by security policy. Reported by Rick from Sales.,False,False
472,2024-02-02 17:29:39,2024-02-03 00:29:58.210726710,,P3,pending,email,6,10,Finance,peripherals,Teams calls dropping audio after two minutes.,Teams calls dropping audio after two minutes. Reported by Amy from Sales.,False,False
473,2024-02-03 01:59:25,2024-02-03 13:27:14.156494962,2024-02-05 12:58:17.362018321,P4,resolved,portal,2,2,Sales,endpoint,Payroll batch job missed scheduled overnight window.,Payroll batch job missed scheduled overnight window. Reported by Robert from Operations.,False,False
474,2024-02-03 02:14:03,2024-02-03 07:30:48.687349048,2024-02-03 21:12:31.414999732,P3,resolved,email,1,10,HR,identity,M365 outage causing login failures across offices.,M365 outage causing login failures across offices. Reported by Jamie from Sales.,False,False
475,2024-02-03 02:51:17,2024-02-03 09:41:29.660809157,2024-02-03 10:41:28.829970496,P3,resolved,portal,8,6,Warehouse,voice,Teams channels inaccessible during tenant incident.,Teams channels inaccessible during tenant incident. Reported by Robert from Sales.,False,False
476,2024-02-03 04:40:14,2024-02-03 08:38:57.008476851,,P3,pending,email,5,6,IT,business-apps,New hire missing access to onboarding portal.,New hire missing access to onboarding portal. Reported by Rebecca from Warehouse.,False,False
477,2024-02-03 05:50:54,2024-02-03 20:44:11.678614653,2024-02-05 17:09:12.190211590,P4,resolved,email,6,10,Operations,peripherals,Single sign-on to HRIS returns invalid relay state.,Single sign-on to HRIS returns invalid relay state. Reported by Brandy from Sales.,False,False
478,2024-02-03 06:25:13,2024-02-03 08:20:09.737421276,,P2,pending,portal,8,4,Sales,voice,Email signatures disappeared for sales team.,Email signatures disappeared for sales team. Reported by Heather from HR.,False,False
479,2024-02-03 10:41:53,2024-02-03 18:41:24.852472697,2024-02-03 19:22:12.105263051,P3,resolved,email,2,8,Sales,endpoint,Power BI refresh failing after service account rotation.,Power BI refresh failing after service account rotation. Reported by Melissa from Finance.,False,False
480,2024-02-03 13:29:06,2024-02-03 14:02:12.853745451,2024-02-03 15:57:46.833640106,P2,resolved,phone,7,1,Operations,security,User cannot map shared drive from new laptop.,User cannot map shared drive from new laptop. Reported by Kathy from HR.,False,False
481,2024-02-03 14:32:08,2024-02-03 17:11:46.548360760,2024-02-04 07:26:50.688953561,P3,resolved,phone,3,7,Sales,network,Scanner firmware update broke keyboard wedge mode.,Scanner firmware update broke keyboard wedge mode. Reported by Omar from Sales.,False,False
482,2024-02-03 16:01:56,2024-02-03 21:43:23.449782018,2024-02-04 11:17:45.706200897,P3,resolved,email,6,1,Warehouse,peripherals,Intune enrollment stuck on compliance evaluation.,Intune enrollment stuck on compliance evaluation. Reported by Adam from HR.,False,False
483,2024-02-03 16:47:13,2024-02-03 17:50:52.851001072,2024-02-03 23:08:10.279336828,P2,resolved,chat,4,1,HR,saas,ERP purchase order screen timing out for AP team.,ERP purchase order screen timing out for AP team. Reported by Michael from Sales.,False,False
484,2024-02-03 17:21:22,2024-02-03 18:04:33.197539447,2024-02-03 20:26:11.306434042,P2,resolved,portal,2,4,Sales,endpoint,Phone soft client cannot register after ISP change.,Phone soft client cannot register after ISP change. Reported by Karen from Warehouse.,False,False
485,2024-02-03 19:16:48,2024-02-04 02:03:52.889012262,2024-02-06 14:06:15.891349662,P4,resolved,email,8,4,Finance,voice,Customer portal SSO redirects to blank page.,Customer portal SSO redirects to blank page. Reported by Melissa from Warehouse.,True,False
486,2024-02-03 20:22:02,2024-02-03 21:37:36.331266234,2024-02-04 02:55:08.450316343,P2,resolved,portal,3,8,Operations,network,Conference room display shows no HDMI signal.,Conference room display shows no HDMI signal. Reported by Stephanie from Warehouse.,False,False
487,2024-02-03 20:56:07,2024-02-04 01:38:57.293014940,2024-02-04 15:36:29.814102074,P3,resolved,phone,1,9,IT,identity,Single sign-on to HRIS returns invalid relay state.,Single sign-on to HRIS returns invalid relay state. Reported by Robert from HR.,False,False
488,2024-02-03 22:42:49,2024-02-04 04:47:56.105820715,2024-02-04 11:20:50.491116704,P3,resolved,email,2,10,HR,endpoint,Intune enrollment stuck on compliance evaluation.,Intune enrollment stuck on compliance evaluation. Reported by Julie from Sales.,False,False
489,2024-02-03 23:42:16,2024-02-04 06:18:30.843122718,2024-02-05 08:25:13.530986538,P4,closed,portal,8,7,Operations,voice,Intune enrollment stuck on compliance evaluation.,Intune enrollment stuck on compliance evaluation. Reported by Amy from Operations.,False,False
490,2024-02-04 00:49:24,2024-02-04 12:52:13.472976004,2024-02-06 13:57:42.153125336,P4,resolved,portal,7,2,Finance,security,MFA push not arriving on replacement phone.,MFA push not arriving on replacement phone. Reported by Carrie from Warehouse.,False,False
491,2024-02-04 01:26:31,2024-02-04 03:59:57.947103000,2024-02-04 07:17:42.502595512,P2,closed,email,6,7,IT,peripherals,Single sign-on to HRIS returns invalid relay state.,Single sign-on to HRIS returns invalid relay state. Reported by Jeffrey from Finance.,False,False
492,2024-02-04 01:31:16,2024-02-04 21:12:09.238469659,2024-02-04 22:20:33.065008444,P4,resolved,portal,7,5,Operations,security,Procurement team reports ERP attachments missing.,Procurement team reports ERP attachments missing. Reported by Jeffrey from Operations.,False,False
493,2024-02-04 05:17:32,2024-02-04 10:53:02.900179522,,P3,in_progress,phone,6,6,HR,peripherals,Email signatures disappeared for sales team.,Email signatures disappeared for sales team. Reported by Ryan from Finance.,False,False
494,2024-02-04 06:05:54,2024-02-04 07:09:58.773874378,2024-02-04 13:06:22.626000922,P3,resolved,email,8,6,Finance,voice,Distribution center users cannot reach file server.,Distribution center users cannot reach file server. Reported by Anthony from Finance.,False,False
495,2024-02-04 06:19:15,2024-02-04 12:25:58.468599769,2024-02-06 17:47:52.474828672,P4,resolved,email,1,9,Finance,identity,Scanner firmware update broke keyboard wedge mode.,Scanner firmware update broke keyboard wedge mode. Reported by Matthew from HR.,False,False
496,2024-02-04 07:02:41,2024-02-04 19:48:21.505466196,2024-02-05 07:18:06.429203950,P4,resolved,email,1,4,HR,identity,Excel add-in blocked by security policy.,Excel add-in blocked by security policy. Reported by Erin from Finance.,False,False
497,2024-02-04 11:49:17,2024-02-04 13:15:42.126430920,2024-02-05 01:03:27.568847868,P3,resolved,chat,6,10,Finance,peripherals,Print queue stalled for shipping label batch.,Print queue stalled for shipping label batch. Reported by Richard from Finance.,False,False
498,2024-02-04 13:47:29,2024-02-04 20:57:54.906635746,2024-02-05 02:06:20.515007004,P3,resolved,portal,8,6,Finance,voice,Payroll batch job missed scheduled overnight window.,Payroll batch job missed scheduled overnight window. Reported by Frederick from Finance.,False,False
499,2024-02-04 15:51:10,2024-02-04 18:27:17.892941485,2024-02-04 18:09:45.227279868,P2,resolved,portal,5,7,Finance,business-apps,Warehouse tablet battery draining within one shift.,Warehouse tablet battery draining within one shift. Reported by Tanner from Finance.,False,False
500,2024-02-04 17:03:33,2024-02-04 18:28:01.948058013,2024-02-05 13:56:57.317712654,P3,resolved,chat,8,10,Operations,voice,Procurement team reports ERP attachments missing.,Procurement team reports ERP attachments missing. Reported by David from Warehouse.,False,False
501,2024-02-04 17:20:00,2024-02-04 23:59:48.494615184,,P4,pending,phone,4,9,Sales,saas,Barcode labels printing with incorrect dimensions.,Barcode labels printing with incorrect dimensions. Reported by Cindy from Operations.,False,False
502,2024-02-04 22:05:10,2024-02-05 02:46:55.759995181,,P3,in_progress,email,6,5,Sales,peripherals,VPN fails only for users in Phoenix office.,VPN fails only for users in Phoenix office. Reported by Anthony from Finance.,False,False
503,2024-02-05 01:35:01,2024-02-05 16:43:10.416054598,2024-02-07 09:05:10.238543448,P4,resolved,chat,5,3,Sales,business-apps,User cannot map shared drive from new laptop.,User cannot map shared drive from new laptop. Reported by Phillip from Sales.,False,False
504,2024-02-05 01:46:14,2024-02-05 08:39:47.683594492,2024-02-05 10:15:33.280235861,P3,resolved,portal,8,2,IT,voice,Voicemail transcription unavailable in mobile app.,Voicemail transcription unavailable in mobile app. Reported by Anne from Finance.,False,False
505,2024-02-05 02:09:49,2024-02-05 16:55:40.054859378,2024-02-06 15:49:43.062875706,P4,resolved,email,6,4,HR,peripherals,Email quarantine released but message still missing.,Email quarantine released but message still missing. Reported by Anthony from Operations.,False,False
506,2024-02-05 02:23:37,2024-02-05 10:49:27.221603765,2024-02-07 18:11:20.280525151,P4,resolved,email,4,7,Warehouse,saas,Shared mailbox permissions disappeared overnight.,Shared mailbox permissions disappeared overnight. Reported by Dawn from Warehouse.,False,False
507,2024-02-05 07:57:12,2024-02-05 21:17:15.694500614,2024-02-07 00:30:40.970188729,P4,resolved,portal,2,8,Finance,endpoint,VPN fails only for users in Phoenix office.,VPN fails only for users in Phoenix office. Reported by Derek from Finance.,False,False
508,2024-02-05 07:57:57,2024-02-05 10:48:31.491171782,,P2,in_progress,phone,3,1,HR,network,Procurement team reports ERP attachments missing.,Procurement team reports ERP attachments missing. Reported by Steven from Operations.,False,False
509,2024-02-05 09:06:49,2024-02-05 16:09:01.028465327,2024-02-05 15:09:18.282348788,P3,resolved,portal,1,5,Finance,identity,ERP purchase order screen timing out for AP team.,ERP purchase order screen timing out for AP team. Reported by Brent from Operations.,False,False
510,2024-02-05 11:43:38,2024-02-05 14:34:21.077426000,2024-02-05 15:17:04.251386919,P2,resolved,portal,2,10,Sales,endpoint,Print queue stalled for shipping label batch.,Print queue stalled for shipping label batch. Reported by Nicholas from Operations.,False,False
511,2024-02-05 14:47:27,2024-02-05 21:53:39.965154303,2024-02-06 04:11:52.253639600,P3,resolved,email,5,9,Sales,business-apps,Label printer feeds blank stock after maintenance.,Label printer feeds blank stock after maintenance. Reported by Jason from Operations.,False,False
512,2024-02-05 17:35:58,2024-02-06 03:25:16.092901475,2024-02-07 23:35:41.475305376,P4,resolved,email,1,10,IT,identity,Warehouse RF gun drops Wi-Fi in aisle B.,Warehouse RF gun drops Wi-Fi in aisle B. Reported by Mark from Sales.,False,False
513,2024-02-05 19:01:30,2024-02-05 22:42:58.337989020,2024-02-06 12:01:15.427543245,P3,resolved,phone,4,10,HR,saas,Email search indexing incomplete after migration.,Email search indexing incomplete after migration. Reported by Kathleen from Warehouse.,False,False
514,2024-02-06 00:16:57,2024-02-06 02:36:33.115108042,2024-02-06 04:31:03.748100563,P2,resolved,chat,1,1,HR,identity,Finance cannot export month-end AP aging report.,Finance cannot export month-end AP aging report. Reported by Nicholas from Warehouse.,False,False
515,2024-02-06 00:32:30,2024-02-06 06:55:08.938224554,2024-02-06 11:25:08.377815157,P3,resolved,portal,2,7,Sales,endpoint,Barcode labels printing with incorrect dimensions.,Barcode labels printing with incorrect dimensions. Reported by Karen from Warehouse.,False,False
516,2024-02-06 00:43:03,2024-02-06 04:40:30.545063166,2024-02-06 12:14:42.041325768,P3,resolved,email,6,6,HR,peripherals,Outlook keeps prompting for password on Mac.,Outlook keeps prompting for password on Mac. Reported by Marie from Sales.,False,False
517,2024-02-06 01:43:18,2024-02-06 07:20:56.739432320,2024-02-06 22:50:01.097919303,P3,resolved,email,1,5,Warehouse,identity,Conference room display shows no HDMI signal.,Conference room display shows no HDMI signal. Reported by Johnny from Finance.,False,False
518,2024-02-06 02:28:35,2024-02-06 04:40:02.267876020,2024-02-06 20:02:36.656766181,P3,resolved,phone,3,8,Warehouse,network,ERP purchase order screen timing out for AP team.,ERP purchase order screen timing out for AP team. Reported by Christopher from Finance.,False,False
519,2024-02-06 02:30:47,2024-02-06 05:39:51.164107306,2024-02-08 02:57:38.853298035,P4,resolved,email,2,10,HR,endpoint,Warehouse tablet battery draining within one shift.,Warehouse tablet battery draining within one shift. Reported by Andrew from HR.,False,False
520,2024-02-06 04:50:49,2024-02-06 06:40:11.125858326,2024-02-06 10:49:46.975606980,P2,resolved,email,1,5,Sales,identity,Single sign-on to HRIS returns invalid relay state.,Single sign-on to HRIS returns invalid relay state. Reported by Amber from Operations.,False,False
521,2024-02-06 06:01:32,2024-02-06 09:57:57.578409365,2024-02-07 02:19:50.984853929,P3,resolved,chat,2,7,IT,endpoint,Finance cannot export month-end AP aging report.,Finance cannot export month-end AP aging report. Reported by Zoe from Finance.,False,False
522,2024-02-06 06:17:51,2024-02-06 12:22:55.839839152,2024-02-06 15:14:26.425528310,P3,resolved,phone,1,5,HR,identity,MFA push not arriving on replacement phone.,MFA push not arriving on replacement phone. Reported by Michael from Warehouse.,False,False
523,2024-02-06 06:27:32,2024-02-06 08:49:33.037453019,2024-02-06 08:30:26.706606911,P2,resolved,email,1,7,Warehouse,identity,Service account password expired on integration job.,Service account password expired on integration job. Reported by Debra from Operations.,False,False
524,2024-02-06 06:27:57,2024-02-06 07:40:40.780928043,2024-02-07 03:00:09.773171882,P3,resolved,chat,6,10,Finance,peripherals,New hire missing access to onboarding portal.,New hire missing access to onboarding portal. Reported by Kimberly from Operations.,False,False
525,2024-02-06 07:56:48,2024-02-06 10:32:25.840102342,2024-02-09 04:43:48.166687134,P4,resolved,email,1,9,HR,identity,ERP role request approved but not applied.,ERP role request approved but not applied. Reported by Denise from Warehouse.,True,False
526,2024-02-06 10:40:35,2024-02-06 16:35:11.079109568,2024-02-07 09:31:35.000711180,P3,resolved,portal,8,3,Warehouse,voice,Teams meeting room camera flickers after restart.,Teams meeting room camera flickers after restart. Reported by Karen from Operations.,True,False
527,2024-02-06 11:06:08,2024-02-06 18:27:31.895724132,2024-02-08 05:42:15.642902891,P4,resolved,email,4,9,Finance,saas,Power BI refresh failing after service account rotation.,Power BI refresh failing after service account rotation. Reported by Stefanie from HR.,False,False
528,2024-02-06 11:14:09,2024-02-06 16:26:59.954830887,2024-02-07 01:19:49.418540624,P3,resolved,chat,4,6,Operations,saas,New hire missing access to onboarding portal.,New hire missing access to onboarding portal. Reported by James from HR.,False,False
529,2024-02-06 12:02:19,2024-02-06 14:47:36.404876936,,P3,pending,chat,8,6,Warehouse,voice,Teams calls dropping audio after two minutes.,Teams calls dropping audio after two minutes. Reported by Andrew from Operations.,True,False
530,2024-02-06 18:14:13,2024-02-07 00:13:58.190345124,2024-02-08 09:47:47.693494166,P4,resolved,phone,7,2,HR,security,Distribution center users cannot reach file server.,Distribution center users cannot reach file server. Reported by Elijah from Finance.,False,False
531,2024-02-06 18:16:15,2024-02-07 02:34:06.877723113,2024-02-08 10:21:47.689056217,P4,resolved,portal,4,5,HR,saas,Excel add-in blocked by security policy.,Excel add-in blocked by security policy. Reported by David from Warehouse.,False,False
532,2024-02-06 22:02:55,2024-02-07 01:01:13.751754316,,P2,in_progress,phone,8,4,IT,voice,Citrix launch freezes on black screen.,Citrix launch freezes on black screen. Reported by Elizabeth from HR.,False,False
533,2024-02-06 22:03:04,2024-02-07 00:42:38.750519358,2024-02-07 17:25:52.078759424,P4,resolved,portal,5,1,Operations,business-apps,Intune enrollment stuck on compliance evaluation.,Intune enrollment stuck on compliance evaluation. Reported by Anne from Sales.,False,False
534,2024-02-06 22:22:14,2024-02-07 07:47:40.072628506,2024-02-09 02:13:23.505521619,P4,resolved,portal,6,9,Sales,peripherals,Spam burst hit shared support inbox this morning.,Spam burst hit shared support inbox this morning. Reported by Jeffery from Sales.,False,False
535,2024-02-06 22:23:23,2024-02-06 23:25:24.404173097,2024-02-07 04:50:52.876324828,P2,resolved,email,8,2,Sales,voice,Print queue stalled for shipping label batch.,Print queue stalled for shipping label batch. Reported by Holly from Operations.,False,False
536,2024-02-06 22:57:47,2024-02-07 00:50:56.400932394,2024-02-07 15:57:22.986965547,P3,resolved,chat,6,8,Finance,peripherals,Scanner firmware update broke keyboard wedge mode.,Scanner firmware update broke keyboard wedge mode. Reported by Katie from Finance.,False,False
537,2024-02-06 23:03:07,2024-02-07 01:37:49.912164931,2024-02-07 04:35:40.530339378,P2,resolved,portal,5,8,HR,business-apps,Finance cannot export month-end AP aging report.,Finance cannot export month-end AP aging report. Reported by Gary from Operations.,False,False
538,2024-02-06 23:57:19,2024-02-07 03:23:14.291464278,2024-02-07 19:46:00.188118086,P3,closed,portal,5,7,Warehouse,business-apps,Single sign-on to HRIS returns invalid relay state.,Single sign-on to HRIS returns invalid relay state. Reported by Catherine from Operations.,False,False
539,2024-02-07 02:22:05,2024-02-07 15:45:53.773536580,2024-02-09 20:07:47.991966594,P4,resolved,portal,6,9,IT,peripherals,Print queue stalled for shipping label batch.,Print queue stalled for shipping label batch. Reported by Julie from Sales.,True,False
540,2024-02-07 04:19:57,2024-02-07 09:20:37.527264589,2024-02-07 20:10:57.813639729,P3,resolved,chat,8,2,HR,voice,Voicemail transcription unavailable in mobile app.,Voicemail transcription unavailable in mobile app. Reported by Danny from HR.,False,False
541,2024-02-07 06:20:18,2024-02-07 11:58:13.123702928,2024-02-07 20:42:22.279115442,P3,resolved,portal,6,1,Warehouse,peripherals,Service account password expired on integration job.,Service account password expired on integration job. Reported by Lori from Finance.,False,False
542,2024-02-07 08:23:33,2024-02-07 11:23:28.993520587,2024-02-07 21:38:10.902004155,P3,resolved,portal,3,9,Warehouse,network,Voicemail transcription unavailable in mobile app.,Voicemail transcription unavailable in mobile app. Reported by Tami from HR.,False,False
543,2024-02-07 08:24:44,2024-02-07 14:27:50.555304425,2024-02-08 05:00:47.006084322,P3,closed,portal,1,2,Operations,identity,Customer portal SSO redirects to blank page.,Customer portal SSO redirects to blank page. Reported by Daniel from Warehouse.,False,False
544,2024-02-07 08:50:48,2024-02-07 12:18:50.023484840,2024-02-10 00:18:46.119772640,P4,closed,portal,7,3,IT,security,Service account password expired on integration job.,Service account password expired on integration job. Reported by Anthony from Finance.,False,False
545,2024-02-07 12:25:21,2024-02-07 18:31:49.297874653,2024-02-08 05:58:45.229292259,P3,closed,portal,4,7,IT,saas,Warehouse tablet battery draining within one shift.,Warehouse tablet battery draining within one shift. Reported by Larry from Sales.,False,False
546,2024-02-07 12:50:53,2024-02-07 14:35:16.169774498,2024-02-08 11:32:05.994969106,P3,resolved,chat,4,6,HR,saas,VPN fails only for users in Phoenix office.,VPN fails only for users in Phoenix office. Reported by Erica from HR.,True,False
547,2024-02-07 14:11:21,2024-02-07 20:01:26.618083984,,P3,in_progress,chat,8,3,Operations,voice,VPN client update failed with rollback error.,VPN client update failed with rollback error. Reported by Susan from Finance.,True,False
548,2024-02-07 21:08:10,2024-02-08 12:41:10.515647854,2024-02-09 04:51:13.958578444,P4,resolved,portal,2,3,Finance,endpoint,New Zebra printer not visible to shipping station.,New Zebra printer not visible to shipping station. Reported by Randy from Operations.,False,False
549,2024-02-07 23:06:09,2024-02-08 04:49:33.508805055,2024-02-09 21:21:49.700184364,P4,resolved,email,1,9,Finance,identity,CEO calendar delegate can no longer edit events.,CEO calendar delegate can no longer edit events. Reported by Jennifer from Finance.,False,False
550,2024-02-07 23:35:21,2024-02-08 04:27:11.055807974,2024-02-10 21:23:49.267659788,P4,resolved,portal,6,6,Operations,peripherals,Excel add-in blocked by security policy.,Excel add-in blocked by security policy. Reported by Charles from Operations.,True,False
551,2024-02-08 01:39:26,2024-02-08 08:34:28.751916825,2024-02-08 14:49:10.736984684,P3,resolved,chat,8,10,HR,voice,Teams channels inaccessible during tenant incident.,Teams channels inaccessible during tenant incident. Reported by Hannah from Warehouse.,False,False
552,2024-02-08 02:45:02,2024-02-08 09:54:31.192012265,2024-02-08 22:55:26.114363888,P3,resolved,phone,7,6,Operations,security,Warehouse tablet battery draining within one shift.,Warehouse tablet battery draining within one shift. Reported by Courtney from Warehouse.,False,False
553,2024-02-08 02:54:07,2024-02-08 06:29:31.227114294,2024-02-08 20:58:03.813832896,P3,resolved,email,7,7,Finance,security,Service account password expired on integration job.,Service account password expired on integration job. Reported by Curtis from HR.,False,False
554,2024-02-08 08:42:13,2024-02-08 11:57:19.265597003,2024-02-10 02:11:19.732193171,P4,resolved,phone,7,4,Sales,security,Mailbox forwarding rule recreated after removal.,Mailbox forwarding rule recreated after removal. Reported by Kendra from HR.,False,False
555,2024-02-08 10:07:30,2024-02-08 17:12:46.545121965,2024-02-09 05:53:53.057933106,P3,resolved,email,6,1,HR,peripherals,MFA push not arriving on replacement phone.,MFA push not arriving on replacement phone. Reported by Melissa from Sales.,False,False
556,2024-02-08 11:12:41,2024-02-08 16:39:12.896960979,2024-02-10 23:17:04.971329314,P4,resolved,phone,8,6,Warehouse,voice,Warehouse scanner will not sync picks to WMS.,Warehouse scanner will not sync picks to WMS. Reported by Caroline from HR.,False,False
557,2024-02-08 11:37:49,2024-02-08 16:10:19.864293149,2024-02-09 09:05:44.084988484,P3,resolved,phone,3,8,HR,network,Single sign-on to HRIS returns invalid relay state.,Single sign-on to HRIS returns invalid relay state. Reported by David from Finance.,False,False
558,2024-02-08 12:06:53,2024-02-08 13:06:43.102217247,2024-02-08 16:05:52.444633395,P2,resolved,portal,6,5,Warehouse,peripherals,Label printer feeds blank stock after maintenance.,Label printer feeds blank stock after maintenance. Reported by Tonya from Sales.,False,False
559,2024-02-08 15:36:42,2024-02-09 07:58:04.971589347,2024-02-10 10:21:31.802701624,P4,resolved,phone,1,9,IT,identity,New Zebra printer not visible to shipping station.,New Zebra printer not visible to shipping station. Reported by Kimberly from Sales.,False,False
560,2024-02-08 17:13:38,2024-02-08 19:46:27.053588936,2024-02-09 00:43:25.425578568,P2,resolved,portal,5,7,HR,business-apps,MFA push not arriving on replacement phone.,MFA push not arriving on replacement phone. Reported by Michael from HR.,True,False
561,2024-02-08 17:33:34,2024-02-09 05:06:29.169885763,2024-02-11 04:35:08.407744157,P4,resolved,portal,3,6,Sales,network,Phone soft client cannot register after ISP change.,Phone soft client cannot register after ISP change. Reported by Ross from HR.,False,False
562,2024-02-08 18:15:25,2024-02-09 00:07:16.718587854,2024-02-09 08:13:28.734258725,P3,resolved,chat,8,6,HR,voice,Warehouse RF gun drops Wi-Fi in aisle B.,Warehouse RF gun drops Wi-Fi in aisle B. Reported by Mitchell from Sales.,False,False
563,2024-02-08 19:50:00,2024-02-09 09:55:47.008319668,2024-02-09 23:56:43.335688381,P4,resolved,email,4,3,HR,saas,Warehouse RF gun drops Wi-Fi in aisle B.,Warehouse RF gun drops Wi-Fi in aisle B. Reported by William from Finance.,False,False
564,2024-02-08 20:11:37,2024-02-09 01:43:27.715846145,2024-02-09 05:59:06.807247246,P3,resolved,email,2,9,HR,endpoint,Conditional access policy locked out break-glass account.,Conditional access policy locked out break-glass account. Reported by Matthew from Sales.,False,False
565,2024-02-09 00:15:59,2024-02-09 07:59:06.964525272,2024-02-11 15:23:44.554846649,P4,closed,email,5,1,Finance,business-apps,BitLocker recovery key prompt appears at boot.,BitLocker recovery key prompt appears at boot. Reported by Melissa from Warehouse.,False,False
566,2024-02-09 00:59:48,2024-02-09 11:46:14.868116942,2024-02-11 15:34:48.406899837,P4,resolved,portal,1,1,IT,identity,Docking station no longer drives dual monitors.,Docking station no longer drives dual monitors. Reported by Lynn from Warehouse.,False,False
567,2024-02-09 01:04:36,2024-02-09 07:17:50.765676924,,P3,pending,chat,2,8,HR,endpoint,Finance cannot export month-end AP aging report.,Finance cannot export month-end AP aging report. Reported by Daniel from Warehouse.,False,False
568,2024-02-09 02:27:02,2024-02-09 06:30:16.223949056,2024-02-09 20:49:46.020840893,P3,resolved,chat,4,1,IT,saas,Printer on dock 4 is stuck in offline state.,Printer on dock 4 is stuck in offline state. Reported by Susan from Warehouse.,False,False
569,2024-02-09 05:27:31,2024-02-09 06:45:04.335580325,2024-02-09 09:02:38.424767042,P1,resolved,phone,6,6,IT,peripherals,Voicemail transcription unavailable in mobile app.,Voicemail transcription unavailable in mobile app. Reported by Cynthia from HR.,True,False
570,2024-02-09 09:01:10,2024-02-09 10:42:05.755907291,2024-02-10 02:55:26.728339506,P3,resolved,phone,5,2,Finance,business-apps,Teams meeting room camera flickers after restart.,Teams meeting room camera flickers after restart. Reported by Maria from HR.,False,False
571,2024-02-09 11:53:42,2024-02-09 19:48:24.077056089,2024-02-12 03:53:26.588685332,P4,resolved,chat,1,7,Warehouse,identity,Warehouse scanner will not sync picks to WMS.,Warehouse scanner will not sync picks to WMS. Reported by Jasmine from HR.,False,False
572,2024-02-09 16:12:56,2024-02-09 22:08:06.218442054,2024-02-10 08:01:53.590013038,P3,resolved,phone,6,2,HR,peripherals,VPN fails only for users in Phoenix office.,VPN fails only for users in Phoenix office. Reported by Ryan from HR.,False,False
573,2024-02-09 16:48:24,2024-02-09 22:05:01.067361668,2024-02-10 22:35:32.865955006,P4,resolved,email,1,3,Finance,identity,New contractor needs temporary access to WMS.,New contractor needs temporary access to WMS. Reported by Jessica from Operations.,False,False
574,2024-02-09 18:06:33,2024-02-09 20:03:42.729404330,2024-02-10 14:03:11.876409218,P3,resolved,chat,7,6,Warehouse,security,New Zebra printer not visible to shipping station.,New Zebra printer not visible to shipping station. Reported by Tammy from HR.,False,False
575,2024-02-09 20:13:33,2024-02-10 02:38:22.432611672,2024-02-10 06:16:31.298632962,P3,resolved,email,1,4,IT,identity,Email quarantine released but message still missing.,Email quarantine released but message still missing. Reported by Joseph from Sales.,False,False
576,2024-02-10 00:46:59,2024-02-10 19:06:30.136608696,2024-02-12 04:35:50.281897342,P4,resolved,email,1,3,HR,identity,Phone soft client cannot register after ISP change.,Phone soft client cannot register after ISP change. Reported by Lindsey from Operations.,False,False
577,2024-02-10 02:04:19,2024-02-10 03:12:49.322887748,2024-02-10 06:51:22.773080741,P2,resolved,email,5,1,Operations,business-apps,Voicemail transcription unavailable in mobile app.,Voicemail transcription unavailable in mobile app. Reported by Amanda from Sales.,False,False
578,2024-02-10 02:11:14,2024-02-10 08:04:54.660466208,2024-02-10 12:23:41.831550118,P3,resolved,email,7,1,HR,security,Service account password expired on integration job.,Service account password expired on integration job. Reported by Timothy from Operations.,False,False
579,2024-02-10 02:12:56,2024-02-10 09:43:33.551634189,2024-02-10 12:09:08.395948776,P3,resolved,phone,7,2,Finance,security,Shared mailbox permissions disappeared overnight.,Shared mailbox permissions disappeared overnight. Reported by Ryan from Operations.,False,False
580,2024-02-10 02:27:16,2024-02-10 04:21:10.932519842,2024-02-10 06:46:01.865499050,P2,resolved,portal,5,3,HR,business-apps,Slack notifications delayed for customer support queue.,Slack notifications delayed for customer support queue. Reported by Jessica from Warehouse.,False,False
581,2024-02-10 02:41:40,2024-02-10 08:11:53.279675453,2024-02-10 20:09:54.253587004,P3,resolved,phone,2,2,Operations,endpoint,Suspicious login alert triggered for finance user.,Suspicious login alert triggered for finance user. Reported by Joseph from Warehouse.,False,False
582,2024-02-10 04:47:28,2024-02-10 17:58:29.523032029,2024-02-11 11:27:33.627130157,P4,resolved,portal,8,6,Sales,voice,Shared mailbox permissions disappeared overnight.,Shared mailbox permissions disappeared overnight. Reported by Melissa from HR.,False,False
583,2024-02-10 06:25:50,2024-02-10 07:04:38.639166162,2024-02-10 13:36:29.739158271,P2,resolved,chat,1,9,Sales,identity,Conditional access policy locked out break-glass account.,Conditional access policy locked out break-glass account. Reported by Mariah from HR.,False,False
584,2024-02-10 08:54:41,2024-02-10 12:17:23.384756752,2024-02-12 05:01:02.813845680,P4,resolved,email,3,8,Warehouse,network,Email search indexing incomplete after migration.,Email search indexing incomplete after migration. Reported by Christopher from Warehouse.,False,False
585,2024-02-10 09:03:15,2024-02-10 12:08:18.764571442,2024-02-11 06:34:30.311666110,P3,resolved,phone,7,4,HR,security,Scanner cradle not charging overnight.,Scanner cradle not charging overnight. Reported by Nicole from Warehouse.,False,False
586,2024-02-10 12:10:57,2024-02-10 14:15:14.439009589,2024-02-10 16:53:49.300101074,P2,resolved,email,5,5,Warehouse,business-apps,Warehouse tablet battery draining within one shift.,Warehouse tablet battery draining within one shift. Reported by John from Finance.,False,False
587,2024-02-10 15:16:16,2024-02-10 21:02:05.369472078,2024-02-11 01:26:36.645545555,P3,resolved,chat,7,8,HR,security,VPN client update failed with rollback error.,VPN client update failed with rollback error. Reported by Steven from HR.,False,False
588,2024-02-10 15:28:47,2024-02-10 16:10:25.770116867,2024-02-10 20:30:52.242421583,P2,resolved,phone,7,10,Warehouse,security,Laptop blue-screened during payroll export.,Laptop blue-screened during payroll export. Reported by Cheryl from Warehouse.,False,False
589,2024-02-10 17:53:13,2024-02-11 00:38:25.206022958,2024-02-13 01:04:36.847151790,P4,resolved,chat,8,6,Warehouse,voice,Docking station no longer drives dual monitors.,Docking station no longer drives dual monitors. Reported by Nicholas from HR.,False,False
590,2024-02-10 17:57:21,2024-02-11 01:56:01.033410114,2024-02-11 01:39:09.091467793,P3,resolved,chat,5,2,Warehouse,business-apps,VPN disconnects every 15 minutes on hotel Wi-Fi.,VPN disconnects every 15 minutes on hotel Wi-Fi. Reported by Anthony from Operations.,False,False
591,2024-02-10 20:05:41,2024-02-10 21:01:13.399952135,2024-02-10 22:41:24.203642277,P1,resolved,email,7,9,Sales,security,Distribution center users cannot reach file server.,Distribution center users cannot reach file server. Reported by Melissa from Operations.,True,False
592,2024-02-11 01:39:25,2024-02-11 06:42:34.018917366,2024-02-11 21:03:10.972519608,P3,resolved,portal,2,6,HR,endpoint,Warehouse scanner will not sync picks to WMS.,Warehouse scanner will not sync picks to WMS. Reported by Hunter from HR.,False,False
593,2024-02-11 02:14:24,2024-02-11 08:01:11.396215113,2024-02-11 08:51:10.939553985,P3,resolved,email,2,1,Sales,endpoint,Barcode labels printing with incorrect dimensions.,Barcode labels printing with incorrect dimensions. Reported by Jason from Operations.,False,False
594,2024-02-11 03:22:51,2024-02-11 09:36:42.545502735,2024-02-11 18:16:58.066047816,P3,resolved,portal,1,3,Finance,identity,Finance cannot export month-end AP aging report.,Finance cannot export month-end AP aging report. Reported by Lauren from HR.,False,False
595,2024-02-11 05:08:28,2024-02-11 06:18:57.805754980,2024-02-11 07:39:58.571031038,P2,resolved,email,2,6,Operations,endpoint,Finance cannot export month-end AP aging report.,Finance cannot export month-end AP aging report. Reported by Matthew from Operations.,False,False
596,2024-02-11 05:50:44,2024-02-11 07:31:00.294009839,2024-02-11 12:16:11.160060717,P2,resolved,chat,1,9,Warehouse,identity,Scanner cradle not charging overnight.,Scanner cradle not charging overnight. Reported by Nicole from Sales.,False,False
597,2024-02-11 06:29:40,2024-02-11 12:27:23.541102541,2024-02-12 01:40:14.625296106,P3,resolved,phone,7,9,Operations,security,Excel add-in blocked by security policy.,Excel add-in blocked by security policy. Reported by Jacqueline from HR.,False,False
598,2024-02-11 11:47:40,2024-02-12 04:25:54.202681687,2024-02-13 20:41:21.317108634,P4,closed,chat,4,2,Sales,saas,Power BI refresh failing after service account rotation.,Power BI refresh failing after service account rotation. Reported by Joshua from Finance.,False,False
599,2024-02-11 13:05:19,2024-02-12 01:46:38.974950937,,P4,pending,chat,4,8,Finance,saas,Scanner firmware update broke keyboard wedge mode.,Scanner firmware update broke keyboard wedge mode. Reported by Alejandro from Sales.,False,False
600,2024-02-11 13:33:56,2024-02-11 20:07:04.737749331,2024-02-11 22:43:42.729506459,P3,resolved,portal,6,10,Sales,peripherals,Mailbox forwarding rule recreated after removal.,Mailbox forwarding rule recreated after removal. Reported by Stacy from HR.,False,False
601,2024-02-11 13:55:36,2024-02-11 18:59:17.056575177,,P3,pending,email,3,8,HR,network,Docking station no longer drives dual monitors.,Docking station no longer drives dual monitors. Reported by Christopher from Finance.,False,False
602,2024-02-11 13:55:51,2024-02-11 16:50:55.568904829,2024-02-12 14:37:21.334533748,P4,resolved,chat,5,8,Warehouse,business-apps,Email quarantine released but message still missing.,Email quarantine released but message still missing. Reported by Jennifer from HR.,False,False
603,2024-02-11 15:40:13,2024-02-11 16:17:43.856378915,2024-02-11 17:01:57.295788088,P1,resolved,email,1,8,Sales,identity,Printer on dock 4 is stuck in offline state.,Printer on dock 4 is stuck in offline state. Reported by Tracy from Warehouse.,True,False
604,2024-02-11 16:03:37,2024-02-11 18:50:59.326029458,2024-02-12 03:15:11.657566194,P3,resolved,portal,6,6,IT,peripherals,Mailbox forwarding rule recreated after removal.,Mailbox forwarding rule recreated after removal. Reported by Katherine from Operations.,False,False
605,2024-02-12 01:43:17,2024-02-12 06:49:29.118038415,2024-02-12 19:03:07.492339151,P3,resolved,phone,7,7,Operations,security,Warehouse RF gun drops Wi-Fi in aisle B.,Warehouse RF gun drops Wi-Fi in aisle B. Reported by Hannah from Operations.,False,False
606,2024-02-12 03:26:15,2024-02-12 05:02:01.590197100,2024-02-12 09:58:38.866901966,P3,resolved,portal,1,6,Sales,identity,Outlook keeps prompting for password on Mac.,Outlook keeps prompting for password on Mac. Reported by Debbie from HR.,False,False
607,2024-02-12 09:15:46,2024-02-12 15:08:22.903098683,2024-02-12 17:10:08.224823020,P3,resolved,email,1,10,Sales,identity,New Zebra printer not visible to shipping station.,New Zebra printer not visible to shipping station. Reported by Travis from Sales.,False,False
608,2024-02-12 09:32:25,2024-02-12 13:57:12.319043478,2024-02-12 17:00:39.722528861,P3,resolved,email,2,4,Warehouse,endpoint,Sales laptop webcam missing from device manager.,Sales laptop webcam missing from device manager. Reported by Laura from HR.,False,False
609,2024-02-12 11:03:42,2024-02-12 16:28:32.163626739,2024-02-13 03:09:34.538059716,P3,resolved,chat,5,8,Finance,business-apps,Shared mailbox permissions disappeared overnight.,Shared mailbox permissions disappeared overnight. Reported by Christopher from Sales.,False,False
610,2024-02-12 12:23:14,2024-02-12 15:02:56.488662222,2024-02-12 16:55:38.380737418,P2,resolved,email,7,1,Warehouse,security,Scanner firmware update broke keyboard wedge mode.,Scanner firmware update broke keyboard wedge mode. Reported by Jeffrey from Warehouse.,False,False
611,2024-02-12 14:17:18,2024-02-12 17:54:31.057583379,2024-02-13 00:32:16.910589351,P3,resolved,portal,7,5,Operations,security,Procurement team reports ERP attachments missing.,Procurement team reports ERP attachments missing. Reported by Heather from Operations.,False,False
612,2024-02-12 15:42:21,2024-02-12 19:30:12.052680351,2024-02-13 14:28:13.174309788,P3,resolved,email,7,10,Operations,security,CEO calendar delegate can no longer edit events.,CEO calendar delegate can no longer edit events. Reported by Kevin from Sales.,True,False
613,2024-02-12 16:23:52,2024-02-12 19:18:10.566618169,2024-02-13 00:10:03.710306300,P2,resolved,chat,5,3,Warehouse,business-apps,Conditional access policy locked out break-glass account.,Conditional access policy locked out break-glass account. Reported by Bonnie from Sales.,True,False
614,2024-02-12 20:11:48,2024-02-13 03:30:35.273348959,2024-02-13 06:25:21.550630442,P3,resolved,phone,6,8,Sales,peripherals,Warehouse RF gun drops Wi-Fi in aisle B.,Warehouse RF gun drops Wi-Fi in aisle B. Reported by Thomas from Warehouse.,False,False
615,2024-02-12 23:45:12,2024-02-13 02:54:27.784152472,2024-02-13 23:52:04.696751670,P4,resolved,email,3,6,Operations,network,Teams calls dropping audio after two minutes.,Teams calls dropping audio after two minutes. Reported by Alyssa from Operations.,False,False
616,2024-02-13 00:51:43,2024-02-13 03:27:07.192989786,,P4,in_progress,chat,6,2,IT,peripherals,VPN fails only for users in Phoenix office.,VPN fails only for users in Phoenix office. Reported by Ronald from Finance.,False,False
617,2024-02-13 02:29:05,2024-02-13 08:47:44.973735821,2024-02-13 10:57:05.822778410,P3,resolved,email,2,2,IT,endpoint,Email signatures disappeared for sales team.,Email signatures disappeared for sales team. Reported by Julie from Finance.,False,False
618,2024-02-13 05:04:28,2024-02-13 07:26:37.333429416,2024-02-14 00:49:57.479679427,P3,resolved,email,8,2,Finance,voice,MFA push not arriving on replacement phone.,MFA push not arriving on replacement phone. Reported by Mark from Sales.,False,False
619,2024-02-13 05:48:52,2024-02-13 10:24:31.834959467,2024-02-13 15:39:56.305996169,P3,resolved,portal,1,5,Finance,identity,ERP role request approved but not applied.,ERP role request approved but not applied. Reported by Jacqueline from Sales.,False,False
620,2024-02-13 06:53:07,2024-02-13 18:48:54.746433269,2024-02-15 03:09:17.107738098,P4,resolved,email,8,4,IT,voice,Mailbox forwarding rule recreated after removal.,Mailbox forwarding rule recreated after removal. Reported by Joseph from HR.,False,False
621,2024-02-13 07:50:45,2024-02-13 12:35:47.905977189,2024-02-13 15:16:58.071222139,P3,resolved,phone,4,9,Operations,saas,Email quarantine released but message still missing.,Email quarantine released but message still missing. Reported by John from Sales.,False,False
622,2024-02-13 08:08:00,2024-02-13 15:46:45.835975881,2024-02-13 21:44:13.504003016,P3,closed,chat,6,8,HR,peripherals,Warehouse scanner will not sync picks to WMS.,Warehouse scanner will not sync picks to WMS. Reported by David from HR.,False,False
623,2024-02-13 08:30:21,2024-02-14 01:15:26.973847124,2024-02-14 13:09:05.344103514,P4,resolved,phone,2,2,Warehouse,endpoint,VPN disconnects every 15 minutes on hotel Wi-Fi.,VPN disconnects every 15 minutes on hotel Wi-Fi. Reported by James from Finance.,False,False
624,2024-02-13 11:24:05,2024-02-13 12:18:22.497318467,2024-02-13 17:49:06.261063549,P2,resolved,email,3,6,Warehouse,network,Teams calls dropping audio after two minutes.,Teams calls dropping audio after two minutes. Reported by David from Sales.,False,False
625,2024-02-13 14:25:41,2024-02-13 16:16:01.082726308,2024-02-14 05:29:23.283219885,P3,resolved,chat,7,8,HR,security,ERP role request approved but not applied.,ERP role request approved but not applied. Reported by Amanda from HR.,False,False
626,2024-02-13 15:15:52,2024-02-13 16:49:05.805352712,,P3,in_progress,portal,1,7,Finance,identity,VPN client update failed with rollback error.,VPN client update failed with rollback error. Reported by Kathleen from Warehouse.,False,False
627,2024-02-13 17:21:09,2024-02-13 18:45:52.246419141,2024-02-14 01:03:12.270530430,P3,resolved,email,2,1,IT,endpoint,VPN outage reported by remote finance staff.,VPN outage reported by remote finance staff. Reported by Jacob from Sales.,False,False
628,2024-02-13 17:49:34,2024-02-14 09:08:52.005914261,2024-02-14 17:49:23.319908404,P4,resolved,chat,6,1,Warehouse,peripherals,Teams calls dropping audio after two minutes.,Teams calls dropping audio after two minutes. Reported by Javier from Warehouse.,False,False
629,2024-02-13 18:34:56,2024-02-14 00:17:07.937640568,2024-02-14 01:48:56.447148060,P3,resolved,chat,7,6,Finance,security,Warehouse RF gun drops Wi-Fi in aisle B.,Warehouse RF gun drops Wi-Fi in aisle B. Reported by Todd from Finance.,False,False
630,2024-02-13 18:44:06,2024-02-13 20:58:53.972071039,2024-02-14 05:00:19.432862373,P3,resolved,phone,4,10,IT,saas,New hire missing access to onboarding portal.,New hire missing access to onboarding portal. Reported by Jenny from Warehouse.,False,False
631,2024-02-13 19:41:28,2024-02-13 21:26:50.800734902,,P3,pending,phone,1,1,Operations,identity,Label printer feeds blank stock after maintenance.,Label printer feeds blank stock after maintenance. Reported by Tiffany from Sales.,False,False
632,2024-02-13 23:44:22,2024-02-14 00:59:49.131515524,2024-02-14 03:16:59.347539038,P2,resolved,email,2,2,HR,endpoint,Mailbox forwarding rule recreated after removal.,Mailbox forwarding rule recreated after removal. Reported by Alicia from Warehouse.,False,False
633,2024-02-13 23:59:39,2024-02-14 13:17:32.944470412,2024-02-16 14:08:39.542491452,P4,resolved,phone,8,2,Operations,voice,Suspicious login alert triggered for finance user.,Suspicious login alert triggered for finance user. Reported by Justin from Sales.,False,False
634,2024-02-14 01:17:03,2024-02-14 06:34:09.456170252,2024-02-15 06:18:01.511967425,P4,closed,phone,2,4,Sales,endpoint,Intune enrollment stuck on compliance evaluation.,Intune enrollment stuck on compliance evaluation. Reported by Craig from HR.,False,False
635,2024-02-14 03:15:03,2024-02-14 14:19:38.729252148,,P4,in_progress,chat,5,9,Finance,business-apps,ERP role request approved but not applied.,ERP role request approved but not applied. Reported by James from Sales.,False,False
636,2024-02-14 04:26:57,2024-02-14 13:45:07.649291907,2024-02-15 17:07:52.615656565,P4,resolved,email,8,10,IT,voice,Docking station no longer drives dual monitors.,Docking station no longer drives dual monitors. Reported by Jeremy from Warehouse.,False,False
637,2024-02-14 04:27:25,2024-02-14 11:51:27.886292242,2024-02-14 11:51:27.581495902,P3,resolved,portal,4,4,Finance,saas,Payroll batch job missed scheduled overnight window.,Payroll batch job missed scheduled overnight window. Reported by Harry from HR.,False,False
638,2024-02-14 05:29:30,2024-02-14 09:25:16.478442820,2024-02-14 13:34:27.729185004,P3,resolved,email,1,8,Sales,identity,Laptop blue-screened during payroll export.,Laptop blue-screened during payroll export. Reported by Alexis from Sales.,False,False
639,2024-02-14 06:56:23,2024-02-14 12:28:13.611362063,2024-02-14 19:21:30.899064960,P3,resolved,email,7,1,Operations,security,M365 outage causing login failures across offices.,M365 outage causing login failures across offices. Reported by Amanda from HR.,False,False
640,2024-02-14 11:08:24,2024-02-14 13:05:31.586615649,2024-02-14 13:15:34.321161675,P2,closed,phone,7,6,Finance,security,Label printer feeds blank stock after maintenance.,Label printer feeds blank stock after maintenance. Reported by Joshua from Sales.,False,False
641,2024-02-14 11:09:21,2024-02-14 17:52:50.076517790,2024-02-14 17:11:18.163701072,P3,resolved,phone,6,7,HR,peripherals,VPN client update failed with rollback error.,VPN client update failed with rollback error. Reported by Terri from Finance.,False,False
642,2024-02-14 11:50:55,2024-02-14 16:17:50.834080975,2024-02-14 20:27:18.439609637,P3,resolved,phone,8,9,IT,voice,Conference room display shows no HDMI signal.,Conference room display shows no HDMI signal. Reported by Angela from HR.,False,False
643,2024-02-14 13:53:28,2024-02-14 14:22:14.534318305,2024-02-14 17:39:13.920233720,P1,resolved,email,7,9,Finance,security,Conditional access policy locked out break-glass account.,Conditional access policy locked out break-glass account. Reported by Heidi from HR.,True,False
644,2024-02-14 14:58:51,2024-02-15 02:41:19.170688698,2024-02-17 04:20:41.172563091,P4,resolved,portal,6,1,Warehouse,peripherals,Distribution center users cannot reach file server.,Distribution center users cannot reach file server. Reported by David from Finance.,False,False
645,2024-02-14 15:18:13,2024-02-14 16:28:14.632027126,2024-02-14 19:21:12.474286042,P2,resolved,portal,3,5,IT,network,SSO certificate warning shown on benefits portal.,SSO certificate warning shown on benefits portal. Reported by Miranda from Warehouse.,False,False
646,2024-02-14 16:56:11,2024-02-14 18:33:24.254138015,2024-02-15 09:30:44.103891416,P3,resolved,portal,1,1,IT,identity,Sales laptop webcam missing from device manager.,Sales laptop webcam missing from device manager. Reported by Travis from HR.,False,False
647,2024-02-14 18:25:34,2024-02-15 10:13:11.877301704,,P4,in_progress,portal,6,1,Sales,peripherals,BitLocker recovery key prompt appears at boot.,BitLocker recovery key prompt appears at boot. Reported by Monique from HR.,False,False
648,2024-02-14 19:22:19,2024-02-15 00:04:45.270909672,2024-02-15 04:22:14.099037497,P3,resolved,phone,7,2,HR,security,VPN outage reported by remote finance staff.,VPN outage reported by remote finance staff. Reported by Audrey from Operations.,False,False
649,2024-02-14 23:47:28,2024-02-15 01:48:12.138623838,2024-02-15 03:00:03.851378518,P2,resolved,chat,6,10,Operations,peripherals,Email signatures disappeared for sales team.,Email signatures disappeared for sales team. Reported by Taylor from Finance.,False,False
650,2024-02-15 03:38:46,2024-02-15 05:03:31.746809977,2024-02-15 21:12:21.585366198,P3,resolved,chat,6,3,Finance,peripherals,Single sign-on to HRIS returns invalid relay state.,Single sign-on to HRIS returns invalid relay state. Reported by Scott from Warehouse.,False,False
651,2024-02-15 04:14:11,2024-02-15 07:28:58.443675365,2024-02-17 19:43:27.301491141,P4,resolved,email,6,8,HR,peripherals,Barcode labels printing with incorrect dimensions.,Barcode labels printing with incorrect dimensions. Reported by Jack from Warehouse.,False,False
652,2024-02-15 04:37:46,2024-02-15 23:33:05.204336509,2024-02-17 14:40:29.947657906,P4,resolved,portal,3,8,HR,network,Teams calls dropping audio after two minutes.,Teams calls dropping audio after two minutes. Reported by Brett from Sales.,False,False
653,2024-02-15 06:54:21,2024-02-15 12:16:04.440233781,2024-02-15 19:33:57.548352432,P3,closed,portal,1,9,Warehouse,identity,Teams calls dropping audio after two minutes.,Teams calls dropping audio after two minutes. Reported by Shelley from HR.,False,False
654,2024-02-15 08:36:22,2024-02-15 10:16:30.122963990,2024-02-15 12:20:04.281190228,P2,resolved,portal,6,6,IT,peripherals,Email search indexing incomplete after migration.,Email search indexing incomplete after migration. Reported by Tim from Operations.,False,False
655,2024-02-15 08:51:21,2024-02-15 16:21:15.550962531,2024-02-16 06:47:49.301136842,P3,resolved,phone,8,10,Warehouse,voice,New hire missing access to onboarding portal.,New hire missing access to onboarding portal. Reported by Lynn from Warehouse.,True,False
656,2024-02-15 14:14:49,2024-02-15 17:15:21.032679058,2024-02-15 21:52:34.605372797,P3,resolved,email,2,5,Warehouse,endpoint,Sales laptop webcam missing from device manager.,Sales laptop webcam missing from device manager. Reported by Richard from HR.,False,False
657,2024-02-15 15:28:28,2024-02-15 18:21:08.420157916,2024-02-17 14:03:17.356500721,P4,resolved,email,1,8,HR,identity,Warehouse scanner will not sync picks to WMS.,Warehouse scanner will not sync picks to WMS. Reported by Charles from Warehouse.,False,False
658,2024-02-15 16:52:55,2024-02-16 06:59:17.149745009,2024-02-17 12:07:01.916260105,P4,resolved,phone,6,8,IT,peripherals,Sales laptop webcam missing from device manager.,Sales laptop webcam missing from device manager. Reported by Crystal from Finance.,False,False
659,2024-02-15 18:02:10,2024-02-15 21:58:46.144537262,2024-02-17 04:36:01.492508682,P4,resolved,portal,4,6,Warehouse,saas,Suspicious login alert triggered for finance user.,Suspicious login alert triggered for finance user. Reported by Brian from Warehouse.,False,False
660,2024-02-15 19:52:51,2024-02-16 15:15:44.794741659,2024-02-17 22:33:41.253265549,P4,resolved,portal,8,4,Sales,voice,New Zebra printer not visible to shipping station.,New Zebra printer not visible to shipping station. Reported by Edward from Operations.,False,False
661,2024-02-15 20:41:38,2024-02-15 23:39:40.549830191,2024-02-16 16:47:59.597587906,P3,resolved,phone,4,2,Finance,saas,Procurement team reports ERP attachments missing.,Procurement team reports ERP attachments missing. Reported by Anna from Finance.,False,False
662,2024-02-15 21:47:05,2024-02-16 15:28:19.305858450,2024-02-18 11:34:22.056050266,P4,resolved,chat,5,1,Warehouse,business-apps,Excel add-in blocked by security policy.,Excel add-in blocked by security policy. Reported by Kevin from Sales.,False,False
663,2024-02-15 23:10:23,2024-02-16 01:46:41.045516895,2024-02-16 16:43:31.342574285,P3,resolved,chat,1,5,Sales,identity,Conference room display shows no HDMI signal.,Conference room display shows no HDMI signal. Reported by Victoria from Warehouse.,False,False
664,2024-02-15 23:14:18,2024-02-16 06:25:49.121329106,2024-02-16 10:19:00.071059282,P3,resolved,email,8,4,IT,voice,Sales laptop webcam missing from device manager.,Sales laptop webcam missing from device manager. Reported by David from Sales.,False,False
665,2024-02-15 23:34:43,2024-02-16 13:54:00.066998520,2024-02-18 20:37:31.789897968,P4,closed,portal,3,3,IT,network,Citrix launch freezes on black screen.,Citrix launch freezes on black screen. Reported by Kathy from Finance.,True,False
666,2024-02-16 01:35:53,2024-02-16 14:09:03.486820761,2024-02-18 22:59:47.117852997,P4,closed,portal,4,8,IT,saas,Outlook keeps prompting for password on Mac.,Outlook keeps prompting for password on Mac. Reported by Catherine from Warehouse.,True,False
667,2024-02-16 02:10:28,2024-02-16 18:43:04.284283207,2024-02-18 14:13:50.402368068,P4,resolved,portal,6,2,HR,peripherals,Warehouse scanner will not sync picks to WMS.,Warehouse scanner will not sync picks to WMS. Reported by Krystal from Finance.,False,False
668,2024-02-16 07:15:44,2024-02-16 10:22:53.234892776,2024-02-17 06:12:35.144685987,P3,resolved,portal,7,5,Sales,security,Power BI refresh failing after service account rotation.,Power BI refresh failing after service account rotation. Reported by Jeremiah from Operations.,True,False
669,2024-02-16 07:34:56,2024-02-16 10:40:31.172795073,2024-02-16 14:24:39.671922338,P3,resolved,email,7,5,Finance,security,ERP role request approved but not applied.,ERP role request approved but not applied. Reported by Alexandra from Operations.,False,False
670,2024-02-16 09:54:16,2024-02-17 00:06:23.370777660,2024-02-18 06:36:25.167141736,P4,resolved,email,7,10,HR,security,Outlook keeps prompting for password on Mac.,Outlook keeps prompting for password on Mac. Reported by Shannon from Sales.,False,False
671,2024-02-16 11:04:05,2024-02-16 11:41:33.265757168,2024-02-16 18:05:08.093641212,P2,resolved,portal,1,2,Sales,identity,Intune enrollment stuck on compliance evaluation.,Intune enrollment stuck on compliance evaluation. Reported by Scott from Sales.,False,False
672,2024-02-16 17:27:15,2024-02-16 23:49:51.125684817,2024-02-17 09:28:42.724259881,P3,resolved,portal,1,9,Operations,identity,BitLocker recovery key prompt appears at boot.,BitLocker recovery key prompt appears at boot. Reported by Michelle from Operations.,False,False
673,2024-02-16 18:19:51,2024-02-16 21:42:57.965375931,2024-02-17 07:53:12.201157976,P3,resolved,email,7,7,Finance,security,Phone soft client cannot register after ISP change.,Phone soft client cannot register after ISP change. Reported by Veronica from Sales.,False,False
674,2024-02-17 00:29:45,2024-02-17 01:04:29.351842051,2024-02-17 05:19:57.819320786,P2,resolved,phone,8,8,Sales,voice,Email search indexing incomplete after migration.,Email search indexing incomplete after migration. Reported by Kevin from Finance.,False,False
675,2024-02-17 00:36:11,2024-02-17 02:21:00.774838553,2024-02-17 04:12:06.101021223,P2,resolved,email,5,8,IT,business-apps,VPN outage reported by remote finance staff.,VPN outage reported by remote finance staff. Reported by Christine from Finance.,False,False
676,2024-02-17 00:36:33,2024-02-17 07:43:24.683387151,2024-02-19 21:34:48.618858009,P4,resolved,portal,8,8,Warehouse,voice,User cannot map shared drive from new laptop.,User cannot map shared drive from new laptop. Reported by Chelsea from Warehouse.,True,False
677,2024-02-17 05:10:07,2024-02-17 06:38:49.473111023,2024-02-17 06:27:30.568830023,P1,resolved,portal,3,5,Operations,network,Printer on dock 4 is stuck in offline state.,Printer on dock 4 is stuck in offline state. Reported by Jody from HR.,True,False
678,2024-02-17 06:25:43,2024-02-18 01:39:10.887032462,2024-02-18 13:18:04.832130265,P4,closed,chat,3,6,Sales,network,Laptop blue-screened during payroll export.,Laptop blue-screened during payroll export. Reported by Stacey from Operations.,False,False
679,2024-02-17 07:45:34,2024-02-18 02:55:27.905057408,2024-02-18 23:17:53.989950474,P4,resolved,portal,2,4,HR,endpoint,Slack notifications delayed for customer support queue.,Slack notifications delayed for customer support queue. Reported by Jared from Warehouse.,False,False
680,2024-02-17 08:46:46,2024-02-17 12:46:04.714187204,2024-02-17 16:53:06.584210626,P3,resolved,email,7,10,HR,security,Laptop blue-screened during payroll export.,Laptop blue-screened during payroll export. Reported by Jason from Sales.,False,False
681,2024-02-17 09:31:45,2024-02-17 15:13:03.648670610,2024-02-17 15:45:56.278770698,P3,resolved,email,6,3,Sales,peripherals,Scanner firmware update broke keyboard wedge mode.,Scanner firmware update broke keyboard wedge mode. Reported by Donna from HR.,False,False
682,2024-02-17 12:40:54,2024-02-17 13:19:39.626335256,2024-02-17 14:11:19.516209236,P1,resolved,email,2,6,HR,endpoint,Scanner cradle not charging overnight.,Scanner cradle not charging overnight. Reported by Eric from Finance.,True,False
683,2024-02-17 16:39:21,2024-02-17 19:43:13.536820690,2024-02-20 01:49:52.251040161,P4,resolved,email,8,3,Operations,voice,Warehouse tablet battery draining within one shift.,Warehouse tablet battery draining within one shift. Reported by Glenn from Operations.,False,False
684,2024-02-17 19:52:38,2024-02-17 21:24:05.571330300,2024-02-18 00:10:08.454562842,P2,resolved,portal,1,4,Operations,identity,Citrix launch freezes on black screen.,Citrix launch freezes on black screen. Reported by Charles from Sales.,False,False
685,2024-02-17 22:20:23,2024-02-18 03:29:39.850930590,2024-02-18 10:15:19.862216223,P3,resolved,portal,7,10,Warehouse,security,Scanner cradle not charging overnight.,Scanner cradle not charging overnight. Reported by Aaron from Warehouse.,False,False
686,2024-02-17 22:33:34,2024-02-18 00:47:05.825700684,2024-02-20 13:19:53.824646677,P4,resolved,email,2,2,HR,endpoint,Service account password expired on integration job.,Service account password expired on integration job. Reported by Shannon from HR.,False,False
687,2024-02-17 23:36:01,2024-02-18 06:33:18.425770386,2024-02-18 07:48:17.797029194,P3,resolved,chat,7,9,Finance,security,ERP purchase order screen timing out for AP team.,ERP purchase order screen timing out for AP team. Reported by Brittney from Warehouse.,False,False
688,2024-02-18 04:08:46,2024-02-18 09:19:31.506557768,2024-02-18 21:26:36.016601953,P3,resolved,email,4,9,Warehouse,saas,Service account password expired on integration job.,Service account password expired on integration job. Reported by Kelly from Sales.,False,False
689,2024-02-18 07:53:48,2024-02-18 22:50:38.224911586,2024-02-19 16:44:26.139995853,P4,resolved,phone,2,4,HR,endpoint,Warehouse tablet battery draining within one shift.,Warehouse tablet battery draining within one shift. Reported by Jesse from HR.,False,False
690,2024-02-18 08:03:06,2024-02-18 09:05:51.544475540,2024-02-18 11:19:07.159189010,P2,resolved,portal,1,4,Sales,identity,Spam burst hit shared support inbox this morning.,Spam burst hit shared support inbox this morning. Reported by Jasmine from HR.,False,False
691,2024-02-18 10:01:55,2024-02-18 10:46:50.061574637,2024-02-18 13:28:57.095842200,P2,resolved,portal,5,1,Sales,business-apps,Phone soft client cannot register after ISP change.,Phone soft client cannot register after ISP change. Reported by Jacqueline from Finance.,False,False
692,2024-02-18 12:57:56,2024-02-18 16:00:41.659132480,2024-02-18 20:25:02.625820282,P3,closed,email,2,8,Operations,endpoint,Voicemail transcription unavailable in mobile app.,Voicemail transcription unavailable in mobile app. Reported by Shawn from HR.,False,False
693,2024-02-18 14:51:25,2024-02-19 03:36:25.911421846,2024-02-20 19:25:22.244231457,P4,resolved,portal,4,7,Sales,saas,Spam burst hit shared support inbox this morning.,Spam burst hit shared support inbox this morning. Reported by Grace from Sales.,False,False
694,2024-02-18 15:59:38,2024-02-18 22:55:13.958092170,2024-02-19 14:21:30.655695822,P4,resolved,portal,8,10,Finance,voice,Printer on dock 4 is stuck in offline state.,Printer on dock 4 is stuck in offline state. Reported by Sandra from Finance.,False,False
695,2024-02-18 16:15:41,2024-02-19 04:27:56.398267893,2024-02-20 01:12:41.602318520,P4,closed,phone,8,3,IT,voice,Email search indexing incomplete after migration.,Email search indexing incomplete after migration. Reported by Kristin from Operations.,False,False
696,2024-02-18 16:17:22,2024-02-19 02:26:23.215353710,2024-02-20 16:06:40.276090956,P4,resolved,email,4,4,Warehouse,saas,Shared mailbox permissions disappeared overnight.,Shared mailbox permissions disappeared overnight. Reported by Colleen from HR.,False,False
697,2024-02-18 16:35:03,2024-02-18 17:36:04.280664606,2024-02-18 18:20:43.781816852,P1,resolved,portal,6,7,Sales,peripherals,Distribution center users cannot reach file server.,Distribution center users cannot reach file server. Reported by Donna from Finance.,True,False
698,2024-02-18 17:22:02,2024-02-18 21:37:20.623826025,2024-02-19 00:44:37.496533197,P3,resolved,chat,7,4,Finance,security,New contractor needs temporary access to WMS.,New contractor needs temporary access to WMS. Reported by Sarah from Finance.,False,False
699,2024-02-18 21:56:13,2024-02-18 23:02:08.533452823,2024-02-19 05:01:24.951474546,P2,resolved,portal,5,4,HR,business-apps,Citrix launch freezes on black screen.,Citrix launch freezes on black screen. Reported by Ronald from Operations.,False,False
700,2024-02-18 22:01:09,2024-02-19 02:13:08.357389020,2024-02-20 01:56:11.540438547,P4,resolved,portal,2,2,IT,endpoint,Scanner firmware update broke keyboard wedge mode.,Scanner firmware update broke keyboard wedge mode. Reported by Amy from Warehouse.,False,False
701,2024-02-19 01:22:25,2024-02-19 07:13:12.482188712,2024-02-19 21:20:36.485659950,P4,resolved,phone,7,10,Operations,security,Printer on dock 4 is stuck in offline state.,Printer on dock 4 is stuck in offline state. Reported by Deborah from Sales.,False,False
702,2024-02-19 02:30:20,2024-02-19 05:07:47.040974358,2024-02-19 09:51:40.869211451,P3,resolved,portal,1,5,HR,identity,VPN fails only for users in Phoenix office.,VPN fails only for users in Phoenix office. Reported by Rebekah from Operations.,False,False
703,2024-02-19 05:26:36,2024-02-19 16:59:00.452939875,2024-02-21 23:35:14.117143867,P4,resolved,email,5,8,Warehouse,business-apps,User cannot map shared drive from new laptop.,User cannot map shared drive from new laptop. Reported by Margaret from Warehouse.,True,False
704,2024-02-19 06:05:40,2024-02-19 13:58:54.619202036,2024-02-19 18:10:44.346282529,P3,resolved,phone,7,7,IT,security,Scanner cradle not charging overnight.,Scanner cradle not charging overnight. Reported by Charles from Sales.,False,False
705,2024-02-19 06:45:37,2024-02-19 09:44:22.712420032,2024-02-19 13:45:13.190783150,P2,resolved,email,5,6,Warehouse,business-apps,Service account password expired on integration job.,Service account password expired on integration job. Reported by Gabriel from HR.,False,False
706,2024-02-19 08:40:12,2024-02-19 15:49:51.275447068,2024-02-19 16:11:20.012187692,P3,resolved,chat,3,4,HR,network,VPN disconnects every 15 minutes on hotel Wi-Fi.,VPN disconnects every 15 minutes on hotel Wi-Fi. Reported by Kyle from Operations.,False,False
707,2024-02-19 08:48:58,2024-02-19 19:01:31.192214851,,P4,pending,email,4,4,Sales,saas,Email signatures disappeared for sales team.,Email signatures disappeared for sales team. Reported by Kaitlyn from Warehouse.,False,False
708,2024-02-19 09:58:31,2024-02-19 13:11:16.915258549,2024-02-19 23:41:30.692360615,P3,closed,email,4,5,Operations,saas,Outlook keeps prompting for password on Mac.,Outlook keeps prompting for password on Mac. Reported by Ashley from Warehouse.,False,False
709,2024-02-19 12:20:15,2024-02-19 12:57:04.469036457,2024-02-19 14:24:37.276307229,P1,closed,email,6,2,Operations,peripherals,Conference room display shows no HDMI signal.,Conference room display shows no HDMI signal. Reported by Keith from Warehouse.,True,False
710,2024-02-19 13:12:32,2024-02-20 00:34:34.777786893,,P4,in_progress,chat,8,6,HR,voice,M365 outage causing login failures across offices.,M365 outage causing login failures across offices. Reported by David from Finance.,False,False
711,2024-02-19 14:22:17,2024-02-19 22:07:43.537075334,2024-02-20 01:49:42.331563360,P3,closed,email,7,1,IT,security,MFA push not arriving on replacement phone.,MFA push not arriving on replacement phone. Reported by Haley from HR.,False,False
712,2024-02-19 15:14:46,2024-02-19 17:11:42.663558530,2024-02-20 09:23:46.747160228,P3,closed,email,3,3,Finance,network,Teams calls dropping audio after two minutes.,Teams calls dropping audio after two minutes. Reported by Holly from Warehouse.,False,False
713,2024-02-19 15:15:14,2024-02-19 21:26:27.343718602,2024-02-21 05:03:21.161269461,P4,resolved,email,1,7,HR,identity,Power BI refresh failing after service account rotation.,Power BI refresh failing after service account rotation. Reported by Sherri from Warehouse.,False,False
714,2024-02-19 16:52:23,2024-02-19 19:19:18.946597150,2024-02-20 15:34:42.972525611,P3,resolved,email,4,1,Operations,saas,Warehouse tablet battery draining within one shift.,Warehouse tablet battery draining within one shift. Reported by Vincent from Operations.,True,False
715,2024-02-19 17:02:28,2024-02-19 21:49:54.243173388,2024-02-20 02:06:40.835427160,P3,resolved,email,7,1,Sales,security,Slack notifications delayed for customer support queue.,Slack notifications delayed for customer support queue. Reported by Troy from Sales.,False,False
716,2024-02-19 17:04:04,2024-02-19 18:18:34.593985226,,P2,in_progress,phone,6,3,Finance,peripherals,Teams channels inaccessible during tenant incident.,Teams channels inaccessible during tenant incident. Reported by Christopher from Sales.,False,False
717,2024-02-19 17:13:15,2024-02-19 22:16:44.700462672,2024-02-21 05:48:19.201958950,P4,resolved,chat,3,8,IT,network,CEO calendar delegate can no longer edit events.,CEO calendar delegate can no longer edit events. Reported by Bill from Sales.,False,False
718,2024-02-19 18:48:54,2024-02-19 19:58:57.593799854,2024-02-20 05:48:46.911167528,P3,resolved,email,1,9,Warehouse,identity,Intune enrollment stuck on compliance evaluation.,Intune enrollment stuck on compliance evaluation. Reported by Ryan from HR.,False,False
719,2024-02-19 19:43:13,2024-02-20 02:37:42.633043956,2024-02-22 05:50:37.827188324,P4,resolved,email,3,1,Finance,network,Barcode labels printing with incorrect dimensions.,Barcode labels printing with incorrect dimensions. Reported by Marcus from HR.,False,False
720,2024-02-19 22:51:13,2024-02-20 07:39:45.341388133,2024-02-22 16:16:44.469314443,P4,resolved,email,6,3,HR,peripherals,Sales laptop webcam missing from device manager.,Sales laptop webcam missing from device manager. Reported by John from Finance.,True,False
721,2024-02-19 23:53:38,2024-02-20 00:53:13.813599915,2024-02-20 02:19:50.878087596,P1,resolved,email,6,1,IT,peripherals,Warehouse RF gun drops Wi-Fi in aisle B.,Warehouse RF gun drops Wi-Fi in aisle B. Reported by Christopher from Operations.,True,False
722,2024-02-20 00:06:05,2024-02-20 11:38:58.235061915,2024-02-20 23:48:07.729860711,P4,resolved,email,4,1,HR,saas,Intune enrollment stuck on compliance evaluation.,Intune enrollment stuck on compliance evaluation. Reported by Suzanne from Sales.,False,False
723,2024-02-20 01:17:05,2024-02-20 04:53:01.253648382,2024-02-22 06:48:00.049865336,P4,resolved,phone,3,10,Operations,network,Shared mailbox permissions disappeared overnight.,Shared mailbox permissions disappeared overnight. Reported by Mary from Operations.,False,False
724,2024-02-20 05:52:42,2024-02-20 18:59:47.281915731,2024-02-21 15:46:16.067391118,P4,resolved,email,2,5,HR,endpoint,New hire missing access to onboarding portal.,New hire missing access to onboarding portal. Reported by Barbara from Warehouse.,False,False
725,2024-02-20 06:03:04,2024-02-20 08:40:52.002066101,2024-02-20 13:10:26.707673165,P3,resolved,portal,8,8,Warehouse,voice,Distribution center users cannot reach file server.,Distribution center users cannot reach file server. Reported by Stephanie from HR.,False,False
726,2024-02-20 06:24:41,2024-02-20 12:02:50.483675334,2024-02-20 20:19:03.595947282,P3,closed,chat,4,7,Warehouse,saas,Service account password expired on integration job.,Service account password expired on integration job. Reported by Yvonne from Sales.,False,False
727,2024-02-20 10:13:38,2024-02-21 03:33:56.999535290,2024-02-21 15:47:36.339798423,P4,resolved,email,7,5,IT,security,Payroll batch job missed scheduled overnight window.,Payroll batch job missed scheduled overnight window. Reported by Emily from HR.,False,False
728,2024-02-20 16:42:05,2024-02-20 22:14:39.515424859,2024-02-23 01:10:47.973125304,P4,resolved,chat,4,8,IT,saas,Mailbox forwarding rule recreated after removal.,Mailbox forwarding rule recreated after removal. Reported by Joseph from Operations.,False,False
729,2024-02-20 17:01:48,2024-02-21 07:09:35.068781977,2024-02-23 06:21:41.926727008,P4,resolved,chat,5,3,Warehouse,business-apps,Warehouse tablet battery draining within one shift.,Warehouse tablet battery draining within one shift. Reported by Billy from Finance.,False,False
730,2024-02-20 17:07:50,2024-02-20 18:19:33.732651077,2024-02-21 15:40:25.440183824,P3,resolved,email,6,5,IT,peripherals,Email search indexing incomplete after migration.,Email search indexing incomplete after migration. Reported by Katelyn from HR.,True,False
731,2024-02-20 18:28:09,2024-02-21 01:00:03.357780568,2024-02-21 16:11:51.521586675,P3,resolved,chat,3,4,Finance,network,Shared mailbox permissions disappeared overnight.,Shared mailbox permissions disappeared overnight. Reported by Thomas from HR.,True,False
732,2024-02-20 19:44:48,2024-02-21 00:25:10.210832391,2024-02-21 06:53:40.128120206,P3,closed,email,8,6,Warehouse,voice,Suspicious login alert triggered for finance user.,Suspicious login alert triggered for finance user. Reported by Denise from Finance.,False,False
733,2024-02-20 21:16:56,2024-02-21 08:31:59.076980033,2024-02-21 19:25:27.451130693,P4,resolved,email,4,3,HR,saas,Voicemail transcription unavailable in mobile app.,Voicemail transcription unavailable in mobile app. Reported by Sabrina from Operations.,False,False
734,2024-02-20 23:05:51,2024-02-21 17:11:20.813509878,2024-02-22 13:11:43.968611349,P4,closed,chat,7,8,Sales,security,Password reset loop continues after successful change.,Password reset loop continues after successful change. Reported by Howard from Finance.,False,False
735,2024-02-20 23:22:17,2024-02-21 05:42:07.598290582,2024-02-23 08:04:30.674170876,P4,resolved,chat,8,9,Sales,voice,Label printer feeds blank stock after maintenance.,Label printer feeds blank stock after maintenance. Reported by Brenda from Finance.,False,False
736,2024-02-20 23:54:25,2024-02-21 02:59:56.784719149,2024-02-21 07:58:30.405052334,P3,resolved,email,4,9,Finance,saas,Citrix launch freezes on black screen.,Citrix launch freezes on black screen. Reported by Cynthia from Warehouse.,False,False
737,2024-02-20 23:55:35,2024-02-21 10:59:28.219426907,2024-02-22 10:05:28.684028892,P4,resolved,email,2,9,HR,endpoint,Single sign-on to HRIS returns invalid relay state.,Single sign-on to HRIS returns invalid relay state. Reported by Travis from Finance.,False,False
738,2024-02-21 02:08:14,2024-02-21 04:51:05.190716315,2024-02-21 06:17:32.836141040,P2,resolved,phone,8,7,Operations,voice,Outlook keeps prompting for password on Mac.,Outlook keeps prompting for password on Mac. Reported by Christopher from HR.,False,False
739,2024-02-21 02:43:49,2024-02-21 05:59:00.098443801,2024-02-21 12:41:50.848865821,P3,resolved,portal,7,8,Finance,security,Slack notifications delayed for customer support queue.,Slack notifications delayed for customer support queue. Reported by Michael from Sales.,False,False
740,2024-02-21 04:40:51,2024-02-21 10:33:52.219595636,2024-02-22 02:45:37.257812479,P3,resolved,portal,7,7,IT,security,Password reset loop continues after successful change.,Password reset loop continues after successful change. Reported by Mathew from HR.,True,False
741,2024-02-21 06:47:16,2024-02-21 09:59:40.182773293,,P3,pending,portal,8,10,IT,voice,ERP role request approved but not applied.,ERP role request approved but not applied. Reported by Elizabeth from Operations.,False,False
742,2024-02-21 11:36:43,2024-02-21 23:11:10.384339615,2024-02-22 11:04:47.070787639,P4,resolved,portal,1,1,Operations,identity,VPN client update failed with rollback error.,VPN client update failed with rollback error. Reported by Mia from Sales.,False,False
743,2024-02-21 20:47:45,2024-02-21 22:29:46.159318868,,P3,pending,portal,8,2,Finance,voice,Citrix launch freezes on black screen.,Citrix launch freezes on black screen. Reported by Mark from Warehouse.,False,False
744,2024-02-22 00:46:06,2024-02-22 01:47:01.518193144,2024-02-22 07:27:37.330550727,P2,resolved,email,1,5,Finance,identity,Scanner cradle not charging overnight.,Scanner cradle not charging overnight. Reported by Heather from Sales.,False,False
745,2024-02-22 03:30:18,2024-02-22 11:29:37.621568000,2024-02-22 19:55:43.949130110,P3,resolved,email,2,7,Finance,endpoint,Customer portal SSO redirects to blank page.,Customer portal SSO redirects to blank page. Reported by Keith from HR.,False,False
746,2024-02-22 06:09:46,2024-02-22 10:49:30.180678887,2024-02-22 23:35:24.627684241,P3,resolved,portal,2,9,Finance,endpoint,Customer portal SSO redirects to blank page.,Customer portal SSO redirects to blank page. Reported by Sierra from HR.,False,False
747,2024-02-22 06:12:24,2024-02-22 19:02:32.972119359,2024-02-24 07:11:12.226352952,P4,closed,chat,1,1,Warehouse,identity,Single sign-on to HRIS returns invalid relay state.,Single sign-on to HRIS returns invalid relay state. Reported by Lisa from Finance.,False,False
748,2024-02-22 09:41:56,2024-02-22 17:02:41.200971266,,P3,in_progress,chat,1,2,Warehouse,identity,Procurement team reports ERP attachments missing.,Procurement team reports ERP attachments missing. Reported by Andrea from HR.,False,False
749,2024-02-22 14:56:12,2024-02-22 22:04:42.417495273,2024-02-22 21:55:09.090967410,P3,resolved,portal,2,9,HR,endpoint,Teams channels inaccessible during tenant incident.,Teams channels inaccessible during tenant incident. Reported by Shawn from Finance.,False,False
750,2024-02-22 15:17:58,2024-02-22 17:59:31.964121320,2024-02-22 17:23:50.628192041,P2,resolved,portal,4,4,Finance,saas,VPN outage reported by remote finance staff.,VPN outage reported by remote finance staff. Reported by Leonard from HR.,False,False
751,2024-02-22 18:34:41,2024-02-23 10:45:26.690756679,2024-02-24 06:16:41.015541462,P4,resolved,email,3,1,IT,network,Teams meeting room camera flickers after restart.,Teams meeting room camera flickers after restart. Reported by Marcus from Sales.,False,False
752,2024-02-22 19:24:01,2024-02-23 00:50:43.179965112,2024-02-23 12:12:41.762583262,P3,resolved,chat,3,7,IT,network,Email quarantine released but message still missing.,Email quarantine released but message still missing. Reported by Tara from Finance.,False,False
753,2024-02-22 21:08:02,2024-02-22 22:11:37.097626253,2024-02-23 09:26:14.496709887,P3,resolved,phone,2,9,HR,endpoint,MFA push not arriving on replacement phone.,MFA push not arriving on replacement phone. Reported by Richard from Finance.,False,False
754,2024-02-22 21:53:47,2024-02-22 23:12:08.462217617,2024-02-23 10:12:44.204787680,P3,resolved,chat,8,10,IT,voice,Voicemail transcription unavailable in mobile app.,Voicemail transcription unavailable in mobile app. Reported by Xavier from Warehouse.,False,False
755,2024-02-22 22:40:31,2024-02-23 06:23:30.826000636,2024-02-23 14:51:01.382405737,P3,resolved,phone,3,9,Operations,network,Slack notifications delayed for customer support queue.,Slack notifications delayed for customer support queue. Reported by Vanessa from HR.,False,False
756,2024-02-22 22:57:50,2024-02-23 03:02:31.858300398,2024-02-23 21:08:29.865607097,P3,closed,phone,4,1,Finance,saas,Phone soft client cannot register after ISP change.,Phone soft client cannot register after ISP change. Reported by Diane from Finance.,True,False
757,2024-02-23 03:40:48,2024-02-23 04:23:09.253619894,2024-02-23 07:18:17.361871336,P2,resolved,email,2,2,IT,endpoint,Warehouse scanner will not sync picks to WMS.,Warehouse scanner will not sync picks to WMS. Reported by Amy from Operations.,False,False
758,2024-02-23 03:56:14,2024-02-23 07:21:46.502380790,2024-02-24 22:11:41.744474549,P4,resolved,portal,2,9,Operations,endpoint,Teams meeting room camera flickers after restart.,Teams meeting room camera flickers after restart. Reported by Robert from Operations.,False,False
759,2024-02-23 04:05:41,2024-02-23 06:53:55.038571793,2024-02-24 03:01:56.232893554,P3,resolved,portal,2,7,Finance,endpoint,Teams channels inaccessible during tenant incident.,Teams channels inaccessible during tenant incident. Reported by Jacob from Sales.,True,False
760,2024-02-23 06:03:59,2024-02-23 07:25:58.906955315,2024-02-23 21:18:17.482895963,P3,resolved,portal,8,3,IT,voice,Outlook keeps prompting for password on Mac.,Outlook keeps prompting for password on Mac. Reported by Michael from Finance.,False,False
761,2024-02-23 06:26:17,2024-02-23 20:41:33.235525203,2024-02-24 00:48:35.796720227,P4,resolved,chat,2,4,Finance,endpoint,SSO certificate warning shown on benefits portal.,SSO certificate warning shown on benefits portal. Reported by Katherine from HR.,False,False
762,2024-02-23 06:33:29,2024-02-23 09:22:07.037540697,2024-02-23 23:45:31.321322170,P3,resolved,email,5,9,Sales,business-apps,Teams meeting room camera flickers after restart.,Teams meeting room camera flickers after restart. Reported by Colleen from HR.,False,False
763,2024-02-23 07:06:47,2024-02-23 13:38:58.516690605,2024-02-24 02:00:25.296708238,P3,resolved,email,5,10,Warehouse,business-apps,Scanner cradle not charging overnight.,Scanner cradle not charging overnight. Reported by Kathleen from Operations.,False,False
764,2024-02-23 12:06:22,2024-02-23 18:33:32.446820491,2024-02-24 00:32:07.811157520,P3,resolved,email,1,9,Operations,identity,Barcode labels printing with incorrect dimensions.,Barcode labels printing with incorrect dimensions. Reported by James from Operations.,False,False
765,2024-02-23 12:22:24,2024-02-23 14:05:36.146399454,2024-02-24 08:38:45.809512333,P3,resolved,email,3,5,Finance,network,Distribution center users cannot reach file server.,Distribution center users cannot reach file server. Reported by Andrea from Sales.,False,False
766,2024-02-23 12:31:06,2024-02-23 13:47:05.627303150,2024-02-23 13:28:19.397847015,P1,resolved,portal,1,8,Warehouse,identity,Label printer feeds blank stock after maintenance.,Label printer feeds blank stock after maintenance. Reported by Sara from Operations.,True,False
767,2024-02-23 13:55:11,2024-02-23 16:03:12.736248675,2024-02-26 06:28:34.410470538,P4,resolved,email,2,1,Sales,endpoint,ERP role request approved but not applied.,ERP role request approved but not applied. Reported by Samuel from Sales.,False,False
768,2024-02-23 14:27:03,2024-02-23 21:05:51.382363262,2024-02-24 05:40:42.516901258,P3,resolved,email,6,10,Sales,peripherals,Teams calls dropping audio after two minutes.,Teams calls dropping audio after two minutes. Reported by Helen from Warehouse.,False,False
769,2024-02-23 14:36:31,2024-02-24 07:45:03.534331147,2024-02-24 13:46:12.544103302,P4,resolved,portal,5,3,Warehouse,business-apps,Cannot sign in to Okta after password reset.,Cannot sign in to Okta after password reset. Reported by David from HR.,False,False
770,2024-02-23 15:06:46,2024-02-24 05:22:53.341105525,2024-02-25 21:10:21.179394076,P4,resolved,portal,4,10,HR,saas,Printer on dock 4 is stuck in offline state.,Printer on dock 4 is stuck in offline state. Reported by Teresa from Finance.,False,False
771,2024-02-23 17:30:54,2024-02-23 18:49:07.831208715,2024-02-23 19:42:55.680451207,P1,resolved,portal,2,1,Operations,endpoint,Laptop blue-screened during payroll export.,Laptop blue-screened during payroll export. Reported by Chelsea from Sales.,True,False
772,2024-02-23 20:23:00,2024-02-24 00:10:12.289152526,2024-02-24 22:11:05.606526265,P4,resolved,email,5,10,IT,business-apps,Barcode labels printing with incorrect dimensions.,Barcode labels printing with incorrect dimensions. Reported by John from HR.,False,False
773,2024-02-23 21:16:28,2024-02-23 22:51:40.787655139,2024-02-24 00:01:28.797158929,P2,resolved,phone,8,6,IT,voice,Sales laptop webcam missing from device manager.,Sales laptop webcam missing from device manager. Reported by Eric from Sales.,False,False
774,2024-02-24 00:48:26,2024-02-24 02:43:31.573454142,2024-02-24 20:14:07.844103867,P3,resolved,email,7,6,Operations,security,Distribution center users cannot reach file server.,Distribution center users cannot reach file server. Reported by Andrea from Operations.,False,False
775,2024-02-24 01:38:06,2024-02-24 04:11:56.456330787,2024-02-25 03:51:07.928979681,P4,closed,portal,2,7,Finance,endpoint,Teams channels inaccessible during tenant incident.,Teams channels inaccessible during tenant incident. Reported by Andrea from Warehouse.,False,False
776,2024-02-24 01:50:32,2024-02-24 04:20:54.809116275,2024-02-24 06:39:21.875185952,P2,resolved,phone,6,5,Operations,peripherals,New hire missing access to onboarding portal.,New hire missing access to onboarding portal. Reported by Christopher from Finance.,False,False
777,2024-02-24 01:56:59,2024-02-24 17:34:21.949514393,2024-02-26 01:36:09.157471172,P4,closed,phone,2,10,Sales,endpoint,Service account password expired on integration job.,Service account password expired on integration job. Reported by Victoria from HR.,False,False
778,2024-02-24 05:32:40,2024-02-24 12:42:42.832000744,2024-02-24 15:23:50.020502684,P3,resolved,portal,7,2,Finance,security,Cannot sign in to Okta after password reset.,Cannot sign in to Okta after password reset. Reported by Robin from Operations.,False,False
779,2024-02-24 05:46:28,2024-02-24 10:33:35.503974912,2024-02-25 01:52:16.778932926,P3,resolved,email,4,7,Warehouse,saas,New contractor needs temporary access to WMS.,New contractor needs temporary access to WMS. Reported by Steven from Finance.,False,False
780,2024-02-24 06:25:43,2024-02-24 07:25:44.706642769,2024-02-24 07:46:11.250361153,P1,closed,chat,6,3,Finance,peripherals,VPN outage reported by remote finance staff.,VPN outage reported by remote finance staff. Reported by David from Sales.,True,False
781,2024-02-24 07:59:39,2024-02-24 15:56:56.825600559,2024-02-24 23:44:07.783156243,P3,closed,portal,5,1,IT,business-apps,Phone soft client cannot register after ISP change.,Phone soft client cannot register after ISP change. Reported by Marilyn from Operations.,False,False
782,2024-02-24 09:59:08,2024-02-24 13:48:48.645257776,2024-02-24 20:04:17.908774300,P3,resolved,chat,6,7,HR,peripherals,Warehouse RF gun drops Wi-Fi in aisle B.,Warehouse RF gun drops Wi-Fi in aisle B. Reported by Tyrone from Operations.,False,False
783,2024-02-24 10:36:22,2024-02-24 17:13:16.751354214,2024-02-25 01:22:45.002932230,P3,resolved,portal,8,7,IT,voice,Voicemail transcription unavailable in mobile app.,Voicemail transcription unavailable in mobile app. Reported by Jennifer from Operations.,False,False
784,2024-02-24 12:49:14,2024-02-24 18:57:41.142538539,2024-02-25 01:22:22.127929624,P3,resolved,phone,2,2,Warehouse,endpoint,Payroll batch job missed scheduled overnight window.,Payroll batch job missed scheduled overnight window. Reported by William from Warehouse.,False,False
785,2024-02-24 15:48:05,2024-02-24 16:00:16.004510243,2024-02-24 17:45:46.106295810,P1,resolved,phone,8,8,HR,voice,M365 outage causing login failures across offices.,M365 outage causing login failures across offices. Reported by Joshua from Finance.,True,False
786,2024-02-24 15:51:29,2024-02-24 18:49:23.936338482,2024-02-26 14:40:37.876014496,P4,resolved,chat,4,10,Sales,saas,MFA push not arriving on replacement phone.,MFA push not arriving on replacement phone. Reported by Mary from Operations.,False,False
787,2024-02-24 15:56:56,2024-02-24 17:01:05.696827301,2024-02-25 05:07:03.897721055,P3,resolved,phone,2,7,Warehouse,endpoint,Finance cannot export month-end AP aging report.,Finance cannot export month-end AP aging report. Reported by Tina from Finance.,False,False
788,2024-02-24 19:07:16,2024-02-25 01:54:32.042980429,2024-02-25 14:26:58.464115886,P3,resolved,portal,4,3,Operations,saas,Label printer feeds blank stock after maintenance.,Label printer feeds blank stock after maintenance. Reported by John from Sales.,False,False
789,2024-02-24 22:45:00,2024-02-25 01:37:33.436119946,2024-02-25 22:58:20.908931235,P4,resolved,email,1,1,HR,identity,New hire missing access to onboarding portal.,New hire missing access to onboarding portal. Reported by Andrea from Finance.,False,False
790,2024-02-25 00:21:26,2024-02-25 14:38:27.534232104,2024-02-27 22:15:44.938717942,P4,resolved,portal,5,1,HR,business-apps,Scanner firmware update broke keyboard wedge mode.,Scanner firmware update broke keyboard wedge mode. Reported by Patrick from HR.,True,False
791,2024-02-25 01:18:49,2024-02-25 13:21:15.212126506,2024-02-26 15:46:05.172044045,P4,resolved,portal,4,7,Finance,saas,Service account password expired on integration job.,Service account password expired on integration job. Reported by Sandra from Sales.,False,False
792,2024-02-25 02:33:25,2024-02-25 11:47:19.722030880,2024-02-26 21:17:12.430343981,P4,closed,portal,4,3,Warehouse,saas,Teams channels inaccessible during tenant incident.,Teams channels inaccessible during tenant incident. Reported by William from Operations.,False,False
793,2024-02-25 04:01:22,2024-02-25 10:27:45.232227308,2024-02-25 19:49:59.472388494,P3,closed,email,4,4,Finance,saas,Conference room display shows no HDMI signal.,Conference room display shows no HDMI signal. Reported by Natasha from Warehouse.,False,False
794,2024-02-25 05:34:59,2024-02-25 06:43:46.412502386,2024-02-25 13:29:26.879733854,P3,resolved,portal,5,1,IT,business-apps,Outlook keeps prompting for password on Mac.,Outlook keeps prompting for password on Mac. Reported by Michelle from HR.,False,False
795,2024-02-25 06:14:22,2024-02-26 00:58:37.482732604,2024-02-26 11:50:11.872060247,P4,resolved,email,7,5,IT,security,Warehouse RF gun drops Wi-Fi in aisle B.,Warehouse RF gun drops Wi-Fi in aisle B. Reported by Joshua from Finance.,False,False
796,2024-02-25 11:07:29,2024-02-25 13:38:27.227847675,2024-02-25 15:44:42.512867016,P2,resolved,chat,4,2,IT,saas,Warehouse scanner will not sync picks to WMS.,Warehouse scanner will not sync picks to WMS. Reported by Kristy from HR.,False,False
797,2024-02-25 12:15:02,2024-02-26 01:37:41.633660998,2024-02-26 12:46:25.366396017,P4,resolved,phone,1,5,IT,identity,Teams channels inaccessible during tenant incident.,Teams channels inaccessible during tenant incident. Reported by Robert from HR.,False,False
798,2024-02-25 12:55:32,2024-02-25 13:10:58.329238841,2024-02-25 15:55:23.468327438,P1,closed,email,5,6,Sales,business-apps,Scanner firmware update broke keyboard wedge mode.,Scanner firmware update broke keyboard wedge mode. Reported by Sarah from Warehouse.,True,False
799,2024-02-25 15:26:05,2024-02-26 04:54:25.039057799,2024-02-27 17:43:03.224042498,P4,resolved,chat,8,10,IT,voice,VPN client update failed with rollback error.,VPN client update failed with rollback error. Reported by William from HR.,False,False
800,2024-02-25 20:28:52,2024-02-26 13:29:45.225042356,2024-02-28 14:56:57.006881668,P4,resolved,email,4,3,IT,saas,Warehouse RF gun drops Wi-Fi in aisle B.,Warehouse RF gun drops Wi-Fi in aisle B. Reported by Lori from Warehouse.,True,False
801,2024-02-25 21:04:22,2024-02-26 03:01:02.581127338,,P3,pending,portal,1,4,Warehouse,identity,Barcode labels printing with incorrect dimensions.,Barcode labels printing with incorrect dimensions. Reported by Justin from HR.,False,False
802,2024-02-25 22:29:05,2024-02-26 05:48:35.455729824,2024-02-26 18:56:47.518693214,P3,resolved,phone,8,9,HR,voice,Payroll batch job missed scheduled overnight window.,Payroll batch job missed scheduled overnight window. Reported by Kenneth from Finance.,False,False
803,2024-02-25 23:30:33,2024-02-26 07:55:04.250001481,,P4,pending,email,4,10,HR,saas,Password reset loop continues after successful change.,Password reset loop continues after successful change. Reported by Brenda from Finance.,False,False
804,2024-02-26 01:30:37,2024-02-26 11:37:21.482180129,2024-02-28 02:15:56.805200088,P4,resolved,email,3,5,Warehouse,network,Warehouse RF gun drops Wi-Fi in aisle B.,Warehouse RF gun drops Wi-Fi in aisle B. Reported by Yolanda from Sales.,False,False
805,2024-02-26 06:40:45,2024-02-26 19:01:20.352321050,2024-02-27 01:29:20.538387130,P4,resolved,phone,3,4,IT,network,Email search indexing incomplete after migration.,Email search indexing incomplete after migration. Reported by Tracy from HR.,False,False
806,2024-02-26 07:26:02,2024-02-27 00:17:40.976431853,2024-02-27 18:11:25.354537385,P4,resolved,email,6,8,Sales,peripherals,ERP role request approved but not applied.,ERP role request approved but not applied. Reported by Edgar from Operations.,False,False
807,2024-02-26 07:48:16,2024-02-26 08:03:29.967035250,2024-02-26 08:42:11.706488234,P1,resolved,email,2,8,Sales,endpoint,Finance cannot export month-end AP aging report.,Finance cannot export month-end AP aging report. Reported by Amanda from Operations.,True,False
808,2024-02-26 08:26:09,2024-02-26 08:56:59.211899866,,P2,in_progress,portal,5,8,Operations,business-apps,Intune enrollment stuck on compliance evaluation.,Intune enrollment stuck on compliance evaluation. Reported by Michael from Sales.,False,False
809,2024-02-26 08:38:50,2024-02-26 15:36:09.934634736,2024-02-26 20:42:59.828144379,P3,resolved,email,3,7,HR,network,Sales laptop webcam missing from device manager.,Sales laptop webcam missing from device manager. Reported by Andrea from Sales.,False,False
810,2024-02-26 09:14:23,2024-02-26 15:17:17.998147176,2024-02-26 17:06:22.882071352,P3,resolved,email,4,2,Sales,saas,Intune enrollment stuck on compliance evaluation.,Intune enrollment stuck on compliance evaluation. Reported by Amy from Finance.,False,False
811,2024-02-26 13:08:18,2024-02-26 20:51:09.261175425,2024-02-27 07:50:53.232514196,P3,resolved,chat,2,3,HR,endpoint,Citrix launch freezes on black screen.,Citrix launch freezes on black screen. Reported by Stanley from Operations.,False,False
812,2024-02-26 15:57:04,2024-02-26 23:12:50.186731064,2024-02-27 03:57:55.404514048,P3,resolved,portal,7,1,Operations,security,Power BI refresh failing after service account rotation.,Power BI refresh failing after service account rotation. Reported by Marc from Finance.,False,False
813,2024-02-26 16:22:30,2024-02-26 20:32:42.217876993,2024-02-27 11:51:28.348674177,P4,closed,portal,4,4,HR,saas,M365 outage causing login failures across offices.,M365 outage causing login failures across offices. Reported by Jacob from Finance.,False,False
814,2024-02-26 18:55:40,2024-02-26 19:26:10.860512797,2024-02-27 01:25:23.048751229,P2,resolved,chat,8,9,Operations,voice,Shared mailbox permissions disappeared overnight.,Shared mailbox permissions disappeared overnight. Reported by Heidi from Operations.,False,False
815,2024-02-26 22:01:38,2024-02-27 06:00:51.476156712,2024-02-28 08:30:39.788624650,P4,resolved,email,7,3,Sales,security,M365 outage causing login failures across offices.,M365 outage causing login failures across offices. Reported by Ashley from Operations.,False,False
816,2024-02-26 23:35:47,2024-02-27 07:34:42.451301574,2024-02-27 08:25:03.898708917,P3,resolved,portal,7,8,IT,security,Shared mailbox permissions disappeared overnight.,Shared mailbox permissions disappeared overnight. Reported by Jesus from HR.,False,False
817,2024-02-27 01:07:00,2024-02-27 03:05:37.270965360,2024-02-27 09:15:06.851969779,P3,resolved,phone,4,5,Operations,saas,Print queue stalled for shipping label batch.,Print queue stalled for shipping label batch. Reported by Kimberly from Finance.,False,False
818,2024-02-27 02:56:00,2024-02-27 04:10:44.872045440,2024-02-27 05:49:50.650113937,P1,resolved,chat,8,2,Warehouse,voice,Procurement team reports ERP attachments missing.,Procurement team reports ERP attachments missing. Reported by Bradley from Sales.,True,False
819,2024-02-27 03:07:28,2024-02-27 19:56:41.819177164,,P4,in_progress,portal,5,3,Finance,business-apps,Distribution center users cannot reach file server.,Distribution center users cannot reach file server. Reported by Julie from HR.,False,False
820,2024-02-27 12:12:32,2024-02-27 22:07:54.366518862,2024-02-29 00:06:04.745257178,P4,closed,portal,4,7,Warehouse,saas,User cannot map shared drive from new laptop.,User cannot map shared drive from new laptop. Reported by Janet from Operations.,False,False
821,2024-02-27 15:31:25,2024-02-27 18:28:45.699172651,,P3,in_progress,chat,3,8,Operations,network,CEO calendar delegate can no longer edit events.,CEO calendar delegate can no longer edit events. Reported by Lisa from Warehouse.,False,False
822,2024-02-27 16:35:54,2024-02-27 18:38:08.754585807,2024-02-28 01:42:10.907403106,P3,resolved,portal,8,4,Finance,voice,Intune enrollment stuck on compliance evaluation.,Intune enrollment stuck on compliance evaluation. Reported by Paul from Finance.,False,False
823,2024-02-27 16:53:59,2024-02-27 18:11:03.081510716,2024-02-28 08:00:04.481094723,P3,resolved,email,3,10,IT,network,SSO certificate warning shown on benefits portal.,SSO certificate warning shown on benefits portal. Reported by Elizabeth from Warehouse.,False,False
824,2024-02-27 18:07:32,2024-02-28 01:57:56.645648058,,P3,in_progress,portal,8,1,Sales,voice,Slack notifications delayed for customer support queue.,Slack notifications delayed for customer support queue. Reported by Lori from Finance.,True,False
825,2024-02-27 18:34:46,2024-02-27 22:38:47.928499682,2024-02-28 04:25:15.598534931,P3,resolved,email,2,6,Sales,endpoint,Barcode labels printing with incorrect dimensions.,Barcode labels printing with incorrect dimensions. Reported by Tina from Operations.,False,False
826,2024-02-28 00:56:38,2024-02-28 03:58:28.640566217,,P3,pending,phone,7,3,IT,security,Label printer feeds blank stock after maintenance.,Label printer feeds blank stock after maintenance. Reported by Tyler from Warehouse.,False,False
827,2024-02-28 01:05:25,2024-02-28 03:06:30.336558972,2024-03-01 05:08:37.277264910,P4,resolved,portal,3,9,Sales,network,Email signatures disappeared for sales team.,Email signatures disappeared for sales team. Reported by Benjamin from Operations.,False,False
828,2024-02-28 01:44:08,2024-02-28 05:57:33.131057564,2024-02-29 21:24:31.244803680,P4,closed,portal,7,8,Warehouse,security,Scanner cradle not charging overnight.,Scanner cradle not charging overnight. Reported by Wayne from HR.,False,False
829,2024-02-28 02:59:40,2024-02-28 05:48:15.524199005,2024-02-28 09:21:37.580400887,P2,resolved,email,7,1,Finance,security,Phone soft client cannot register after ISP change.,Phone soft client cannot register after ISP change. Reported by Brittany from Sales.,False,False
830,2024-02-28 03:13:15,2024-02-28 07:09:08.193230065,2024-03-01 15:02:47.966820213,P4,resolved,phone,6,4,Operations,peripherals,Phone soft client cannot register after ISP change.,Phone soft client cannot register after ISP change. Reported by Molly from Sales.,False,False
831,2024-02-28 03:16:05,2024-02-28 06:10:17.403706626,2024-02-28 23:35:33.892847100,P3,closed,email,8,8,Sales,voice,Citrix launch freezes on black screen.,Citrix launch freezes on black screen. Reported by Morgan from Finance.,False,False
832,2024-02-28 03:21:19,2024-02-28 11:26:38.042557036,2024-03-01 23:38:15.935371061,P4,resolved,chat,5,6,Finance,business-apps,Conference room display shows no HDMI signal.,Conference room display shows no HDMI signal. Reported by Scott from Sales.,True,False
833,2024-02-28 03:58:14,2024-02-28 09:07:10.227467505,2024-02-29 01:56:28.936319861,P3,resolved,chat,7,5,IT,security,Cannot sign in to Okta after password reset.,Cannot sign in to Okta after password reset. Reported by Alicia from Sales.,True,False
834,2024-02-28 04:09:03,2024-02-28 04:50:32.068603152,2024-02-28 05:58:49.467147154,P1,resolved,phone,5,2,Sales,business-apps,Warehouse RF gun drops Wi-Fi in aisle B.,Warehouse RF gun drops Wi-Fi in aisle B. Reported by Stephen from Warehouse.,True,False
835,2024-02-28 05:24:20,2024-02-28 11:12:00.812250448,,P4,in_progress,portal,1,6,IT,identity,Single sign-on to HRIS returns invalid relay state.,Single sign-on to HRIS returns invalid relay state. Reported by Jennifer from Operations.,False,False
836,2024-02-28 05:49:53,2024-02-28 06:21:47.845162752,2024-02-28 08:02:42.979549466,P2,resolved,chat,4,1,IT,saas,Conditional access policy locked out break-glass account.,Conditional access policy locked out break-glass account. Reported by Robert from Operations.,False,False
837,2024-02-28 06:06:57,2024-02-28 21:13:52.918560549,2024-03-02 03:03:31.709148960,P4,resolved,email,1,4,Finance,identity,ERP purchase order screen timing out for AP team.,ERP purchase order screen timing out for AP team. Reported by Diana from Warehouse.,True,False
838,2024-02-28 06:59:40,2024-02-28 18:21:29.858412781,2024-03-01 01:37:11.943306978,P4,resolved,phone,6,3,Finance,peripherals,Excel add-in blocked by security policy.,Excel add-in blocked by security policy. Reported by Eric from Sales.,False,False
839,2024-02-28 07:40:34,2024-02-28 17:19:54.354531695,2024-03-01 03:56:27.933747356,P4,closed,email,2,7,Operations,endpoint,Scanner firmware update broke keyboard wedge mode.,Scanner firmware update broke keyboard wedge mode. Reported by Terrance from Sales.,False,False
840,2024-02-28 08:06:46,2024-02-28 09:38:27.857555439,,P3,pending,portal,3,5,HR,network,BitLocker recovery key prompt appears at boot.,BitLocker recovery key prompt appears at boot. Reported by Tanya from Sales.,True,False
841,2024-02-28 11:22:55,2024-02-28 16:25:54.737858332,,P3,pending,portal,7,5,Warehouse,security,Service account password expired on integration job.,Service account password expired on integration job. Reported by Matthew from Sales.,False,False
842,2024-02-28 11:59:04,2024-02-28 16:40:52.109557231,2024-02-28 18:07:04.628858129,P3,resolved,phone,6,9,Sales,peripherals,Distribution center users cannot reach file server.,Distribution center users cannot reach file server. Reported by Heather from Operations.,False,False
843,2024-02-28 14:06:05,2024-02-28 16:40:06.820734971,2024-02-28 18:44:03.538842842,P2,resolved,email,3,4,Warehouse,network,VPN fails only for users in Phoenix office.,VPN fails only for users in Phoenix office. Reported by Debra from Warehouse.,False,False
844,2024-02-28 15:05:02,2024-02-29 03:20:12.381964522,2024-03-02 02:15:30.289440221,P4,resolved,email,5,8,Operations,business-apps,VPN outage reported by remote finance staff.,VPN outage reported by remote finance staff. Reported by Melissa from Sales.,False,False
845,2024-02-28 15:19:31,2024-02-28 19:35:12.918420682,2024-02-29 08:51:38.146156138,P3,resolved,chat,5,9,Operations,business-apps,Print queue stalled for shipping label batch.,Print queue stalled for shipping label batch. Reported by Melissa from HR.,False,False
846,2024-02-28 16:59:07,2024-02-29 00:48:20.017544075,2024-02-29 03:07:19.110865982,P3,closed,email,3,2,HR,network,ERP role request approved but not applied.,ERP role request approved but not applied. Reported by Michele from Sales.,False,False
847,2024-02-28 21:38:45,2024-02-29 03:20:37.255751668,2024-02-29 10:29:28.507344274,P3,resolved,email,6,8,Warehouse,peripherals,Shared mailbox permissions disappeared overnight.,Shared mailbox permissions disappeared overnight. Reported by Norman from Finance.,False,False
848,2024-02-28 22:22:29,2024-02-29 02:38:38.483063956,2024-03-01 18:14:03.746693868,P4,resolved,email,2,1,Sales,endpoint,ERP role request approved but not applied.,ERP role request approved but not applied. Reported by Levi from HR.,False,False
849,2024-02-29 00:24:27,2024-02-29 18:58:34.734330742,2024-03-02 21:51:43.136040661,P4,resolved,phone,4,7,Warehouse,saas,New hire missing access to onboarding portal.,New hire missing access to onboarding portal. Reported by Jennifer from Finance.,True,False
850,2024-02-29 00:38:58,2024-02-29 04:47:53.923719485,2024-02-29 12:09:07.906554815,P3,resolved,portal,3,3,Sales,network,Email signatures disappeared for sales team.,Email signatures disappeared for sales team. Reported by Katherine from Operations.,False,False
851,2024-02-29 02:26:32,2024-02-29 04:06:58.841608461,2024-02-29 10:02:47.140365383,P3,resolved,chat,6,3,Operations,peripherals,Warehouse RF gun drops Wi-Fi in aisle B.,Warehouse RF gun drops Wi-Fi in aisle B. Reported by Monique from Finance.,False,False
852,2024-02-29 04:39:56,2024-02-29 18:40:12.181753119,2024-03-01 08:44:40.562938710,P4,resolved,phone,6,9,Operations,peripherals,MFA push not arriving on replacement phone.,MFA push not arriving on replacement phone. Reported by Barry from Warehouse.,False,False
853,2024-02-29 06:50:20,2024-02-29 11:48:18.822850527,2024-02-29 19:56:29.649819710,P3,resolved,chat,7,2,Sales,security,Outlook keeps prompting for password on Mac.,Outlook keeps prompting for password on Mac. Reported by Casey from HR.,False,False
854,2024-02-29 08:06:33,2024-03-01 03:44:47.854689675,2024-03-01 16:27:26.894319237,P4,resolved,portal,3,6,Sales,network,New hire missing access to onboarding portal.,New hire missing access to onboarding portal. Reported by Crystal from Operations.,False,False
855,2024-02-29 08:19:40,2024-02-29 17:47:15.364765484,2024-03-02 15:27:37.692372260,P4,resolved,email,2,8,Warehouse,endpoint,Phone soft client cannot register after ISP change.,Phone soft client cannot register after ISP change. Reported by Samantha from Operations.,False,False
856,2024-02-29 09:02:21,2024-02-29 22:48:49.205637902,2024-03-01 20:05:40.630145566,P4,resolved,portal,1,9,HR,identity,Suspicious login alert triggered for finance user.,Suspicious login alert triggered for finance user. Reported by Wendy from Sales.,False,False
857,2024-02-29 09:40:31,2024-02-29 11:26:21.137821237,,P2,pending,portal,7,3,Finance,security,Single sign-on to HRIS returns invalid relay state.,Single sign-on to HRIS returns invalid relay state. Reported by Julie from HR.,True,False
858,2024-02-29 10:04:26,2024-02-29 19:37:27.030672378,2024-03-01 10:21:46.040430714,P4,resolved,email,3,4,Sales,network,Warehouse RF gun drops Wi-Fi in aisle B.,Warehouse RF gun drops Wi-Fi in aisle B. Reported by Ryan from Warehouse.,False,False
859,2024-02-29 10:45:39,2024-03-01 01:01:35.398611970,2024-03-02 02:33:51.317950087,P4,resolved,phone,7,6,Warehouse,security,Label printer feeds blank stock after maintenance.,Label printer feeds blank stock after maintenance. Reported by Corey from Sales.,False,False
860,2024-02-29 10:46:49,2024-02-29 12:06:35.934221432,,P3,in_progress,email,3,6,Finance,network,Intune enrollment stuck on compliance evaluation.,Intune enrollment stuck on compliance evaluation. Reported by Cynthia from HR.,False,False
861,2024-02-29 12:40:14,2024-03-01 01:01:08.058710318,2024-03-02 19:26:57.935510939,P4,resolved,portal,3,2,IT,network,New contractor needs temporary access to WMS.,New contractor needs temporary access to WMS. Reported by Monique from Sales.,False,False
862,2024-02-29 14:36:28,2024-02-29 19:05:30.051163182,2024-03-01 03:37:48.123424656,P3,resolved,portal,2,6,IT,endpoint,Scanner firmware update broke keyboard wedge mode.,Scanner firmware update broke keyboard wedge mode. Reported by Scott from Operations.,False,False
863,2024-02-29 17:17:31,2024-03-01 00:39:12.140199152,,P4,in_progress,phone,7,1,Sales,security,Scanner cradle not charging overnight.,Scanner cradle not charging overnight. Reported by Heather from HR.,False,False
864,2024-02-29 17:41:26,2024-02-29 20:21:24.836885249,2024-03-01 15:40:20.486214957,P3,closed,email,3,7,Operations,network,VPN client update failed with rollback error.,VPN client update failed with rollback error. Reported by Rebecca from Warehouse.,True,False
865,2024-02-29 18:46:17,2024-02-29 21:00:07.364752793,2024-03-01 01:22:15.488329551,P2,resolved,email,3,8,HR,network,Suspicious login alert triggered for finance user.,Suspicious login alert triggered for finance user. Reported by Brandon from Finance.,False,False
866,2024-02-29 19:21:39,2024-03-01 02:00:54.783928819,2024-03-01 12:07:50.296236072,P3,resolved,portal,6,5,Sales,peripherals,Suspicious login alert triggered for finance user.,Suspicious login alert triggered for finance user. Reported by Laura from Finance.,False,False
867,2024-02-29 19:32:18,2024-02-29 21:26:41.871033417,2024-02-29 21:46:25.914938362,P2,resolved,phone,5,3,Finance,business-apps,Spam burst hit shared support inbox this morning.,Spam burst hit shared support inbox this morning. Reported by Kelly from HR.,False,False
868,2024-02-29 19:49:50,2024-02-29 21:36:34.918393340,2024-03-01 12:55:44.018045963,P3,resolved,portal,6,3,HR,peripherals,Warehouse RF gun drops Wi-Fi in aisle B.,Warehouse RF gun drops Wi-Fi in aisle B. Reported by Nicholas from Operations.,False,False
869,2024-02-29 20:00:09,2024-03-01 07:57:45.543077107,2024-03-03 02:42:37.880696552,P4,resolved,portal,1,7,Operations,identity,Email signatures disappeared for sales team.,Email signatures disappeared for sales team. Reported by Dustin from Finance.,False,False
870,2024-02-29 21:56:46,2024-03-01 01:17:56.795653986,2024-03-01 19:26:39.952235036,P3,resolved,phone,8,5,Operations,voice,Service account password expired on integration job.,Service account password expired on integration job. Reported by Amanda from Sales.,False,False
871,2024-02-29 22:11:02,2024-03-01 11:38:48.963946941,2024-03-03 01:05:07.714134545,P4,resolved,portal,2,10,HR,endpoint,Voicemail transcription unavailable in mobile app.,Voicemail transcription unavailable in mobile app. Reported by Ashlee from Operations.,False,False
872,2024-02-29 22:44:43,2024-03-01 00:38:50.813887746,2024-03-01 03:48:16.359100480,P2,resolved,email,1,10,Warehouse,identity,Warehouse scanner will not sync picks to WMS.,Warehouse scanner will not sync picks to WMS. Reported by Laura from Warehouse.,False,False
873,2024-02-29 23:20:29,2024-03-01 14:16:25.965781402,2024-03-02 07:45:29.039911401,P4,resolved,email,1,5,Sales,identity,Warehouse RF gun drops Wi-Fi in aisle B.,Warehouse RF gun drops Wi-Fi in aisle B. Reported by George from HR.,False,False
874,2024-03-01 02:46:02,2024-03-01 05:45:05.620883325,2024-03-03 08:47:45.611227832,P4,resolved,portal,3,3,Sales,network,Intune enrollment stuck on compliance evaluation.,Intune enrollment stuck on compliance evaluation. Reported by Christian from Finance.,False,False
875,2024-03-01 04:16:20,2024-03-01 06:15:58.423351986,2024-03-01 20:17:04.382287127,P3,resolved,portal,4,9,Finance,saas,Teams calls dropping audio after two minutes.,Teams calls dropping audio after two minutes. Reported by Monica from Operations.,False,False
876,2024-03-01 06:18:35,2024-03-01 20:23:17.654430210,2024-03-02 15:07:56.937516514,P4,resolved,email,1,8,HR,identity,BitLocker recovery key prompt appears at boot.,BitLocker recovery key prompt appears at boot. Reported by Christine from HR.,False,False
877,2024-03-01 06:33:16,2024-03-01 08:42:16.528548385,2024-03-02 22:19:56.816866460,P4,resolved,portal,5,2,HR,business-apps,Outlook keeps prompting for password on Mac.,Outlook keeps prompting for password on Mac. Reported by John from Finance.,False,False
878,2024-03-01 07:49:01,2024-03-01 09:19:27.715987561,2024-03-02 01:35:24.672401651,P3,resolved,phone,5,10,Sales,business-apps,Distribution center users cannot reach file server.,Distribution center users cannot reach file server. Reported by Roberta from HR.,False,False
879,2024-03-01 14:47:24,2024-03-01 18:50:10.490054028,2024-03-03 19:03:29.116193666,P4,resolved,chat,7,3,Finance,security,Docking station no longer drives dual monitors.,Docking station no longer drives dual monitors. Reported by Douglas from Finance.,False,False
880,2024-03-01 14:59:55,2024-03-01 17:24:54.680004806,2024-03-01 18:03:21.900045931,P2,resolved,portal,1,6,IT,identity,Citrix launch freezes on black screen.,Citrix launch freezes on black screen. Reported by Steven from Operations.,False,False
881,2024-03-01 22:16:28,2024-03-02 03:53:41.489545741,2024-03-02 16:22:47.757606446,P3,closed,email,1,2,Sales,identity,Laptop blue-screened during payroll export.,Laptop blue-screened during payroll export. Reported by Jonathan from Operations.,False,False
882,2024-03-02 02:06:14,2024-03-02 08:52:23.226512613,2024-03-02 10:52:13.970448314,P3,resolved,email,2,5,Sales,endpoint,Mailbox forwarding rule recreated after removal.,Mailbox forwarding rule recreated after removal. Reported by Jonathan from Sales.,False,False
883,2024-03-02 02:28:19,2024-03-02 16:31:27.772666789,2024-03-04 20:08:25.548240312,P4,resolved,phone,4,7,Warehouse,saas,New contractor needs temporary access to WMS.,New contractor needs temporary access to WMS. Reported by Albert from Operations.,True,False
884,2024-03-02 02:55:57,2024-03-02 07:22:01.516502316,,P4,pending,portal,5,2,IT,business-apps,New hire missing access to onboarding portal.,New hire missing access to onboarding portal. Reported by Linda from Finance.,False,False
885,2024-03-02 04:52:40,2024-03-02 11:18:38.807814836,2024-03-02 21:38:34.562615293,P3,resolved,email,2,3,IT,endpoint,Scanner firmware update broke keyboard wedge mode.,Scanner firmware update broke keyboard wedge mode. Reported by Rachel from Sales.,False,False
886,2024-03-02 07:36:33,2024-03-02 22:41:40.565285479,2024-03-04 09:36:21.005384258,P4,resolved,chat,3,8,Sales,network,Email quarantine released but message still missing.,Email quarantine released but message still missing. Reported by Erica from Finance.,False,False
887,2024-03-02 10:01:41,2024-03-02 11:06:24.573422946,2024-03-02 14:09:06.493826615,P2,resolved,email,5,10,Sales,business-apps,Shared mailbox permissions disappeared overnight.,Shared mailbox permissions disappeared overnight. Reported by Eric from Warehouse.,False,False
888,2024-03-02 10:04:17,2024-03-02 22:01:11.384656866,2024-03-03 13:05:31.158018059,P4,resolved,portal,5,10,Operations,business-apps,MFA push not arriving on replacement phone.,MFA push not arriving on replacement phone. Reported by Scott from Warehouse.,False,False
889,2024-03-02 12:49:44,2024-03-02 15:31:08.598943494,2024-03-02 17:24:49.961563955,P2,resolved,email,5,8,Sales,business-apps,Email search indexing incomplete after migration.,Email search indexing incomplete after migration. Reported by Michael from HR.,False,False
890,2024-03-02 13:24:11,2024-03-02 18:08:03.288225582,2024-03-03 09:19:32.673865092,P3,closed,phone,6,10,IT,peripherals,Service account password expired on integration job.,Service account password expired on integration job. Reported by Briana from Finance.,False,False
891,2024-03-02 14:29:59,2024-03-02 17:11:55.638463103,2024-03-03 03:19:58.804147820,P3,resolved,chat,7,2,Operations,security,Conditional access policy locked out break-glass account.,Conditional access policy locked out break-glass account. Reported by Danielle from Operations.,False,False
892,2024-03-02 15:04:50,2024-03-02 17:07:14.744280884,2024-03-03 12:50:23.406796988,P3,resolved,portal,7,3,IT,security,Laptop blue-screened during payroll export.,Laptop blue-screened during payroll export. Reported by Roger from Operations.,True,False
893,2024-03-02 17:07:10,2024-03-02 23:35:55.253188692,2024-03-04 11:37:03.556540201,P4,resolved,portal,8,5,Finance,voice,M365 outage causing login failures across offices.,M365 outage causing login failures across offices. Reported by John from Sales.,False,False
894,2024-03-02 19:36:36,2024-03-03 12:27:54.033441591,2024-03-04 08:22:42.856360597,P4,resolved,chat,4,10,IT,saas,Slack notifications delayed for customer support queue.,Slack notifications delayed for customer support queue. Reported by Megan from Finance.,False,False
895,2024-03-02 20:37:18,2024-03-03 07:57:53.346732748,2024-03-05 02:56:49.099558440,P4,resolved,email,3,8,Finance,network,Excel add-in blocked by security policy.,Excel add-in blocked by security policy. Reported by James from Finance.,False,False
896,2024-03-02 21:30:27,2024-03-03 02:50:02.027757800,,P3,in_progress,email,3,4,Sales,network,Email signatures disappeared for sales team.,Email signatures disappeared for sales team. Reported by Paul from Finance.,False,False
897,2024-03-02 21:48:50,2024-03-02 23:20:10.780371477,2024-03-03 13:31:55.755063134,P3,resolved,chat,3,1,IT,network,Customer portal SSO redirects to blank page.,Customer portal SSO redirects to blank page. Reported by Timothy from Operations.,False,False
898,2024-03-02 23:03:02,2024-03-03 01:43:24.959668838,2024-03-03 01:35:50.520854618,P2,closed,chat,5,7,Warehouse,business-apps,Suspicious login alert triggered for finance user.,Suspicious login alert triggered for finance user. Reported by John from HR.,False,False
899,2024-03-03 01:17:14,2024-03-03 08:56:56.562200398,2024-03-03 12:52:08.761972149,P3,resolved,email,5,4,Warehouse,business-apps,Email signatures disappeared for sales team.,Email signatures disappeared for sales team. Reported by Ashley from HR.,False,False
900,2024-03-03 02:58:17,2024-03-03 04:59:19.973833439,2024-03-03 08:24:17.209102226,P2,resolved,email,1,3,Warehouse,identity,ERP role request approved but not applied.,ERP role request approved but not applied. Reported by Bailey from Sales.,False,False
901,2024-03-03 08:24:59,2024-03-03 15:03:48.249614858,2024-03-04 00:05:08.109188832,P3,closed,chat,8,3,IT,voice,Suspicious login alert triggered for finance user.,Suspicious login alert triggered for finance user. Reported by Victoria from Finance.,False,False
902,2024-03-03 08:55:27,2024-03-04 01:12:30.189467360,2024-03-04 05:20:21.005796860,P4,resolved,email,1,3,Operations,identity,Distribution center users cannot reach file server.,Distribution center users cannot reach file server. Reported by Kenneth from Sales.,False,False
903,2024-03-03 09:01:34,2024-03-03 23:34:10.359895375,,P4,in_progress,portal,4,4,Finance,saas,Power BI refresh failing after service account rotation.,Power BI refresh failing after service account rotation. Reported by Tiffany from Operations.,True,False
904,2024-03-03 09:21:43,2024-03-04 02:55:07.218761068,2024-03-05 00:59:18.141133561,P4,resolved,chat,4,7,Sales,saas,Payroll batch job missed scheduled overnight window.,Payroll batch job missed scheduled overnight window. Reported by Dominique from HR.,False,False
905,2024-03-03 13:32:50,2024-03-03 15:02:35.580341069,,P1,pending,portal,3,2,Warehouse,network,Teams calls dropping audio after two minutes.,Teams calls dropping audio after two minutes. Reported by Joshua from Operations.,True,False
906,2024-03-03 13:48:55,2024-03-03 18:07:42.597443970,2024-03-04 00:58:41.407438979,P3,resolved,portal,2,5,Operations,endpoint,MFA push not arriving on replacement phone.,MFA push not arriving on replacement phone. Reported by Ashlee from Operations.,False,False
907,2024-03-03 14:19:39,2024-03-03 16:25:39.418988404,2024-03-03 21:07:48.828121593,P2,resolved,chat,5,10,HR,business-apps,Sales laptop webcam missing from device manager.,Sales laptop webcam missing from device manager. Reported by Gina from Finance.,False,False
908,2024-03-03 14:34:56,2024-03-03 19:46:09.700782219,2024-03-04 13:17:44.570332205,P3,resolved,phone,1,10,IT,identity,CEO calendar delegate can no longer edit events.,CEO calendar delegate can no longer edit events. Reported by Julie from Warehouse.,True,False
909,2024-03-03 18:32:25,2024-03-04 01:57:36.441218969,,P3,in_progress,chat,6,9,Sales,peripherals,Shared mailbox permissions disappeared overnight.,Shared mailbox permissions disappeared overnight. Reported by Brandon from Sales.,False,False
910,2024-03-03 18:49:01,2024-03-04 01:43:39.533304563,2024-03-05 20:54:32.985941570,P4,resolved,portal,6,3,HR,peripherals,Suspicious login alert triggered for finance user.,Suspicious login alert triggered for finance user. Reported by Catherine from Finance.,False,False
911,2024-03-03 19:42:24,2024-03-03 21:39:20.602374140,2024-03-04 02:13:28.874742919,P3,resolved,phone,7,2,Operations,security,Email quarantine released but message still missing.,Email quarantine released but message still missing. Reported by Tyler from Finance.,False,False
912,2024-03-03 20:56:19,2024-03-03 23:02:26.993558094,2024-03-04 10:21:50.172413407,P3,resolved,portal,7,9,Warehouse,security,Teams channels inaccessible during tenant incident.,Teams channels inaccessible during tenant incident. Reported by Rebecca from HR.,False,False
913,2024-03-03 22:03:42,2024-03-04 03:57:21.456094714,2024-03-04 15:40:14.286837067,P3,closed,email,8,5,IT,voice,CEO calendar delegate can no longer edit events.,CEO calendar delegate can no longer edit events. Reported by Justin from HR.,False,False
914,2024-03-04 06:49:13,2024-03-04 11:18:59.831545243,,P4,in_progress,email,2,5,Warehouse,endpoint,Mailbox forwarding rule recreated after removal.,Mailbox forwarding rule recreated after removal. Reported by Lauren from Operations.,False,False
915,2024-03-04 10:21:13,2024-03-04 13:06:34.965064238,2024-03-04 15:39:58.263156173,P2,closed,email,7,5,Operations,security,ERP role request approved but not applied.,ERP role request approved but not applied. Reported by Catherine from Warehouse.,False,False
916,2024-03-04 11:43:19,2024-03-05 07:11:42.035949659,2024-03-06 08:21:48.039830454,P4,resolved,email,5,2,Warehouse,business-apps,Intune enrollment stuck on compliance evaluation.,Intune enrollment stuck on compliance evaluation. Reported by Michael from Operations.,False,False
917,2024-03-04 12:11:23,2024-03-04 17:08:46.774358081,2024-03-05 02:30:54.319186062,P3,closed,chat,1,8,Finance,identity,Scanner cradle not charging overnight.,Scanner cradle not charging overnight. Reported by Dana from Sales.,False,False
918,2024-03-04 14:13:43,2024-03-04 15:11:22.364303222,2024-03-04 17:55:58.119307622,P2,resolved,email,8,3,IT,voice,Teams calls dropping audio after two minutes.,Teams calls dropping audio after two minutes. Reported by Christine from HR.,False,False
919,2024-03-04 15:58:18,2024-03-04 20:26:43.573588143,2024-03-07 07:39:27.876368785,P4,resolved,portal,7,3,Warehouse,security,Payroll batch job missed scheduled overnight window.,Payroll batch job missed scheduled overnight window. Reported by Erica from Operations.,False,False
920,2024-03-04 19:47:03,2024-03-04 21:11:35.804780281,2024-03-04 20:51:24.935134430,P1,resolved,phone,3,8,Finance,network,Print queue stalled for shipping label batch.,Print queue stalled for shipping label batch. Reported by Jennifer from Sales.,True,False
921,2024-03-04 20:07:17,2024-03-05 14:02:07.965764217,2024-03-06 17:28:23.643924952,P4,closed,email,8,8,Operations,voice,Payroll batch job missed scheduled overnight window.,Payroll batch job missed scheduled overnight window. Reported by Donna from HR.,False,False
922,2024-03-04 20:11:26,2024-03-04 22:46:10.437858892,2024-03-05 00:29:21.108289745,P2,resolved,portal,6,9,Warehouse,peripherals,Distribution center users cannot reach file server.,Distribution center users cannot reach file server. Reported by Mary from HR.,False,False
923,2024-03-04 22:25:03,2024-03-05 05:14:30.882739146,2024-03-05 09:08:41.226849873,P3,closed,phone,4,8,Operations,saas,Single sign-on to HRIS returns invalid relay state.,Single sign-on to HRIS returns invalid relay state. Reported by Courtney from Operations.,False,False
924,2024-03-05 00:17:42,2024-03-05 03:42:42.516272152,2024-03-05 16:24:25.253246361,P3,resolved,email,2,1,Sales,endpoint,Excel add-in blocked by security policy.,Excel add-in blocked by security policy. Reported by Rebecca from Warehouse.,False,False
925,2024-03-05 03:15:44,2024-03-05 09:56:49.290232492,2024-03-06 19:27:15.887451788,P4,resolved,email,6,5,Sales,peripherals,Email search indexing incomplete after migration.,Email search indexing incomplete after migration. Reported by Debbie from Operations.,False,False
926,2024-03-05 03:23:07,2024-03-05 21:35:29.977693968,2024-03-06 20:34:55.065547822,P4,resolved,email,8,5,Sales,voice,Conference room display shows no HDMI signal.,Conference room display shows no HDMI signal. Reported by Kyle from Operations.,False,False
927,2024-03-05 06:25:10,2024-03-05 15:05:54.758200576,2024-03-07 20:48:40.526768712,P4,resolved,chat,2,4,Sales,endpoint,Email signatures disappeared for sales team.,Email signatures disappeared for sales team. Reported by Scott from Warehouse.,False,False
928,2024-03-05 06:38:08,2024-03-05 13:52:08.873615836,,P3,in_progress,portal,1,5,Finance,identity,New contractor needs temporary access to WMS.,New contractor needs temporary access to WMS. Reported by Bethany from Warehouse.,False,False
929,2024-03-05 10:17:46,2024-03-05 13:17:38.124362069,2024-03-05 14:58:33.225612337,P2,resolved,phone,2,5,HR,endpoint,Slack notifications delayed for customer support queue.,Slack notifications delayed for customer support queue. Reported by Jessica from Finance.,False,False
930,2024-03-05 11:45:20,2024-03-05 16:59:47.882473586,2024-03-06 04:04:49.543972498,P3,resolved,chat,3,7,HR,network,VPN disconnects every 15 minutes on hotel Wi-Fi.,VPN disconnects every 15 minutes on hotel Wi-Fi. Reported by Christopher from Finance.,False,False
931,2024-03-05 11:53:48,2024-03-05 19:34:29.175017320,2024-03-06 10:12:08.714489326,P3,resolved,portal,4,10,IT,saas,Single sign-on to HRIS returns invalid relay state.,Single sign-on to HRIS returns invalid relay state. Reported by Kenneth from Operations.,True,False
932,2024-03-05 11:54:01,2024-03-05 13:10:38.606072605,2024-03-05 19:27:33.953910284,P2,closed,phone,8,7,Operations,voice,Password reset loop continues after successful change.,Password reset loop continues after successful change. Reported by Julie from HR.,True,False
933,2024-03-05 12:06:01,2024-03-05 15:41:30.706472618,2024-03-08 08:04:21.603349696,P4,resolved,email,8,10,Warehouse,voice,Warehouse RF gun drops Wi-Fi in aisle B.,Warehouse RF gun drops Wi-Fi in aisle B. Reported by Gregory from Operations.,True,False
934,2024-03-05 12:23:56,2024-03-05 18:00:33.514037995,2024-03-06 08:55:19.172016670,P3,resolved,chat,6,9,HR,peripherals,Payroll batch job missed scheduled overnight window.,Payroll batch job missed scheduled overnight window. Reported by David from HR.,False,False
935,2024-03-05 13:03:04,2024-03-05 14:05:18.106137441,2024-03-05 16:09:19.643505232,P1,closed,chat,2,8,HR,endpoint,Citrix launch freezes on black screen.,Citrix launch freezes on black screen. Reported by Amber from Operations.,True,False
936,2024-03-05 18:05:22,2024-03-05 22:25:57.380568000,2024-03-06 19:54:21.987572048,P4,resolved,portal,2,3,Sales,endpoint,Customer portal SSO redirects to blank page.,Customer portal SSO redirects to blank page. Reported by Teresa from HR.,False,False
937,2024-03-05 19:50:25,2024-03-05 23:29:01.969660394,2024-03-06 13:49:49.813338467,P3,resolved,portal,1,6,Finance,identity,Outlook keeps prompting for password on Mac.,Outlook keeps prompting for password on Mac. Reported by Alyssa from Sales.,False,False
938,2024-03-05 21:33:00,2024-03-06 05:15:43.671953700,2024-03-06 22:45:06.477526630,P4,resolved,email,7,2,HR,security,Finance cannot export month-end AP aging report.,Finance cannot export month-end AP aging report. Reported by Robin from HR.,False,False
939,2024-03-05 21:56:45,2024-03-06 00:01:02.563918990,2024-03-06 04:37:04.067149088,P2,resolved,chat,2,10,Operations,endpoint,Voicemail transcription unavailable in mobile app.,Voicemail transcription unavailable in mobile app. Reported by Maria from Finance.,False,False
940,2024-03-06 06:26:49,2024-03-06 13:04:04.202544329,2024-03-06 22:22:44.525249862,P3,resolved,portal,8,2,Finance,voice,VPN outage reported by remote finance staff.,VPN outage reported by remote finance staff. Reported by Jonathan from Sales.,False,False
941,2024-03-06 07:05:52,2024-03-06 08:20:21.218154031,2024-03-06 16:12:08.310751328,P3,resolved,chat,5,3,IT,business-apps,Label printer feeds blank stock after maintenance.,Label printer feeds blank stock after maintenance. Reported by Makayla from HR.,False,False
942,2024-03-06 08:50:58,2024-03-06 11:41:34.799459198,,P3,in_progress,phone,4,10,HR,saas,VPN client update failed with rollback error.,VPN client update failed with rollback error. Reported by Timothy from Operations.,False,False
943,2024-03-06 08:52:13,2024-03-06 18:34:13.664337469,2024-03-07 06:09:32.185013975,P4,closed,portal,8,2,Warehouse,voice,Teams meeting room camera flickers after restart.,Teams meeting room camera flickers after restart. Reported by Lindsay from Sales.,False,False
944,2024-03-06 09:48:47,2024-03-06 16:29:32.429911547,,P3,pending,phone,2,6,Finance,endpoint,Warehouse RF gun drops Wi-Fi in aisle B.,Warehouse RF gun drops Wi-Fi in aisle B. Reported by Julie from Finance.,False,False
945,2024-03-06 09:57:44,2024-03-06 12:43:59.606622754,2024-03-06 22:38:47.134118919,P3,resolved,email,4,6,IT,saas,SSO certificate warning shown on benefits portal.,SSO certificate warning shown on benefits portal. Reported by Matthew from Sales.,False,False
946,2024-03-06 10:40:27,2024-03-06 12:09:03.173351769,2024-03-06 11:53:59.677337110,P1,resolved,email,3,3,Warehouse,network,New hire missing access to onboarding portal.,New hire missing access to onboarding portal. Reported by Darius from Operations.,True,False
947,2024-03-06 14:21:26,2024-03-06 15:32:43.915106620,2024-03-06 23:38:33.545762002,P3,resolved,email,2,4,Sales,endpoint,Distribution center users cannot reach file server.,Distribution center users cannot reach file server. Reported by Sydney from Operations.,False,False
948,2024-03-06 15:15:23,2024-03-06 22:03:28.898765776,2024-03-06 23:02:04.286644551,P3,resolved,email,8,8,Warehouse,voice,ERP purchase order screen timing out for AP team.,ERP purchase order screen timing out for AP team. Reported by Donald from HR.,False,False
949,2024-03-06 15:22:09,2024-03-07 06:46:01.315053993,2024-03-07 15:06:54.672064785,P4,resolved,portal,5,8,HR,business-apps,Teams calls dropping audio after two minutes.,Teams calls dropping audio after two minutes. Reported by Tammy from HR.,False,False
950,2024-03-06 17:07:31,2024-03-06 21:33:30.193003277,2024-03-07 06:53:02.271278338,P3,resolved,email,2,6,Warehouse,endpoint,Scanner cradle not charging overnight.,Scanner cradle not charging overnight. Reported by Michelle from Operations.,False,False
951,2024-03-06 19:55:17,2024-03-06 21:53:58.655653850,2024-03-07 07:05:26.632519176,P3,resolved,chat,1,6,Warehouse,identity,Outlook keeps prompting for password on Mac.,Outlook keeps prompting for password on Mac. Reported by Jennifer from Warehouse.,False,False
952,2024-03-06 20:56:54,2024-03-06 22:11:11.774202307,2024-03-07 13:32:45.932905526,P3,resolved,phone,3,4,IT,network,Spam burst hit shared support inbox this morning.,Spam burst hit shared support inbox this morning. Reported by Tina from Operations.,False,False
953,2024-03-06 21:30:54,2024-03-07 05:07:24.505459885,2024-03-07 18:46:54.493160501,P3,resolved,chat,7,7,Warehouse,security,Mailbox forwarding rule recreated after removal.,Mailbox forwarding rule recreated after removal. Reported by Tammy from Sales.,False,False
954,2024-03-07 01:25:10,2024-03-07 07:32:09.751966708,2024-03-07 21:15:44.563304129,P3,resolved,portal,2,1,IT,endpoint,New contractor needs temporary access to WMS.,New contractor needs temporary access to WMS. Reported by Linda from Finance.,False,False
955,2024-03-07 02:46:35,2024-03-07 13:50:57.957472902,,P4,pending,phone,6,1,HR,peripherals,Docking station no longer drives dual monitors.,Docking station no longer drives dual monitors. Reported by Michael from Warehouse.,False,False
956,2024-03-07 03:02:17,2024-03-07 20:53:40.014088186,2024-03-08 04:26:00.122168600,P4,resolved,chat,1,8,Finance,identity,Payroll batch job missed scheduled overnight window.,Payroll batch job missed scheduled overnight window. Reported by Krystal from Finance.,False,False
957,2024-03-07 03:02:17,2024-03-07 08:29:22.463102312,2024-03-07 16:16:56.835113450,P3,resolved,chat,3,2,IT,network,Docking station no longer drives dual monitors.,Docking station no longer drives dual monitors. Reported by Alexander from HR.,False,False
958,2024-03-07 04:12:57,2024-03-07 11:17:53.171288247,2024-03-07 21:00:26.137066710,P3,resolved,email,5,8,Warehouse,business-apps,Finance cannot export month-end AP aging report.,Finance cannot export month-end AP aging report. Reported by Amanda from HR.,False,False
959,2024-03-07 05:18:01,2024-03-07 06:41:42.503015114,2024-03-07 09:27:29.601499909,P2,resolved,chat,2,1,Sales,endpoint,Spam burst hit shared support inbox this morning.,Spam burst hit shared support inbox this morning. Reported by Shawn from Operations.,False,False
960,2024-03-07 05:49:05,2024-03-07 19:21:56.587151270,2024-03-09 12:00:46.490776677,P4,resolved,email,4,3,Sales,saas,Shared mailbox permissions disappeared overnight.,Shared mailbox permissions disappeared overnight. Reported by Emily from Warehouse.,False,False
961,2024-03-07 09:06:42,2024-03-07 16:47:09.060357230,2024-03-08 04:55:49.176478634,P3,resolved,email,3,10,Operations,network,ERP purchase order screen timing out for AP team.,ERP purchase order screen timing out for AP team. Reported by Emily from Operations.,False,False
962,2024-03-07 16:29:20,2024-03-07 20:52:27.625354485,2024-03-08 08:53:42.518063687,P3,resolved,email,1,3,IT,identity,VPN disconnects every 15 minutes on hotel Wi-Fi.,VPN disconnects every 15 minutes on hotel Wi-Fi. Reported by Brenda from Warehouse.,False,False
963,2024-03-07 16:32:13,2024-03-07 21:24:05.351568478,2024-03-09 01:51:05.708114785,P4,resolved,chat,1,10,Finance,identity,Single sign-on to HRIS returns invalid relay state.,Single sign-on to HRIS returns invalid relay state. Reported by Lynn from Sales.,False,False
964,2024-03-07 18:31:27,2024-03-07 21:57:13.552220295,2024-03-08 15:52:54.218239495,P3,resolved,email,2,3,Warehouse,endpoint,Suspicious login alert triggered for finance user.,Suspicious login alert triggered for finance user. Reported by Shelby from Sales.,False,False
965,2024-03-07 19:38:21,2024-03-08 13:57:52.943112870,2024-03-08 22:45:45.662404257,P4,resolved,portal,6,7,Operations,peripherals,Teams calls dropping audio after two minutes.,Teams calls dropping audio after two minutes. Reported by Daniel from Operations.,False,False
966,2024-03-07 22:21:49,2024-03-08 05:20:01.336674037,,P3,pending,portal,1,7,HR,identity,VPN client update failed with rollback error.,VPN client update failed with rollback error. Reported by Jesus from Finance.,False,False
967,2024-03-07 22:25:30,2024-03-08 06:04:11.135794504,2024-03-08 15:13:14.422917111,P3,resolved,email,5,7,HR,business-apps,Phone soft client cannot register after ISP change.,Phone soft client cannot register after ISP change. Reported by Angel from Operations.,False,False
968,2024-03-07 22:28:56,2024-03-07 23:05:39.017362661,2024-03-08 05:44:51.593276480,P2,resolved,email,1,3,Sales,identity,VPN client update failed with rollback error.,VPN client update failed with rollback error. Reported by Nicole from Finance.,True,False
969,2024-03-08 02:37:45,2024-03-08 08:10:28.248654733,2024-03-08 19:39:42.482891752,P3,resolved,chat,2,8,Warehouse,endpoint,Print queue stalled for shipping label batch.,Print queue stalled for shipping label batch. Reported by Anna from Operations.,False,False
970,2024-03-08 03:21:32,2024-03-08 09:18:48.636025268,2024-03-08 19:09:13.317774321,P3,resolved,phone,2,4,HR,endpoint,Docking station no longer drives dual monitors.,Docking station no longer drives dual monitors. Reported by Rose from Sales.,False,False
971,2024-03-08 06:40:47,2024-03-08 12:06:06.013286410,,P4,pending,chat,3,9,IT,network,Suspicious login alert triggered for finance user.,Suspicious login alert triggered for finance user. Reported by Jeffrey from HR.,True,False
972,2024-03-08 06:58:05,2024-03-08 19:39:22.915993397,2024-03-10 22:46:05.364557758,P4,resolved,chat,6,4,HR,peripherals,Spam burst hit shared support inbox this morning.,Spam burst hit shared support inbox this morning. Reported by Bryan from Sales.,False,False
973,2024-03-08 13:52:34,2024-03-08 20:37:38.859042356,,P3,pending,email,4,9,Finance,saas,Label printer feeds blank stock after maintenance.,Label printer feeds blank stock after maintenance. Reported by Madison from Warehouse.,False,False
974,2024-03-08 14:03:26,2024-03-08 20:11:40.020664182,2024-03-09 04:03:08.258586048,P3,resolved,email,1,10,Operations,identity,Email search indexing incomplete after migration.,Email search indexing incomplete after migration. Reported by Regina from Finance.,False,False
975,2024-03-08 14:13:44,2024-03-08 17:54:13.472107998,2024-03-09 05:26:34.672585498,P3,resolved,portal,2,8,Operations,endpoint,Mailbox forwarding rule recreated after removal.,Mailbox forwarding rule recreated after removal. Reported by Kevin from Finance.,False,False
976,2024-03-08 16:09:41,2024-03-08 18:05:49.655134074,2024-03-08 22:53:54.429075297,P3,resolved,phone,3,5,Sales,network,Laptop blue-screened during payroll export.,Laptop blue-screened during payroll export. Reported by Ricky from Warehouse.,False,False
977,2024-03-08 16:44:40,2024-03-09 08:23:29.141080049,2024-03-09 21:35:58.280269316,P4,resolved,email,3,5,Operations,network,New hire missing access to onboarding portal.,New hire missing access to onboarding portal. Reported by Donald from Finance.,False,False
978,2024-03-08 18:33:39,2024-03-08 19:50:15.666529118,2024-03-08 22:10:39.078748622,P2,closed,email,5,4,HR,business-apps,Procurement team reports ERP attachments missing.,Procurement team reports ERP attachments missing. Reported by Sophia from Sales.,False,False
979,2024-03-08 21:52:02,2024-03-09 12:29:56.353081319,2024-03-11 01:23:32.723164194,P4,resolved,chat,3,4,Operations,network,Service account password expired on integration job.,Service account password expired on integration job. Reported by Kevin from Warehouse.,False,False
980,2024-03-09 01:57:01,2024-03-09 04:25:05.229412243,,P2,in_progress,portal,6,5,Warehouse,peripherals,BitLocker recovery key prompt appears at boot.,BitLocker recovery key prompt appears at boot. Reported by Travis from Sales.,False,False
981,2024-03-09 02:11:38,2024-03-09 03:52:45.594269010,2024-03-09 23:42:41.102310297,P3,resolved,portal,3,5,Warehouse,network,VPN client update failed with rollback error.,VPN client update failed with rollback error. Reported by Colton from Sales.,False,False
982,2024-03-09 02:56:46,2024-03-09 17:52:40.387483924,2024-03-11 08:31:24.061252505,P4,resolved,chat,6,8,IT,peripherals,Single sign-on to HRIS returns invalid relay state.,Single sign-on to HRIS returns invalid relay state. Reported by Paige from Sales.,False,False
983,2024-03-09 02:57:47,2024-03-09 05:28:52.483075149,,P2,in_progress,portal,1,9,Finance,identity,Distribution center users cannot reach file server.,Distribution center users cannot reach file server. Reported by Derek from Finance.,False,False
984,2024-03-09 03:48:04,2024-03-09 11:38:37.717093781,2024-03-09 19:24:52.644966660,P3,resolved,phone,8,9,Operations,voice,Excel add-in blocked by security policy.,Excel add-in blocked by security policy. Reported by Shawn from Warehouse.,False,False
985,2024-03-09 04:17:49,2024-03-09 05:26:18.274288540,2024-03-09 08:10:36.169773882,P2,resolved,email,8,7,HR,voice,Password reset loop continues after successful change.,Password reset loop continues after successful change. Reported by Ellen from Operations.,False,False
986,2024-03-09 04:28:42,2024-03-09 12:43:04.709808211,2024-03-11 08:02:31.319328913,P4,closed,portal,3,10,Operations,network,ERP role request approved but not applied.,ERP role request approved but not applied. Reported by Julia from Finance.,False,False
987,2024-03-09 05:46:00,2024-03-09 08:17:50.853067107,2024-03-09 17:37:17.063334302,P3,resolved,email,2,9,Finance,endpoint,MFA push not arriving on replacement phone.,MFA push not arriving on replacement phone. Reported by Sonya from Warehouse.,False,False
988,2024-03-09 07:39:38,2024-03-09 08:40:13.267705348,2024-03-09 12:15:40.616117588,P2,resolved,email,1,5,Sales,identity,New hire missing access to onboarding portal.,New hire missing access to onboarding portal. Reported by Robert from Operations.,False,False
989,2024-03-09 09:01:43,2024-03-09 13:55:03.900342713,2024-03-09 21:00:41.448909064,P3,resolved,email,8,5,IT,voice,Email search indexing incomplete after migration.,Email search indexing incomplete after migration. Reported by Julia from Operations.,False,False
990,2024-03-09 12:29:05,2024-03-09 14:36:32.391538186,,P3,in_progress,email,1,5,IT,identity,Teams channels inaccessible during tenant incident.,Teams channels inaccessible during tenant incident. Reported by Eric from Warehouse.,False,False
991,2024-03-09 12:59:36,2024-03-09 23:00:28.586105551,,P4,pending,email,1,1,Warehouse,identity,VPN client update failed with rollback error.,VPN client update failed with rollback error. Reported by Robert from HR.,False,False
992,2024-03-09 13:28:40,2024-03-09 14:11:15.067804580,2024-03-09 16:29:59.155864730,P2,closed,portal,1,4,HR,identity,Power BI refresh failing after service account rotation.,Power BI refresh failing after service account rotation. Reported by Corey from Finance.,False,False
993,2024-03-09 14:02:20,2024-03-09 18:13:20.155374116,2024-03-10 10:10:51.557826237,P3,resolved,email,3,4,HR,network,Distribution center users cannot reach file server.,Distribution center users cannot reach file server. Reported by Tracy from HR.,False,False
994,2024-03-09 17:07:11,2024-03-09 20:30:34.026004797,2024-03-10 10:26:58.419462880,P3,resolved,email,8,8,IT,voice,Label printer feeds blank stock after maintenance.,Label printer feeds blank stock after maintenance. Reported by Ricky from Finance.,False,False
995,2024-03-09 17:58:14,2024-03-10 00:58:23.021296430,2024-03-10 07:10:46.342118778,P3,resolved,portal,2,3,Finance,endpoint,Barcode labels printing with incorrect dimensions.,Barcode labels printing with incorrect dimensions. Reported by Stephanie from Warehouse.,False,False
996,2024-03-09 18:19:10,2024-03-10 03:28:17.032280975,2024-03-12 13:08:12.966429143,P4,resolved,email,5,7,Operations,business-apps,Teams meeting room camera flickers after restart.,Teams meeting room camera flickers after restart. Reported by Antonio from Finance.,True,False
997,2024-03-09 21:51:44,2024-03-10 02:01:10.700128640,2024-03-10 20:11:23.112573407,P3,closed,email,6,4,Sales,peripherals,User cannot map shared drive from new laptop.,User cannot map shared drive from new laptop. Reported by Mitchell from Warehouse.,True,False
998,2024-03-10 01:20:31,2024-03-10 04:51:08.337809535,2024-03-11 08:42:57.984589423,P4,resolved,phone,7,4,IT,security,BitLocker recovery key prompt appears at boot.,BitLocker recovery key prompt appears at boot. Reported by Scott from Warehouse.,False,False
999,2024-03-10 01:53:34,2024-03-10 04:22:42.994814742,2024-03-10 20:32:17.914463065,P3,resolved,portal,6,1,Operations,peripherals,Cannot sign in to Okta after password reset.,Cannot sign in to Okta after password reset. Reported by Stephanie from Operations.,False,False
1000,2024-03-10 02:49:24,2024-03-10 22:00:41.407006760,2024-03-11 05:02:07.778168409,P4,resolved,chat,8,6,Sales,voice,Warehouse scanner will not sync picks to WMS.,Warehouse scanner will not sync picks to WMS. Reported by Melissa from Finance.,False,False
